Factor,estimate,.y.,group1,group2,n1,n2,statistic,p,conf.low,conf.high,method,alternative,p.adj,Mean1,Mean2,Mean.diff.log,comparisons,lab.p.adj,lab.p,label,Sites
Adlercreutzia_equolifaciens,-0.0311567747782531,Value,BL,T04,20,20,100,0.869,-0.368900541321357,0.245253384964817,Wilcoxon,two.sided,0.99807,-2.82328664718916,-2.74138703096571,0.0787183999867167,BL/T04,ns,ns,ns/ns,VA
Agathobaculum_butyriciproducens,-0.0597381542468267,Value,BL,T04,20,20,91,0.622,-0.410957911450189,0.20613519386297,Wilcoxon,two.sided,0.99807,-2.71487363204226,-2.6113046976006,0.0985494136730753,BL/T04,ns,ns,ns/ns,VA
Akkermansia_muciniphila,-0.199102884432472,Value,BL,T04,20,20,74,0.261,-0.463873587092929,0.115694437781207,Wilcoxon,two.sided,0.99807,-2.7046942741803,-2.56605541137907,0.129833569045484,BL/T04,ns,ns,ns/ns,VA
Alistipes_communis,-0.0746752892570094,Value,BL,T04,20,20,84,0.452,-0.240009310836274,0.24681871148228,Wilcoxon,two.sided,0.99807,-2.75277998774297,-2.74673551956124,0.00602627366457244,BL/T04,ns,ns,ns/ns,VA
Alistipes_finegoldii,0.0412615668291331,Value,BL,T04,20,20,112,0.812,-0.283402854435961,0.402925600034611,Wilcoxon,two.sided,0.99807,-2.6940666688156,-2.77493790222992,-0.0777674135363577,BL/T04,ns,ns,ns/ns,VA
Alistipes_ihumii,0.199281966114776,Value,BL,T04,20,20,151,0.0897,-0.0610512593119021,0.415881653595481,Wilcoxon,two.sided,0.99807,-2.70112467137204,-2.86875087329073,-0.154972800580811,BL/T04,ns,ns,ns/ns,VA
Alistipes_indistinctus,-0.117910439481234,Value,BL,T04,20,20,85,0.475,-0.435470548729495,0.159406764646758,Wilcoxon,two.sided,0.99807,-2.90922984448828,-2.77424900185756,0.126615772051457,BL/T04,ns,ns,ns/ns,VA
Alistipes_onderdonkii,-0.056285727568948,Value,BL,T04,20,20,96,0.756,-0.500383412572504,0.247646806533948,Wilcoxon,two.sided,0.99807,-2.77033955969151,-2.62382048275476,0.136730462459333,BL/T04,ns,ns,ns/ns,VA
Alistipes_putredinis,-0.139292720596912,Value,BL,T04,20,20,80,0.368,-0.478558240322121,0.20365004864904,Wilcoxon,two.sided,0.99807,-2.66329253488132,-2.53884522337754,0.117291636276171,BL/T04,ns,ns,ns/ns,VA
Alistipes_senegalensis,0.181739737048095,Value,BL,T04,20,20,140,0.202,-0.165892027880056,0.547978622618646,Wilcoxon,two.sided,0.99807,-2.65735735162082,-2.91591658013816,-0.229967597272735,BL/T04,ns,ns,ns/ns,VA
Alistipes_shahii,0.168622759134732,Value,BL,T04,20,20,143,0.165,-0.102239506167884,0.475013535467501,Wilcoxon,two.sided,0.99807,-2.63356597903223,-2.83206922264052,-0.181073481278533,BL/T04,ns,ns,ns/ns,VA
Alistipes_sp_AF17_16,0.165939714277536,Value,BL,T04,20,20,125,0.475,-0.254362998662755,0.528948139481082,Wilcoxon,two.sided,0.99807,-2.75628772357324,-2.90199253591784,-0.136020004261767,BL/T04,ns,ns,ns/ns,VA
Anaerobutyricum_hallii,-0.263290153628568,Value,BL,T04,20,20,70,0.202,-0.470141842104369,0.0984147520839178,Wilcoxon,two.sided,0.99807,-2.87082475901494,-2.68950661410893,0.166630886971194,BL/T04,ns,ns,ns/ns,VA
Anaerobutyricum_soehngenii,-0.204470509614039,Value,BL,T04,20,20,63,0.123,-0.528740913524951,0.0587962815620515,Wilcoxon,two.sided,0.99807,-2.95130869899974,-2.68580248629667,0.235472210278287,BL/T04,ns,ns,ns/ns,VA
Anaerostipes_hadrus,-0.15123633714055,Value,BL,T04,20,20,74,0.261,-0.401933103900765,0.0943232886381156,Wilcoxon,two.sided,0.99807,-2.72569097317917,-2.57148465287321,0.143412939198954,BL/T04,ns,ns,ns/ns,VA
Anaerotignum_faecicola,0.0094205612611441,Value,BL,T04,20,20,110,0.869,-0.316310759301243,0.301718051040418,Wilcoxon,two.sided,0.99807,-2.73827725445002,-2.74355740668578,-0.00526626110866,BL/T04,ns,ns,ns/ns,VA
Anaerotignum_lactatifermentans,-0.167125897712851,Value,BL,T04,20,20,57,0.0759,-0.333100332501184,0.0312489030032534,Wilcoxon,two.sided,0.99807,-2.82203285935356,-2.67123089358906,0.140459060865937,BL/T04,ns,ns,ns/ns,VA
Anaerotruncus_colihominis,-0.187057159328102,Value,BL,T04,20,20,50,0.04,-0.387279713413285,-0.0285986643217999,Wilcoxon,two.sided,0.977426086956522,-2.91321027015605,-2.72916959708066,0.168932888131407,BL/T04,ns,*,*/ns,VA
Bacteroides_caccae,0.0653972076052062,Value,BL,T04,20,20,119,0.622,-0.307858205397544,0.320042183055031,Wilcoxon,two.sided,0.99807,-2.47587592817635,-2.4871803888983,-0.0112410427952764,BL/T04,ns,ns,ns/ns,VA
Bacteroides_cellulosilyticus,-0.158270465555895,Value,BL,T04,20,20,74,0.261,-0.540860311776151,0.101034989858785,Wilcoxon,two.sided,0.99807,-2.88289705096869,-2.59681586707169,0.251599752825207,BL/T04,ns,ns,ns/ns,VA
Bacteroides_clarus,-0.117689378377085,Value,BL,T04,20,20,78,0.33,-0.355601979151209,0.150035647136211,Wilcoxon,two.sided,0.99807,-2.76926320225059,-2.6772832299466,0.0879925367735706,BL/T04,ns,ns,ns/ns,VA
Bacteroides_congonensis,-0.135287816932644,Value,BL,T04,20,20,83,0.43,-0.51721489737114,0.234534322246163,Wilcoxon,two.sided,0.99807,-2.84713397520347,-2.72655174513875,0.113848398504776,BL/T04,ns,ns,ns/ns,VA
Bacteroides_eggerthii,0.0204623646493112,Value,BL,T04,20,20,112,0.812,-0.15546729201243,0.22998911827369,Wilcoxon,two.sided,0.99807,-2.60739450001634,-2.65334430775476,-0.0449253795377045,BL/T04,ns,ns,ns/ns,VA
Bacteroides_faecis,0.103680204093872,Value,BL,T04,20,20,121,0.571,-0.265243638258211,0.409273011465529,Wilcoxon,two.sided,0.99807,-2.72395537855792,-2.86503973348272,-0.131978998843782,BL/T04,ns,ns,ns/ns,VA
Bacteroides_finegoldii,0.0807141581553154,Value,BL,T04,20,20,143,0.165,-0.078664028637605,0.307068699926984,Wilcoxon,two.sided,0.99807,-2.509153849602,-2.60921308737999,-0.0953640308797752,BL/T04,ns,ns,ns/ns,VA
Bacteroides_fragilis,0.0342107098665934,Value,BL,T04,20,20,109,0.898,-0.28418331536031,0.25915999130884,Wilcoxon,two.sided,0.99807,-2.63039018248033,-2.62440783642739,0.00596452286843615,BL/T04,ns,ns,ns/ns,VA
Bacteroides_intestinalis,-0.0651344242054642,Value,BL,T04,20,20,86,0.498,-0.423674703735323,0.123002260418003,Wilcoxon,two.sided,0.99807,-2.72102763460919,-2.61575881556512,0.100088580536118,BL/T04,ns,ns,ns/ns,VA
Bacteroides_nordii,0.117090955654526,Value,BL,T04,20,20,133,0.312,-0.10456136191951,0.368445997736886,Wilcoxon,two.sided,0.99807,-2.67921833417922,-2.81215401475998,-0.124812211308899,BL/T04,ns,ns,ns/ns,VA
Bacteroides_ovatus,0.0582181108762971,Value,BL,T04,20,20,119,0.622,-0.261484944978706,0.413330777137033,Wilcoxon,two.sided,0.99807,-2.47532591608203,-2.5163513444766,-0.0402062162265003,BL/T04,ns,ns,ns/ns,VA
Bacteroides_salyersiae,0.0735538436205417,Value,BL,T04,20,20,119,0.622,-0.212562668593828,0.30662999923817,Wilcoxon,two.sided,0.99807,-2.68192186926374,-2.74058433310814,-0.0570062847886314,BL/T04,ns,ns,ns/ns,VA
Bacteroides_sp_AF16_49,-0.162362472809122,Value,BL,T04,20,20,76,0.294,-0.496688600325654,0.135501042119696,Wilcoxon,two.sided,0.99807,-2.97068819926295,-2.7783606780925,0.175907296984462,BL/T04,ns,ns,ns/ns,VA
Bacteroides_stercoris,-0.0931581122282102,Value,BL,T04,20,20,87,0.522,-0.47514378617959,0.152108231379913,Wilcoxon,two.sided,0.99807,-2.37506029008025,-2.18417184937073,0.174699617396165,BL/T04,ns,ns,ns/ns,VA
Bacteroides_thetaiotaomicron,-0.0490460093729598,Value,BL,T04,20,20,91,0.622,-0.234401822022349,0.159139994415261,Wilcoxon,two.sided,0.99807,-2.40699762749563,-2.36179293861479,0.0442127407629914,BL/T04,ns,ns,ns/ns,VA
Bacteroides_uniformis,-0.127410988493205,Value,BL,T04,20,20,58,0.0826,-0.235756225225362,0.0108522445787521,Wilcoxon,two.sided,0.99807,-2.11702840327742,-1.9619211984408,0.14419315770679,BL/T04,ns,ns,ns/ns,VA
Bacteroides_xylanisolvens,-0.132949745198577,Value,BL,T04,20,20,65,0.143,-0.386495185237789,0.0749471179900651,Wilcoxon,two.sided,0.99807,-2.57497058003538,-2.39634813133748,0.164346340158584,BL/T04,ns,ns,ns/ns,VA
Barnesiella_intestinihominis,-0.112615170976989,Value,BL,T04,20,20,71,0.216,-0.38211827761973,0.087664171554493,Wilcoxon,two.sided,0.99807,-2.66266547229733,-2.4248745683686,0.213328261716974,BL/T04,ns,ns,ns/ns,VA
Bifidobacterium_adolescentis,0.0319759561922055,Value,BL,T04,20,20,113,0.784,-0.215087373265805,0.293457199836729,Wilcoxon,two.sided,0.99807,-2.75688453312749,-2.79936424653224,-0.041602214937687,BL/T04,ns,ns,ns/ns,VA
Bifidobacterium_bifidum,0.0988842991991399,Value,BL,T04,20,20,123,0.522,-0.215300034785194,0.464631068012104,Wilcoxon,two.sided,0.99807,-2.67893621685221,-2.81136871649923,-0.124367973638037,BL/T04,ns,ns,ns/ns,VA
Bifidobacterium_longum,-0.077306812531782,Value,BL,T04,20,20,78,0.33,-0.294250244434293,0.11474568668265,Wilcoxon,two.sided,0.99807,-2.79666840689161,-2.71597936571292,0.0775988387913401,BL/T04,ns,ns,ns/ns,VA
Bifidobacterium_pseudocatenulatum,-0.0496570927431684,Value,BL,T04,20,20,97,0.784,-0.348378489753116,0.383513284346017,Wilcoxon,two.sided,0.99807,-2.68924661282555,-2.74770823493789,-0.0568165540742067,BL/T04,ns,ns,ns/ns,VA
Bilophila_wadsworthia,-0.201724169335587,Value,BL,T04,20,20,53,0.0532,-0.382164308914095,0.0120415212381288,Wilcoxon,two.sided,0.977426086956522,-2.67358806598924,-2.53444644195384,0.130275017416154,BL/T04,ns,ns,ns/ns,VA
Blautia_caecimuris,0.121522925439675,Value,BL,T04,20,20,133,0.312,-0.133349958212081,0.311181854438654,Wilcoxon,two.sided,0.99807,-2.67744324723142,-2.73208494397645,-0.0532010853044023,BL/T04,ns,ns,ns/ns,VA
Blautia_faecicola,0.290831463959077,Value,BL,T04,20,20,137,0.245,-0.24165294618183,0.724190814945295,Wilcoxon,two.sided,0.99807,-2.82557820660054,-3.01977831108361,-0.17747659262286,BL/T04,ns,ns,ns/ns,VA
Blautia_faecis,-0.092402408466288,Value,BL,T04,20,20,85,0.475,-0.360427921460378,0.175933911644495,Wilcoxon,two.sided,0.99807,-2.79480091929713,-2.70878301107338,0.0825177114529025,BL/T04,ns,ns,ns/ns,VA
Blautia_glucerasea,0.28454851524661,Value,BL,T04,20,20,154,0.0696,-0.0413523915285856,0.596585611901992,Wilcoxon,two.sided,0.977426086956522,-2.67859061845192,-2.94712841280746,-0.237864894138806,BL/T04,ns,ns,ns/ns,VA
Blautia_hansenii,-0.00902460690726137,Value,BL,T04,20,20,102,0.927,-0.27986819444521,0.279780291597007,Wilcoxon,two.sided,0.99807,-2.7233044462288,-2.7328720861507,-0.00952215991582045,BL/T04,ns,ns,ns/ns,VA
Blautia_luti,-0.0195071289027933,Value,BL,T04,20,20,97,0.784,-0.217109809017789,0.172851293824616,Wilcoxon,two.sided,0.99807,-2.73622688185622,-2.71164923377383,0.024280477022851,BL/T04,ns,ns,ns/ns,VA
Blautia_massiliensis,0.0882413941051748,Value,BL,T04,20,20,124,0.498,-0.203523839223475,0.289035905187025,Wilcoxon,two.sided,0.99807,-2.71759540016032,-2.75815994078575,-0.0397633934001609,BL/T04,ns,ns,ns/ns,VA
Blautia_obeum,0.0225180160463312,Value,BL,T04,20,20,115,0.729,-0.15652882209545,0.253176240433368,Wilcoxon,two.sided,0.99807,-2.75027091241634,-2.81055180959493,-0.058533870356673,BL/T04,ns,ns,ns/ns,VA
Blautia_sp_MSK_20_85,0.202915722264666,Value,BL,T04,20,20,136,0.261,-0.146151878310939,0.676864478028744,Wilcoxon,two.sided,0.99807,-2.73367298097357,-3.05932517972335,-0.281904563806498,BL/T04,ns,ns,ns/ns,VA
Blautia_stercoris,-0.0955533384786674,Value,BL,T04,20,20,84,0.452,-0.49290540002275,0.19816514791348,Wilcoxon,two.sided,0.99807,-2.93669354384729,-2.74941483195711,0.171663891679777,BL/T04,ns,ns,ns/ns,VA
Blautia_wexlerae,-0.00625071743813943,Value,BL,T04,20,20,102,0.927,-0.103178927188814,0.0976751542392431,Wilcoxon,two.sided,0.99807,-2.45582093536778,-2.39674628649194,0.0573955541027157,BL/T04,ns,ns,ns/ns,VA
Butyricicoccus_sp_AM29_23AC,-0.171052285515888,Value,BL,T04,20,20,76,0.294,-0.395802263289716,0.145193337589788,Wilcoxon,two.sided,0.99807,-2.80232914666238,-2.66550786028453,0.128236022447622,BL/T04,ns,ns,ns/ns,VA
Butyricimonas_faecihominis,0.230641000431369,Value,BL,T04,20,20,142,0.177,-0.160675726186788,0.531354064811906,Wilcoxon,two.sided,0.99807,-2.6379297903096,-2.84793964842255,-0.190628506776246,BL/T04,ns,ns,ns/ns,VA
Butyricimonas_paravirosa,0.0270116841809286,Value,BL,T04,20,20,109,0.898,-0.283472035221961,0.285096022861865,Wilcoxon,two.sided,0.99807,-2.66050223036471,-2.66177574035112,-0.00127269976038056,BL/T04,ns,ns,ns/ns,VA
Butyricimonas_SGB15260,0.136876654164617,Value,BL,T04,20,20,132,0.33,-0.150917643880385,0.427333622284025,Wilcoxon,two.sided,0.99807,-2.66731733022283,-2.81391855828528,-0.136802112538543,BL/T04,ns,ns,ns/ns,VA
Butyricimonas_sp_Marseille_P3923,-0.0299263384012727,Value,BL,T04,20,20,101,0.898,-0.345678692828628,0.379464811837303,Wilcoxon,two.sided,0.99807,-2.92530702927369,-2.92263756838477,0.00266590420640863,BL/T04,ns,ns,ns/ns,VA
Butyricimonas_virosa,0.00148128746926945,Value,BL,T04,20,20,106,0.985,-0.281944346593986,0.267915447784062,Wilcoxon,two.sided,1,-2.74171342076836,-2.7822943561879,-0.0397791489485418,BL/T04,ns,ns,ns/ns,VA
Candidatus_Cibionibacter_quicibialis,-0.150609203096106,Value,BL,T04,20,20,76,0.294,-0.443527927069763,0.130674839478116,Wilcoxon,two.sided,0.99807,-2.68164765922082,-2.5455176483722,0.127627759920062,BL/T04,ns,ns,ns/ns,VA
Catenibacterium_SGB4425,-0.303461737729315,Value,BL,T04,20,20,47,0.0296,-0.554975425057487,-0.0184341427446122,Wilcoxon,two.sided,0.977426086956522,-2.79271691731802,-2.50637411961202,0.251803151496485,BL/T04,ns,*,*/ns,VA
Clostridiaceae_bacterium,-0.00318074339172525,Value,BL,T04,20,20,104,0.985,-0.181926367708925,0.144527611514633,Wilcoxon,two.sided,1,-2.54909947356741,-2.51707746384071,0.0315199940864999,BL/T04,ns,ns,ns/ns,VA
Clostridiaceae_bacterium_AF18_31LB,-0.0550225518049522,Value,BL,T04,20,20,82,0.409,-0.204926298200126,0.180536519212885,Wilcoxon,two.sided,0.99807,-2.71043502815053,-2.69360504405183,0.016689929147058,BL/T04,ns,ns,ns/ns,VA
Clostridiaceae_bacterium_Marseille_Q3526,-0.000805556216769032,Value,BL,T04,20,20,105,1,-0.294969901764223,0.246200053860645,Wilcoxon,two.sided,1,-2.68063379415174,-2.67375158588278,0.00685863397396635,BL/T04,ns,ns,ns/ns,VA
Clostridiaceae_bacterium_Marseille_Q4143,-0.181954740515652,Value,BL,T04,20,20,59,0.0897,-0.430381697105968,0.0357382275530276,Wilcoxon,two.sided,0.99807,-2.87866575573066,-2.63714402063436,0.216337832938334,BL/T04,ns,ns,ns/ns,VA
Clostridiaceae_bacterium_Marseille_Q4145,0.197494048693587,Value,BL,T04,20,20,141,0.189,-0.0849759081804755,0.468991439376532,Wilcoxon,two.sided,0.99807,-2.68292801208829,-2.85142978112659,-0.155722388935119,BL/T04,ns,ns,ns/ns,VA
Clostridiaceae_bacterium_Marseille_Q4149,0.0746916611978146,Value,BL,T04,20,20,123,0.522,-0.147447104326073,0.277832306268987,Wilcoxon,two.sided,0.99807,-2.72351757147954,-2.82103625565909,-0.0930518901316619,BL/T04,ns,ns,ns/ns,VA
Clostridiaceae_unclassified_SGB4771,0.228273426763704,Value,BL,T04,20,20,162,0.0328,0.0164440984307137,0.488098107779952,Wilcoxon,two.sided,0.977426086956522,-2.67316359095585,-2.92629161616388,-0.225642845640979,BL/T04,ns,*,*/ns,VA
Clostridiales_bacterium,0.126288040366399,Value,BL,T04,20,20,131,0.349,-0.160485036125576,0.355131404265177,Wilcoxon,two.sided,0.99807,-2.68829574510859,-2.74647463809828,-0.0565494051442766,BL/T04,ns,ns,ns/ns,VA
Clostridiales_bacterium_Choco116,-0.0326288848313168,Value,BL,T04,20,20,96,0.756,-0.270988688282085,0.261208716351736,Wilcoxon,two.sided,0.99807,-2.72348706572784,-2.73509579748543,-0.0115418674070953,BL/T04,ns,ns,ns/ns,VA
Clostridiales_bacterium_KLE1615,0.0644213649357049,Value,BL,T04,20,20,122,0.546,-0.151261082885568,0.225364812127912,Wilcoxon,two.sided,0.99807,-2.62415838981307,-2.64140795313807,-0.0171024786294771,BL/T04,ns,ns,ns/ns,VA
Clostridium_butyricum,-0.209742446374558,Value,BL,T04,20,20,72,0.231,-0.517366198508548,0.159642374564303,Wilcoxon,two.sided,0.99807,-3.00060628696823,-2.81151368378136,0.173190497928107,BL/T04,ns,ns,ns/ns,VA
Clostridium_fessum,0.0902159504547992,Value,BL,T04,20,20,145,0.143,-0.0196758134355222,0.241724868910434,Wilcoxon,two.sided,0.99807,-2.56932284239099,-2.6638143283061,-0.0902898589784885,BL/T04,ns,ns,ns/ns,VA
Clostridium_leptum,-0.0263796033281242,Value,BL,T04,20,20,97,0.784,-0.332116012317885,0.208487533467406,Wilcoxon,two.sided,0.99807,-2.77166321067507,-2.69655997896103,0.072416686470515,BL/T04,ns,ns,ns/ns,VA
Clostridium_SGB4750,0.0483753615619787,Value,BL,T04,20,20,118,0.648,-0.256247346155534,0.329016828253229,Wilcoxon,two.sided,0.99807,-2.76072993091596,-2.823044691494,-0.0604502636315569,BL/T04,ns,ns,ns/ns,VA
Clostridium_SGB4751,-0.0372109767455157,Value,BL,T04,20,20,101,0.898,-0.420811003478129,0.267365001706044,Wilcoxon,two.sided,0.99807,-2.92652250031324,-2.85046856616289,0.0733005851584349,BL/T04,ns,ns,ns/ns,VA
Clostridium_SGB6179,-0.289643217269008,Value,BL,T04,20,20,46,0.0266,-0.565368187688621,-0.0269678871834178,Wilcoxon,two.sided,0.977426086956522,-2.93927488542944,-2.62396945681065,0.274068903769715,BL/T04,ns,*,*/ns,VA
Clostridium_sp_1001270H_150608_G6,-0.00699204149444776,Value,BL,T04,20,20,102,0.927,-0.284251879282172,0.241510715842845,Wilcoxon,two.sided,0.99807,-2.61334860815731,-2.58819304725447,0.0248443678094377,BL/T04,ns,ns,ns/ns,VA
Clostridium_sp_AF12_28,0.0379420458849573,Value,BL,T04,20,20,112,0.812,-0.216557928003474,0.301226620945175,Wilcoxon,two.sided,0.99807,-2.75324719166711,-2.7986324141986,-0.0443854514893764,BL/T04,ns,ns,ns/ns,VA
Clostridium_sp_AF20_17LB,-0.108122889147985,Value,BL,T04,20,20,84,0.452,-0.376742079715527,0.164001925552476,Wilcoxon,two.sided,0.99807,-2.87877707462063,-2.72107601520785,0.146436193330432,BL/T04,ns,ns,ns/ns,VA
Clostridium_sp_AF27_2AA,-0.414037873228333,Value,BL,T04,20,20,26,0.00199,-0.767135660920575,-0.160800400164724,Wilcoxon,two.sided,0.536826,-2.9965877823145,-2.52276527290252,0.387859372277947,BL/T04,ns,**,**/ns,VA
Clostridium_sp_AF34_10BH,-0.147192413878634,Value,BL,T04,20,20,56,0.0696,-0.419549310093142,0.0204737188130681,Wilcoxon,two.sided,0.977426086956522,-2.62571224492513,-2.39600117823893,0.206779236656625,BL/T04,ns,ns,ns/ns,VA
Clostridium_sp_AF34_13,-0.03816826487,Value,BL,T04,20,20,89,0.571,-0.247561504567345,0.224818883735342,Wilcoxon,two.sided,0.99807,-2.72713386789656,-2.72620378042263,0.000929655210585997,BL/T04,ns,ns,ns/ns,VA
Clostridium_sp_AF36_4,-0.109607656499149,Value,BL,T04,20,20,76,0.294,-0.427964840643438,0.0964898302854653,Wilcoxon,two.sided,0.99807,-2.90562607766378,-2.68929886029355,0.195835840576981,BL/T04,ns,ns,ns/ns,VA
Clostridium_sp_AM22_11AC,-0.0478476440249818,Value,BL,T04,20,20,96,0.756,-0.347400628908765,0.238135842491605,Wilcoxon,two.sided,0.99807,-2.76885877009636,-2.67750105006541,0.0874225358139542,BL/T04,ns,ns,ns/ns,VA
Clostridium_sp_AM33_3,-0.00995794328377997,Value,BL,T04,20,20,104,0.985,-0.346618880843922,0.388710711145616,Wilcoxon,two.sided,1,-2.87571215376965,-2.92169282647581,-0.0449548881356587,BL/T04,ns,ns,ns/ns,VA
Clostridium_sp_AM42_4,0.165961575757641,Value,BL,T04,20,20,149,0.105,-0.0750479826937587,0.338801574407038,Wilcoxon,two.sided,0.99807,-2.74798562902854,-2.91006334821627,-0.150209540175639,BL/T04,ns,ns,ns/ns,VA
Clostridium_sp_AM49_4BH,0.0604820627440184,Value,BL,T04,20,20,115,0.729,-0.358866064067275,0.385063761654122,Wilcoxon,two.sided,0.99807,-2.82425261520417,-2.79991654110409,0.0240446701357001,BL/T04,ns,ns,ns/ns,VA
Clostridium_sp_AT4,0.38623379844131,Value,BL,T04,20,20,170,0.0136,0.0885309276053683,0.76226562305698,Wilcoxon,two.sided,0.732133333333333,-2.53844301991668,-2.97937569258069,-0.365290593277693,BL/T04,ns,*,*/ns,VA
Clostridium_symbiosum,0.158461313267456,Value,BL,T04,20,20,129,0.388,-0.240706149260664,0.410503957001435,Wilcoxon,two.sided,0.99807,-2.79042156913024,-2.86755205040886,-0.0743005433694045,BL/T04,ns,ns,ns/ns,VA
Collinsella_aerofaciens,0.0255964839779795,Value,BL,T04,20,20,111,0.841,-0.230615925120526,0.236916265784457,Wilcoxon,two.sided,0.99807,-2.68453087590107,-2.69256048988838,-0.0079975481732924,BL/T04,ns,ns,ns/ns,VA
Collinsella_SGB14861,-0.0868581909603163,Value,BL,T04,20,20,90,0.596,-0.351228719529877,0.305017599750236,Wilcoxon,two.sided,0.99807,-2.78726063479307,-2.79061786863977,-0.00335161091862128,BL/T04,ns,ns,ns/ns,VA
Collinsella_SGB4121,0.113964977494239,Value,BL,T04,20,20,133,0.312,-0.0899350597296251,0.358718281065231,Wilcoxon,two.sided,0.99807,-2.66333168320454,-2.82241117269011,-0.147626146549001,BL/T04,ns,ns,ns/ns,VA
Coprobacillus_cateniformis,0.0385521027560023,Value,BL,T04,20,20,116,0.701,-0.163705578519326,0.236133077256251,Wilcoxon,two.sided,0.99807,-2.81823793669222,-2.86235541978967,-0.043172014831775,BL/T04,ns,ns,ns/ns,VA
Coprobacter_fastidiosus,-0.149357717857566,Value,BL,T04,20,20,80,0.368,-0.457551333613659,0.217996098174273,Wilcoxon,two.sided,0.99807,-2.91747091916389,-2.80156686608027,0.109664886323733,BL/T04,ns,ns,ns/ns,VA
Coprobacter_secundus,-0.071516485580982,Value,BL,T04,20,20,87,0.522,-0.27201286406523,0.13659188763832,Wilcoxon,two.sided,0.99807,-2.67920873118315,-2.63287946321469,0.0452881038402153,BL/T04,ns,ns,ns/ns,VA
Coprococcus_catus,0.209233846799462,Value,BL,T04,20,20,136,0.261,-0.119151341459701,0.47717775751834,Wilcoxon,two.sided,0.99807,-2.64296749547213,-2.88095729264296,-0.213488932847859,BL/T04,ns,ns,ns/ns,VA
Coprococcus_comes,0.100898075306841,Value,BL,T04,20,20,125,0.475,-0.199513008534844,0.398652157895003,Wilcoxon,two.sided,0.99807,-2.75989293289967,-2.8282946944023,-0.0661638509818381,BL/T04,ns,ns,ns/ns,VA
Coprococcus_eutactus,0.0656853929643419,Value,BL,T04,20,20,113,0.784,-0.250694652116985,0.337939461518427,Wilcoxon,two.sided,0.99807,-2.61306175167654,-2.68184164895682,-0.066517714940986,BL/T04,ns,ns,ns/ns,VA
Coprococcus_SGB4669,0.255652707467428,Value,BL,T04,20,20,154,0.0696,-0.0172739891223763,0.518022638426774,Wilcoxon,two.sided,0.977426086956522,-2.63348351668705,-2.89959286854416,-0.235948695866299,BL/T04,ns,ns,ns/ns,VA
Desulfovibrio_piger,-0.000715612050423808,Value,BL,T04,20,20,104,0.985,-0.162716457815354,0.177302556055791,Wilcoxon,two.sided,1,-2.81785135373838,-2.80933147735793,0.00848378707310064,BL/T04,ns,ns,ns/ns,VA
Desulfovibrio_SGB5076,0.0499513157344214,Value,BL,T04,20,20,115,0.729,-0.28177651992703,0.473908882972513,Wilcoxon,two.sided,0.99807,-2.8426946459852,-2.9464942665831,-0.0987584282996105,BL/T04,ns,ns,ns/ns,VA
Desulfovibrio_SGB5077,0.0939768355040991,Value,BL,T04,20,20,130,0.368,-0.113813665715445,0.320364256027659,Wilcoxon,two.sided,0.99807,-2.62727610502064,-2.76349303123578,-0.127704258244446,BL/T04,ns,ns,ns/ns,VA
Dialister_hominis,0.0666305416964311,Value,BL,T04,20,20,118,0.648,-0.18722012907737,0.309529507302553,Wilcoxon,two.sided,0.99807,-2.68995458623203,-2.72615147329978,-0.0355571712131303,BL/T04,ns,ns,ns/ns,VA
Dialister_invisus,-0.0484856652164077,Value,BL,T04,20,20,91,0.622,-0.377574266143619,0.353524455338787,Wilcoxon,two.sided,0.99807,-2.7892725061179,-2.8010420764544,-0.0117008476423605,BL/T04,ns,ns,ns/ns,VA
Dorea_formicigenerans,-0.168667748051251,Value,BL,T04,20,20,75,0.277,-0.531246210828555,0.146907193628459,Wilcoxon,two.sided,0.99807,-2.92881766872601,-2.71730199208317,0.191872201052744,BL/T04,ns,ns,ns/ns,VA
Dorea_longicatena,0.156643369863264,Value,BL,T04,20,20,144,0.154,-0.0519265675988554,0.39467453943477,Wilcoxon,two.sided,0.99807,-2.59345083070476,-2.80935384130305,-0.195487019341752,BL/T04,ns,ns,ns/ns,VA
Dorea_sp_AF36_15AT,0.0790784945426367,Value,BL,T04,20,20,120,0.596,-0.17654823649661,0.317975203685003,Wilcoxon,two.sided,0.99807,-2.71952204884538,-2.73018810174382,-0.0106095718213645,BL/T04,ns,ns,ns/ns,VA
Dysosmobacter_sp_BX15,0.107234040581621,Value,BL,T04,20,20,123,0.522,-0.210253604143402,0.307906960521525,Wilcoxon,two.sided,0.99807,-2.65280377657629,-2.72022646514223,-0.0652470406089284,BL/T04,ns,ns,ns/ns,VA
Dysosmobacter_sp_NSJ_60,-0.0791088114018089,Value,BL,T04,20,20,87,0.522,-0.250732298720447,0.153765291334828,Wilcoxon,two.sided,0.99807,-2.80268048488088,-2.7788038344808,0.0235960607679308,BL/T04,ns,ns,ns/ns,VA
Dysosmobacter_welbionis,-0.0238348694563073,Value,BL,T04,20,20,99,0.841,-0.228192650561124,0.178092535603991,Wilcoxon,two.sided,0.99807,-2.62871979754855,-2.60327615764473,0.0251253383694205,BL/T04,ns,ns,ns/ns,VA
Eggerthella_lenta,-0.0242989236286735,Value,BL,T04,20,20,99,0.841,-0.372853089776353,0.271463078264958,Wilcoxon,two.sided,0.99807,-2.90986640302725,-2.8307193070849,0.0761710031589859,BL/T04,ns,ns,ns/ns,VA
Eisenbergiella_massiliensis,-0.105815076899262,Value,BL,T04,20,20,92,0.648,-0.474641987788612,0.340610505373266,Wilcoxon,two.sided,0.99807,-2.88705301481577,-2.84639243504796,0.0398556843700462,BL/T04,ns,ns,ns/ns,VA
Eisenbergiella_tayi,0.142561422528486,Value,BL,T04,20,20,129,0.388,-0.142462230260456,0.521652851984641,Wilcoxon,two.sided,0.99807,-2.85448648061713,-3.05246627324424,-0.180636631960936,BL/T04,ns,ns,ns/ns,VA
Enterobacter_hormaechei,0.165164460425023,Value,BL,T04,20,20,154,0.0696,-0.0361338653167518,0.346709447865782,Wilcoxon,two.sided,0.977426086956522,-2.61472204082715,-2.83487769428783,-0.198978435410752,BL/T04,ns,ns,ns/ns,VA
Enterobacter_kobei,0.136743525843675,Value,BL,T04,20,20,133,0.312,-0.106032864013574,0.428503726833618,Wilcoxon,two.sided,0.99807,-2.71634596631994,-2.88576349304932,-0.156505784443744,BL/T04,ns,ns,ns/ns,VA
Enterocloster_aldenensis,0.0216773790983816,Value,BL,T04,20,20,110,0.869,-0.224208824934814,0.239770029813957,Wilcoxon,two.sided,0.99807,-2.76428526695795,-2.7541674002154,0.0100670237893872,BL/T04,ns,ns,ns/ns,VA
Enterocloster_asparagiformis,-0.109181131396071,Value,BL,T04,20,20,87,0.522,-0.413820506643296,0.138046651733686,Wilcoxon,two.sided,0.99807,-2.78387900909855,-2.62474488811897,0.147673278956277,BL/T04,ns,ns,ns/ns,VA
Enterocloster_bolteae,0.0542926112072799,Value,BL,T04,20,20,117,0.674,-0.167598131758477,0.256343708351501,Wilcoxon,two.sided,0.99807,-2.63254846616328,-2.67753596168004,-0.0440049193325099,BL/T04,ns,ns,ns/ns,VA
Enterocloster_citroniae,-0.00715964406044145,Value,BL,T04,20,20,104,0.985,-0.286830288178972,0.229987380829717,Wilcoxon,two.sided,1,-2.69768151598943,-2.67782043594432,0.0196664219864594,BL/T04,ns,ns,ns/ns,VA
Enterocloster_clostridioformis,-0.0711652932004504,Value,BL,T04,20,20,93,0.674,-0.408900862621158,0.236835617638862,Wilcoxon,two.sided,0.99807,-2.75562642133899,-2.68028712952233,0.0726362320765901,BL/T04,ns,ns,ns/ns,VA
Enterocloster_lavalensis,0.066600471946429,Value,BL,T04,20,20,122,0.546,-0.2366696874344,0.356608134665606,Wilcoxon,two.sided,0.99807,-2.6981881931124,-2.74032246742666,-0.0412707971349899,BL/T04,ns,ns,ns/ns,VA
Enterocloster_SGB14313,-0.0122770655085227,Value,BL,T04,20,20,103,0.956,-0.317105629361911,0.499662256431918,Wilcoxon,two.sided,1,-2.75097604971978,-2.89807541165373,-0.137236462062181,BL/T04,ns,ns,ns/ns,VA
Erysipelatoclostridium_ramosum,-0.203784398377072,Value,BL,T04,20,20,66,0.154,-0.484658942086597,0.0828365749371713,Wilcoxon,two.sided,0.99807,-2.72878519071151,-2.54144247404904,0.171717799028161,BL/T04,ns,ns,ns/ns,VA
Escherichia_coli,0.231498870581615,Value,BL,T04,20,20,155,0.0637,-0.0122463360821772,0.439789327111634,Wilcoxon,two.sided,0.977426086956522,-2.44707893288127,-2.66876091490158,-0.200228583034203,BL/T04,ns,ns,ns/ns,VA
Eubacteriaceae_bacterium,-0.180199083027452,Value,BL,T04,20,20,73,0.245,-0.392628276382102,0.09114403691807,Wilcoxon,two.sided,0.99807,-2.80293970732994,-2.66722251162687,0.12726434186192,BL/T04,ns,ns,ns/ns,VA
Eubacteriales_unclassified_SGB15145,-0.0566087773831034,Value,BL,T04,20,20,93,0.674,-0.312929901310822,0.220723539917022,Wilcoxon,two.sided,0.99807,-2.74288238454122,-2.69449906730221,0.0472492797489512,BL/T04,ns,ns,ns/ns,VA
Eubacterium_ramulus,0.0071247481756711,Value,BL,T04,20,20,107,0.956,-0.278020963814611,0.319273230305266,Wilcoxon,two.sided,1,-2.87049877973462,-2.92005599344809,-0.0483683740031977,BL/T04,ns,ns,ns/ns,VA
Eubacterium_rectale,-0.058727162075991,Value,BL,T04,20,20,86,0.498,-0.178035216828113,0.172216250391799,Wilcoxon,two.sided,0.99807,-2.44424043110569,-2.43936687308693,0.00486172067927125,BL/T04,ns,ns,ns/ns,VA
Eubacterium_SGB6276,-0.0538698565947472,Value,BL,T04,20,20,100,0.869,-0.243041690028711,0.187557220643023,Wilcoxon,two.sided,0.99807,-2.61669341780582,-2.58987396478786,0.0264661151197346,BL/T04,ns,ns,ns/ns,VA
Eubacterium_siraeum,0.00579467642227993,Value,BL,T04,20,20,106,0.985,-0.350233959007099,0.481687729320526,Wilcoxon,two.sided,1,-2.81567628222508,-2.93191575896804,-0.109965425834204,BL/T04,ns,ns,ns/ns,VA
Eubacterium_sp_AF16_48,-0.0914101013389815,Value,BL,T04,20,20,79,0.349,-0.314263987138121,0.152198938188618,Wilcoxon,two.sided,0.99807,-2.91071561864352,-2.85787250221248,0.0514942348071619,BL/T04,ns,ns,ns/ns,VA
Eubacterium_sp_AF34_35BH,0.135124890892773,Value,BL,T04,20,20,131,0.349,-0.226639143388039,0.501486543748605,Wilcoxon,two.sided,0.99807,-2.76353098830455,-2.92136302994463,-0.146549326869644,BL/T04,ns,ns,ns/ns,VA
Eubacterium_ventriosum,-0.230206236444806,Value,BL,T04,20,20,55,0.0637,-0.468404831866498,0.0295084943056483,Wilcoxon,two.sided,0.977426086956522,-2.82773117728586,-2.60792650213654,0.198690743590795,BL/T04,ns,ns,ns/ns,VA
Evtepia_gabavorous,-0.110123448534318,Value,BL,T04,20,20,93,0.674,-0.499759085624657,0.219759282725816,Wilcoxon,two.sided,0.99807,-2.82221308762936,-2.65661590547847,0.153233558386406,BL/T04,ns,ns,ns/ns,VA
Faecalibacillus_faecis,0.0608931554977622,Value,BL,T04,20,20,115,0.729,-0.207782658468197,0.611828228187882,Wilcoxon,two.sided,0.99807,-2.80049366435978,-2.98949532446884,-0.173114013930591,BL/T04,ns,ns,ns/ns,VA
Faecalibacillus_intestinalis,-0.131432191250045,Value,BL,T04,20,20,80,0.368,-0.404314666612553,0.19432297839673,Wilcoxon,two.sided,0.99807,-2.85637490767288,-2.78536524885828,0.0686018099259656,BL/T04,ns,ns,ns/ns,VA
Faecalibacterium_prausnitzii,-0.0202742748820398,Value,BL,T04,20,20,98,0.812,-0.173117981028487,0.161573869005868,Wilcoxon,two.sided,0.99807,-1.95210350772451,-1.91214676784491,0.0391791160185142,BL/T04,ns,ns,ns/ns,VA
Faecalibacterium_SGB15315,-0.178019287965663,Value,BL,T04,20,20,76,0.294,-0.610331668156951,0.228848182817159,Wilcoxon,two.sided,0.99807,-3.00356350724018,-2.83218641151713,0.158180061573946,BL/T04,ns,ns,ns/ns,VA
Faecalibacterium_SGB15346,0.0219928043487844,Value,BL,T04,20,20,112,0.812,-0.218671413269174,0.20046598349891,Wilcoxon,two.sided,0.99807,-2.49137689635264,-2.46524738501772,0.0257939681535806,BL/T04,ns,ns,ns/ns,VA
Faecalicatena_fissicatena,0.0578751635335707,Value,BL,T04,20,20,117,0.674,-0.137325668820844,0.253827453064757,Wilcoxon,two.sided,0.99807,-2.65110234516845,-2.70125058530509,-0.0489313352868292,BL/T04,ns,ns,ns/ns,VA
Faecalimonas_umbilicata,-0.0811197507964583,Value,BL,T04,20,20,89,0.571,-0.434545766980192,0.260488294659049,Wilcoxon,two.sided,0.99807,-2.89207272318359,-2.79259851448454,0.0948320734379242,BL/T04,ns,ns,ns/ns,VA
Firmicutes_bacterium_AF16_15,0.202871636578809,Value,BL,T04,20,20,156,0.0583,-0.0162117084341675,0.43280550771821,Wilcoxon,two.sided,0.977426086956522,-2.60083962361355,-2.78577726508246,-0.169690149969456,BL/T04,ns,ns,ns/ns,VA
Flavonifractor_plautii,-0.126226267508292,Value,BL,T04,20,20,54,0.0583,-0.252451265375071,0.00785518377759464,Wilcoxon,two.sided,0.977426086956522,-2.63806747198051,-2.51837182373591,0.113056905739533,BL/T04,ns,ns,ns/ns,VA
Fusicatenibacter_saccharivorans,0.0393672134401387,Value,BL,T04,20,20,114,0.756,-0.239023597345275,0.326186161478814,Wilcoxon,two.sided,0.99807,-2.62371914881757,-2.64505340841136,-0.0211098701228024,BL/T04,ns,ns,ns/ns,VA
Fusobacterium_mortiferum,-0.0258860674202678,Value,BL,T04,20,20,97,0.784,-0.345266574864815,0.271277877187691,Wilcoxon,two.sided,0.99807,-2.83859405712366,-2.78252804698973,0.0545506929269464,BL/T04,ns,ns,ns/ns,VA
Fusobacterium_ulcerans,0.0564659837264428,Value,BL,T04,20,20,122,0.546,-0.261238595507871,0.347224410347311,Wilcoxon,two.sided,0.99807,-2.85821670061028,-2.79185109726271,0.0642562344367719,BL/T04,ns,ns,ns/ns,VA
Fusobacterium_varium,0.0793823450538251,Value,BL,T04,20,20,119,0.622,-0.288541290593449,0.489576469817602,Wilcoxon,two.sided,0.99807,-2.96473630894274,-3.06536749049399,-0.0958838166534786,BL/T04,ns,ns,ns/ns,VA
Gemmiger_formicilis,-0.000142237676474588,Value,BL,T04,20,20,105,1,-0.289000679678294,0.269667375060837,Wilcoxon,two.sided,1,-2.67215107101869,-2.74580042798819,-0.0710634595107855,BL/T04,ns,ns,ns/ns,VA
Gemmiger_SGB15295,0.0755804211269644,Value,BL,T04,20,20,121,0.571,-0.20676209496499,0.312260208372214,Wilcoxon,two.sided,0.99807,-2.80729177626798,-2.78910423930588,0.0180241221461128,BL/T04,ns,ns,ns/ns,VA
GGB13493_SGB15238,0.153703496012965,Value,BL,T04,20,20,134,0.294,-0.111818895474745,0.441822659648721,Wilcoxon,two.sided,0.99807,-2.78021451240337,-2.93247048113219,-0.141721732669136,BL/T04,ns,ns,ns/ns,VA
GGB1495_SGB2071,-0.139070826115299,Value,BL,T04,20,20,77,0.312,-0.479242355787638,0.16829417370678,Wilcoxon,two.sided,0.99807,-2.8799257213154,-2.69870924189484,0.166544822213066,BL/T04,ns,ns,ns/ns,VA
GGB16040_SGB9347,-0.0862455674910829,Value,BL,T04,20,20,84,0.452,-0.322233788338809,0.128233000770112,Wilcoxon,two.sided,0.99807,-2.81427724142895,-2.71587962999248,0.0938524008848425,BL/T04,ns,ns,ns/ns,VA
GGB1663_SGB2279,0.0779701480017867,Value,BL,T04,20,20,130,0.368,-0.127897902727225,0.336999034456969,Wilcoxon,two.sided,0.99807,-2.72093825555811,-2.83448639947366,-0.107551443345995,BL/T04,ns,ns,ns/ns,VA
GGB2998_SGB3988,-0.0405594830999514,Value,BL,T04,20,20,100,0.869,-0.397285866910432,0.512953688621944,Wilcoxon,two.sided,0.99807,-2.74387488280292,-2.82194213910372,-0.0751698604300576,BL/T04,ns,ns,ns/ns,VA
GGB3175_SGB4191,-0.121941073780727,Value,BL,T04,20,20,88,0.546,-0.582224513328119,0.364792986806249,Wilcoxon,two.sided,0.99807,-2.98325256810172,-2.88390440030679,0.0947174294306515,BL/T04,ns,ns,ns/ns,VA
GGB3256_SGB4303,0.13624975360985,Value,BL,T04,20,20,125,0.475,-0.194732398523516,0.456228724410031,Wilcoxon,two.sided,0.99807,-2.70381962750409,-2.85198589939307,-0.138166123549864,BL/T04,ns,ns,ns/ns,VA
GGB3277_SGB4327,0.0709700212732797,Value,BL,T04,20,20,121,0.571,-0.128135301898373,0.259012280626628,Wilcoxon,two.sided,0.99807,-2.65461932974388,-2.718738455863,-0.0621473452905974,BL/T04,ns,ns,ns/ns,VA
GGB3278_SGB4328,-0.0438089130883796,Value,BL,T04,20,20,100,0.869,-0.401272477998269,0.28275574487383,Wilcoxon,two.sided,0.99807,-2.84664143213732,-2.78702938038161,0.0579028522239845,BL/T04,ns,ns,ns/ns,VA
GGB3304_SGB4367,0.0547551581984865,Value,BL,T04,20,20,113,0.784,-0.260030146134136,0.384827412366687,Wilcoxon,two.sided,0.99807,-2.68985169185005,-2.75914379903329,-0.0669968474600886,BL/T04,ns,ns,ns/ns,VA
GGB3321_SGB4394,0.0159406448799388,Value,BL,T04,20,20,106,0.985,-0.385360953721752,0.335970601153424,Wilcoxon,two.sided,1,-2.83685497172893,-2.79494408744045,0.0410564159583514,BL/T04,ns,ns,ns/ns,VA
GGB33469_SGB15236,-0.0934147756023302,Value,BL,T04,20,20,89,0.571,-0.42864890433287,0.279905048901918,Wilcoxon,two.sided,0.99807,-2.85991471177987,-2.77223581365825,0.0840459744712822,BL/T04,ns,ns,ns/ns,VA
GGB3363_SGB4447,-0.145910108523251,Value,BL,T04,20,20,78,0.33,-0.621743271625655,0.14659424640523,Wilcoxon,two.sided,0.99807,-2.87748073767978,-2.62867287255274,0.22218938834711,BL/T04,ns,ns,ns/ns,VA
GGB3363_SGB4448,0.110754184888173,Value,BL,T04,20,20,122,0.546,-0.212851883077858,0.395517660408222,Wilcoxon,two.sided,0.99807,-2.74703950145492,-2.84764747914613,-0.095862734110081,BL/T04,ns,ns,ns/ns,VA
GGB33928_SGB15225,-0.143307212762948,Value,BL,T04,20,20,70,0.202,-0.467082612188808,0.109240577193991,Wilcoxon,two.sided,0.99807,-2.92016102820395,-2.68153723996277,0.214000915086771,BL/T04,ns,ns,ns/ns,VA
GGB3486_SGB4658,-0.0671927022731764,Value,BL,T04,20,20,86,0.498,-0.385997906249998,0.176006236142425,Wilcoxon,two.sided,0.99807,-2.92966904298665,-2.74620034967979,0.168449696987345,BL/T04,ns,ns,ns/ns,VA
GGB3490_SGB4664,-0.231782892950609,Value,BL,T04,20,20,67,0.165,-0.506579761151146,0.0606471604397378,Wilcoxon,two.sided,0.99807,-2.94974848068163,-2.73753534827146,0.192447724010581,BL/T04,ns,ns,ns/ns,VA
GGB3612_SGB4882,-0.173782180064785,Value,BL,T04,20,20,68,0.177,-0.409836658534695,0.086046664458191,Wilcoxon,two.sided,0.99807,-2.97055324302792,-2.79415143318732,0.162460466153339,BL/T04,ns,ns,ns/ns,VA
GGB3619_SGB4894,0.0798852449000513,Value,BL,T04,20,20,117,0.674,-0.211632676415868,0.401155536833663,Wilcoxon,two.sided,0.99807,-2.75712817967591,-2.85480959202947,-0.0932001483014486,BL/T04,ns,ns,ns/ns,VA
GGB3632_SGB4921,-0.0878842129082339,Value,BL,T04,20,20,85,0.475,-0.335028059969124,0.159770655763142,Wilcoxon,two.sided,0.99807,-2.84635221107774,-2.7451781872708,0.0963769050205743,BL/T04,ns,ns,ns/ns,VA
GGB3653_SGB4964,-0.00505786006635545,Value,BL,T04,20,20,104,0.985,-0.155503212810431,0.156141550929568,Wilcoxon,two.sided,1,-2.6563481544639,-2.65812651810652,-0.00177678422623814,BL/T04,ns,ns,ns/ns,VA
GGB3746_SGB5089,0.0567107339468521,Value,BL,T04,20,20,114,0.756,-0.183412238001625,0.269071705334736,Wilcoxon,two.sided,0.99807,-2.60849324500927,-2.66962877760599,-0.0593395919041945,BL/T04,ns,ns,ns/ns,VA
GGB3815_SGB5180,0.0368287254419195,Value,BL,T04,20,20,117,0.674,-0.271003615162473,0.289313472998114,Wilcoxon,two.sided,0.99807,-2.79514135006591,-2.79886546791938,-0.00371720049529034,BL/T04,ns,ns,ns/ns,VA
GGB3819_SGB5184,-0.113966046793402,Value,BL,T04,20,20,85,0.475,-0.426791871725157,0.177385895978341,Wilcoxon,two.sided,0.99807,-2.87706271457271,-2.7510300562718,0.118700533116536,BL/T04,ns,ns,ns/ns,VA
GGB3828_SGB5197,0.119154226732554,Value,BL,T04,20,20,123,0.522,-0.323350515104877,0.581456444985932,Wilcoxon,two.sided,0.99807,-2.80622951516694,-2.93380734722694,-0.120071820664077,BL/T04,ns,ns,ns/ns,VA
GGB42994_SGB4746,0.181857905787973,Value,BL,T04,20,20,149,0.105,-0.0472220781324122,0.405765609476856,Wilcoxon,two.sided,0.99807,-2.74108040154894,-2.95145343729804,-0.190928606103336,BL/T04,ns,ns,ns/ns,VA
GGB4578_SGB6328,-0.000152653878136455,Value,BL,T04,20,20,105,1,-0.328555912580951,0.241620709854115,Wilcoxon,two.sided,1,-2.82282436548797,-2.74732216965281,0.0727877114112939,BL/T04,ns,ns,ns/ns,VA
GGB4596_SGB6358,-0.0398232370076529,Value,BL,T04,20,20,85,0.475,-0.31365516159112,0.295832282776587,Wilcoxon,two.sided,0.99807,-2.88713815208605,-2.86579202251622,0.0211214920839326,BL/T04,ns,ns,ns/ns,VA
GGB4599_SGB6362,0.109061405713407,Value,BL,T04,20,20,117,0.674,-0.430329840896952,0.452234505952865,Wilcoxon,two.sided,0.99807,-2.98883248272716,-2.96185452339716,0.0266204694989903,BL/T04,ns,ns,ns/ns,VA
GGB4605_SGB6376,-0.13044357341611,Value,BL,T04,20,20,75,0.277,-0.495021740816146,0.151671425937848,Wilcoxon,two.sided,0.99807,-3.00097920105386,-2.84360725411955,0.146151871859979,BL/T04,ns,ns,ns/ns,VA
GGB4651_SGB6438,-0.00321786641985933,Value,BL,T04,20,20,103,0.956,-0.329622864446792,0.297884002965463,Wilcoxon,two.sided,1,-2.8111153182712,-2.78430887307319,0.0264534469702301,BL/T04,ns,ns,ns/ns,VA
GGB4684_SGB6478,0.0577100425394431,Value,BL,T04,20,20,108,0.927,-0.308996644075163,0.533368994588448,Wilcoxon,two.sided,0.99807,-2.82413759271715,-2.96084191397855,-0.128133129288057,BL/T04,ns,ns,ns/ns,VA
GGB51269_SGB5062,-0.000987993369149787,Value,BL,T04,20,20,105,1,-0.351680454863544,0.367612505663759,Wilcoxon,two.sided,1,-2.80701439550968,-2.82128201453219,-0.014166794432471,BL/T04,ns,ns,ns/ns,VA
GGB51647_SGB4348,-0.244731102379729,Value,BL,T04,20,20,49,0.0362,-0.619419298075769,-0.0171535930469549,Wilcoxon,two.sided,0.977426086956522,-2.91898567789555,-2.52267742281759,0.333831793057653,BL/T04,ns,*,*/ns,VA
GGB51884_SGB49168,0.0438167913171534,Value,BL,T04,20,20,115,0.729,-0.177057676584371,0.296305270340272,Wilcoxon,two.sided,0.99807,-2.70301016027399,-2.78849716687299,-0.0820287402958954,BL/T04,ns,ns,ns/ns,VA
GGB53985_SGB6367,0.151881372748593,Value,BL,T04,20,20,126,0.452,-0.192991174282686,0.439430291106119,Wilcoxon,two.sided,0.99807,-2.74834525715136,-2.89230770120927,-0.134498063798033,BL/T04,ns,ns,ns/ns,VA
GGB58714_SGB5072,0.120831733716523,Value,BL,T04,20,20,127,0.43,-0.161563437698549,0.425247071260652,Wilcoxon,two.sided,0.99807,-2.71905965945657,-2.83355880416841,-0.108405106424775,BL/T04,ns,ns,ns/ns,VA
GGB6569_SGB9281,0.0716648449983335,Value,BL,T04,20,20,127,0.43,-0.246447901468188,0.429328840441358,Wilcoxon,two.sided,0.99807,-2.66466555781767,-2.86465385896705,-0.182311807704244,BL/T04,ns,ns,ns/ns,VA
GGB79734_SGB15291,0.126969219489639,Value,BL,T04,20,20,130,0.368,-0.145084470492311,0.388818277106053,Wilcoxon,two.sided,0.99807,-2.66719141201803,-2.77562797990066,-0.102950525056337,BL/T04,ns,ns,ns/ns,VA
GGB79916_SGB4587,0.0817506689656801,Value,BL,T04,20,20,125,0.475,-0.222482936710491,0.285857398449675,Wilcoxon,two.sided,0.99807,-2.74766714214543,-2.75383307069818,-0.00614699699585316,BL/T04,ns,ns,ns/ns,VA
GGB80011_SGB15265,-0.0140077842100933,Value,BL,T04,20,20,99,0.841,-0.148401680808968,0.209439806807855,Wilcoxon,two.sided,0.99807,-2.6952475371295,-2.74734541513679,-0.0507861499184535,BL/T04,ns,ns,ns/ns,VA
GGB80011_SGB15267,0.0372417037675412,Value,BL,T04,20,20,116,0.701,-0.215376855405584,0.316061236346455,Wilcoxon,two.sided,0.99807,-2.75384205348115,-2.7888629951412,-0.0344216600006128,BL/T04,ns,ns,ns/ns,VA
GGB9061_SGB13979,-0.0740383403022351,Value,BL,T04,20,20,88,0.546,-0.365009923416281,0.129823520033796,Wilcoxon,two.sided,0.99807,-2.85436342772436,-2.76598925269318,0.084685000184205,BL/T04,ns,ns,ns/ns,VA
GGB9062_SGB13981,0.0843765041710466,Value,BL,T04,20,20,124,0.498,-0.159679257411586,0.287275993393122,Wilcoxon,two.sided,0.99807,-2.77458680574884,-2.82588382047021,-0.0500246539888182,BL/T04,ns,ns,ns/ns,VA
GGB9063_SGB13982,0.123401205948882,Value,BL,T04,20,20,140,0.202,-0.0666537007784587,0.339269861665762,Wilcoxon,two.sided,0.99807,-2.69694485811515,-2.87502679984441,-0.163887642852021,BL/T04,ns,ns,ns/ns,VA
GGB9302_SGB14263,0.13878389580149,Value,BL,T04,20,20,127,0.43,-0.211242272970772,0.461573923785135,Wilcoxon,two.sided,0.99807,-2.75613408166172,-2.89627477268849,-0.131151667973001,BL/T04,ns,ns,ns/ns,VA
GGB9342_SGB14306,-0.175221721388741,Value,BL,T04,20,20,73,0.245,-0.521853942181102,0.160379174094343,Wilcoxon,two.sided,0.99807,-2.8556531366873,-2.72215072693238,0.12531231690489,BL/T04,ns,ns,ns/ns,VA
GGB9345_SGB14311,0.145809800521057,Value,BL,T04,20,20,134,0.294,-0.142429034394224,0.382884549012001,Wilcoxon,two.sided,0.99807,-2.67494734128173,-2.79606624635119,-0.114327208999692,BL/T04,ns,ns,ns/ns,VA
GGB9480_SGB14874,-0.00998139711716872,Value,BL,T04,20,20,102,0.927,-0.311281563042802,0.27392268229077,Wilcoxon,two.sided,0.99807,-2.79398873949573,-2.76479107116665,0.0287795359050838,BL/T04,ns,ns,ns/ns,VA
GGB9524_SGB14924,0.131582115537858,Value,BL,T04,20,20,130,0.368,-0.197883209345505,0.487542266242132,Wilcoxon,two.sided,0.99807,-2.91021766470989,-3.03053358153989,-0.113610714131357,BL/T04,ns,ns,ns/ns,VA
GGB9593_SGB15015,-0.0188932536628444,Value,BL,T04,20,20,101,0.898,-0.23748608046396,0.241001939598065,Wilcoxon,two.sided,0.99807,-2.72140495575378,-2.70873774589592,0.012587651902157,BL/T04,ns,ns,ns/ns,VA
GGB9595_SGB15019,0.0179252066020861,Value,BL,T04,20,20,109,0.898,-0.260936295916549,0.298756799341776,Wilcoxon,two.sided,0.99807,-2.69032988228529,-2.72076754834855,-0.029983630497266,BL/T04,ns,ns,ns/ns,VA
GGB9602_SGB15028,0.127181905388652,Value,BL,T04,20,20,145,0.143,-0.0411643619423798,0.528469084908363,Wilcoxon,two.sided,0.99807,-2.58311573636067,-2.82099812239646,-0.213402166547207,BL/T04,ns,ns,ns/ns,VA
GGB9602_SGB15031,0.119226650543937,Value,BL,T04,20,20,133,0.312,-0.122103212926637,0.353931401086706,Wilcoxon,two.sided,0.99807,-2.55452787093834,-2.67583114749182,-0.114491648582882,BL/T04,ns,ns,ns/ns,VA
GGB9614_SGB15049,-0.0562122536031456,Value,BL,T04,20,20,87,0.522,-0.265933158887599,0.138784429588225,Wilcoxon,two.sided,0.99807,-2.7979412746897,-2.71324562364243,0.081299441696051,BL/T04,ns,ns,ns/ns,VA
GGB9616_SGB15051,-0.0324730543734394,Value,BL,T04,20,20,100,0.869,-0.261700155587349,0.213073456041826,Wilcoxon,two.sided,0.99807,-2.70003927035257,-2.69133999239011,0.00866165726840886,BL/T04,ns,ns,ns/ns,VA
GGB9616_SGB15052,-0.00483216324332703,Value,BL,T04,20,20,104,0.985,-0.25120177660011,0.284745182765535,Wilcoxon,two.sided,1,-2.77342904019285,-2.7853457000887,-0.0118462155926018,BL/T04,ns,ns,ns/ns,VA
GGB9627_SGB15081,-0.00280124115673119,Value,BL,T04,20,20,105,1,-0.364794506970294,0.158548839444871,Wilcoxon,two.sided,1,-2.91540480874813,-2.84044470310928,0.0722835498573623,BL/T04,ns,ns,ns/ns,VA
GGB9634_SGB15093,0.332012989132799,Value,BL,T04,20,20,175,0.0073,0.0878424283774559,0.591817289985711,Wilcoxon,two.sided,0.536826,-2.61397691156206,-2.95199487346278,-0.291189386055928,BL/T04,ns,**,**/ns,VA
GGB9635_SGB15103,-0.0437322370547822,Value,BL,T04,20,20,94,0.701,-0.433132349254989,0.246033651848902,Wilcoxon,two.sided,0.99807,-2.82827465641223,-2.74337830682002,0.0814844520993515,BL/T04,ns,ns,ns/ns,VA
GGB9635_SGB15106,-0.247411242191615,Value,BL,T04,20,20,35,0.0073,-0.471455372263179,-0.0706703919183171,Wilcoxon,two.sided,0.536826,-2.92162146928466,-2.63078250987447,0.255292363115607,BL/T04,ns,**,**/ns,VA
GGB9677_SGB15180,0.131993173417101,Value,BL,T04,20,20,124,0.498,-0.207052289355736,0.465740772602423,Wilcoxon,two.sided,0.99807,-2.78898495963014,-2.90857846035558,-0.112965673645381,BL/T04,ns,ns,ns/ns,VA
GGB9691_SGB15198,-0.0746732230680218,Value,BL,T04,20,20,91,0.622,-0.306472140969022,0.215201847041299,Wilcoxon,two.sided,0.99807,-2.84379653898284,-2.80019216971522,0.0426804609980284,BL/T04,ns,ns,ns/ns,VA
GGB9699_SGB15216,-0.0316571485580674,Value,BL,T04,20,20,98,0.812,-0.254261730150354,0.186718455546125,Wilcoxon,two.sided,0.99807,-2.71764601796106,-2.68800622602651,0.0292090245080434,BL/T04,ns,ns,ns/ns,VA
GGB9707_SGB15229,-0.0563769481912718,Value,BL,T04,20,20,86,0.498,-0.233693169446221,0.175761520237562,Wilcoxon,two.sided,0.99807,-2.69270456540698,-2.68230891299306,0.0103419892083081,BL/T04,ns,ns,ns/ns,VA
GGB9708_SGB15233,0.128575904942724,Value,BL,T04,20,20,125,0.475,-0.157772200435728,0.338396292810394,Wilcoxon,two.sided,0.99807,-2.72173195928961,-2.84948279883906,-0.120225241752514,BL/T04,ns,ns,ns/ns,VA
GGB9708_SGB15234,-0.0543806032371414,Value,BL,T04,20,20,82,0.409,-0.295133143785558,0.152332301406217,Wilcoxon,two.sided,0.99807,-2.70789666461927,-2.63339995829025,0.0718523717900263,BL/T04,ns,ns,ns/ns,VA
GGB9712_SGB15244,-0.0896520944868282,Value,BL,T04,20,20,85,0.475,-0.322368944982167,0.162964613088565,Wilcoxon,two.sided,0.99807,-2.77292768252516,-2.73499910788019,0.0372269718221627,BL/T04,ns,ns,ns/ns,VA
GGB9713_SGB15249,-0.148281241702572,Value,BL,T04,20,20,70,0.202,-0.406486059775062,0.0834003256556635,Wilcoxon,two.sided,0.99807,-2.67121073381213,-2.52241702042781,0.138712446964259,BL/T04,ns,ns,ns/ns,VA
GGB9747_SGB15356,-0.00836390639033868,Value,BL,T04,20,20,105,1,-0.387267078741046,0.383996536969395,Wilcoxon,two.sided,1,-2.79428080101203,-2.80158138167136,-0.00727406041756406,BL/T04,ns,ns,ns/ns,VA
GGB9758_SGB15368,0.00819716760812961,Value,BL,T04,20,20,106,0.985,-0.338653590913793,0.333139563317592,Wilcoxon,two.sided,1,-2.63726928044865,-2.63776892768202,-0.00049952245125143,BL/T04,ns,ns,ns/ns,VA
GGB9760_SGB15373,0.180459029927868,Value,BL,T04,20,20,137,0.245,-0.125451256555449,0.470187714056457,Wilcoxon,two.sided,0.99807,-2.7727146813458,-2.95302823320287,-0.165780125092523,BL/T04,ns,ns,ns/ns,VA
GGB9760_SGB15374,0.0123223406375905,Value,BL,T04,20,20,109,0.898,-0.235904272823595,0.307313598811685,Wilcoxon,two.sided,0.99807,-2.74100917287463,-2.70716007726459,0.0332888230855604,BL/T04,ns,ns,ns/ns,VA
GGB9813_SGB15447,0.0684963238158963,Value,BL,T04,20,20,122,0.546,-0.207441720345567,0.333279719073572,Wilcoxon,two.sided,0.99807,-2.72042020157999,-2.75198943625085,-0.0310811716556188,BL/T04,ns,ns,ns/ns,VA
Haemophilus_parainfluenzae,0.0669253546098819,Value,BL,T04,20,20,118,0.648,-0.207774365851632,0.32127274648455,Wilcoxon,two.sided,0.99807,-2.78564244944999,-2.8456571767465,-0.0582828017034177,BL/T04,ns,ns,ns/ns,VA
Holdemanella_biformis,0.184391104466101,Value,BL,T04,20,20,147,0.123,-0.0401718722339433,0.536263978745302,Wilcoxon,two.sided,0.99807,-2.74784520190421,-3.01013340794118,-0.232926110500019,BL/T04,ns,ns,ns/ns,VA
Holdemanella_porci,0.106375386993012,Value,BL,T04,20,20,122,0.546,-0.189423012802526,0.408137051968348,Wilcoxon,two.sided,0.99807,-2.61165965925626,-2.73222679053726,-0.113834924361568,BL/T04,ns,ns,ns/ns,VA
Holdemania_filiformis,0.032074913640052,Value,BL,T04,20,20,111,0.841,-0.441171065084766,0.375589476983976,Wilcoxon,two.sided,0.99807,-2.78950082842081,-2.72312244831279,0.0642682159596847,BL/T04,ns,ns,ns/ns,VA
Holdemania_massiliensis,-0.0245067727945983,Value,BL,T04,20,20,100,0.869,-0.383756348951745,0.357727193903531,Wilcoxon,two.sided,0.99807,-2.74547490300231,-2.77111529741696,-0.0253171925383764,BL/T04,ns,ns,ns/ns,VA
Hungatella_hathewayi,-0.0554515191608952,Value,BL,T04,20,20,96,0.756,-0.385043298383548,0.25902655815527,Wilcoxon,two.sided,0.99807,-2.80993971797175,-2.73959537832617,0.0679804094560819,BL/T04,ns,ns,ns/ns,VA
Hydrogenoanaerobacterium_saccharovorans,-0.0529483104753448,Value,BL,T04,20,20,92,0.648,-0.203591335120302,0.140780377005135,Wilcoxon,two.sided,0.99807,-2.86283499007038,-2.8604973215453,0.00233494042877967,BL/T04,ns,ns,ns/ns,VA
Intestinibacter_bartlettii,0.0547336214245336,Value,BL,T04,20,20,117,0.674,-0.227861901599032,0.351810668840057,Wilcoxon,two.sided,0.99807,-2.81155749796971,-2.88037738454213,-0.0665551300758859,BL/T04,ns,ns,ns/ns,VA
Intestinimonas_butyriciproducens,0.0845961113543741,Value,BL,T04,20,20,119,0.622,-0.277740870813713,0.43768575359889,Wilcoxon,two.sided,0.99807,-2.8502554002308,-2.90066874193708,-0.0491837454740354,BL/T04,ns,ns,ns/ns,VA
Intestinimonas_massiliensis,-0.0250682237151275,Value,BL,T04,20,20,99,0.841,-0.377691316177889,0.316242002286256,Wilcoxon,two.sided,0.99807,-2.89488810369913,-2.84869592134655,0.0451570795049092,BL/T04,ns,ns,ns/ns,VA
Klebsiella_pneumoniae,0.0868145653607045,Value,BL,T04,20,20,117,0.674,-0.298889955493062,0.46825421641908,Wilcoxon,two.sided,0.99807,-2.79664374826541,-2.89339416107507,-0.0923516374576944,BL/T04,ns,ns,ns/ns,VA
Klebsiella_quasipneumoniae,0.191321715649557,Value,BL,T04,20,20,133,0.312,-0.202500801738842,0.503341452347878,Wilcoxon,two.sided,0.99807,-2.8889534900311,-2.97496371186812,-0.0825106338403866,BL/T04,ns,ns,ns/ns,VA
Klebsiella_variicola,-0.180243949931826,Value,BL,T04,20,20,64,0.133,-0.379461919598139,0.0418961994513514,Wilcoxon,two.sided,0.99807,-2.85918223845303,-2.69121393657353,0.155265745235968,BL/T04,ns,ns,ns/ns,VA
Lachnospira_eligens,-0.128654176029988,Value,BL,T04,20,20,79,0.349,-0.421832627938956,0.107199861688545,Wilcoxon,two.sided,0.99807,-2.45416070391417,-2.31308180761658,0.131974215113076,BL/T04,ns,ns,ns/ns,VA
Lachnospira_pectinoschiza,0.159288824569143,Value,BL,T04,20,20,134,0.294,-0.156835292138792,0.424521510873599,Wilcoxon,two.sided,0.99807,-2.50000392328595,-2.6074245275115,-0.102033531180498,BL/T04,ns,ns,ns/ns,VA
Lachnospira_sp_NSJ_43,-0.127576162438511,Value,BL,T04,20,20,78,0.33,-0.444407685253351,0.121101872834807,Wilcoxon,two.sided,0.99807,-2.87468015323283,-2.68494942496279,0.173727002753867,BL/T04,ns,ns,ns/ns,VA
Lachnospiraceae_bacterium_AM48_27BH,-0.0597015317031938,Value,BL,T04,20,20,94,0.701,-0.281860018228713,0.184035593501662,Wilcoxon,two.sided,0.99807,-2.81104602462462,-2.78670532067754,0.0240491899770501,BL/T04,ns,ns,ns/ns,VA
Lachnospiraceae_bacterium_BX3,-0.0283858673267102,Value,BL,T04,20,20,100,0.869,-0.34319863062409,0.342628830782255,Wilcoxon,two.sided,0.99807,-2.70167666964936,-2.75539641351233,-0.0523265170989083,BL/T04,ns,ns,ns/ns,VA
Lachnospiraceae_bacterium_Marseille_Q4251,0.155736805607353,Value,BL,T04,20,20,136,0.261,-0.119210982198241,0.385400975937896,Wilcoxon,two.sided,0.99807,-2.72334787339816,-2.85734957869255,-0.125752709091369,BL/T04,ns,ns,ns/ns,VA
Lachnospiraceae_bacterium_OM04_12BH,-0.0920874837040041,Value,BL,T04,20,20,93,0.674,-0.467182641432238,0.260252306028462,Wilcoxon,two.sided,0.99807,-2.93045475333554,-2.85073643087464,0.0767001945824164,BL/T04,ns,ns,ns/ns,VA
Lacrimispora_amygdalina,0.085556492525911,Value,BL,T04,20,20,148,0.114,-0.0182386887681727,0.27996844045976,Wilcoxon,two.sided,0.99807,-2.57902685162451,-2.70950027743,-0.122636505874453,BL/T04,ns,ns,ns/ns,VA
Lacrimispora_celerecrescens,-0.0690548791492241,Value,BL,T04,20,20,94,0.701,-0.5738987431292,0.262646436477289,Wilcoxon,two.sided,0.99807,-3.01837947882594,-2.90873070135711,0.104043548559165,BL/T04,ns,ns,ns/ns,VA
Lacrimispora_saccharolytica,-0.0303789220698074,Value,BL,T04,20,20,101,0.898,-0.588771443279013,0.29526076868368,Wilcoxon,two.sided,0.99807,-2.96350647590572,-2.79692420865438,0.154078334854428,BL/T04,ns,ns,ns/ns,VA
Lawsonibacter_asaccharolyticus,0.046313242825419,Value,BL,T04,20,20,118,0.648,-0.144615649529361,0.246085202278822,Wilcoxon,two.sided,0.99807,-2.66865375271856,-2.72642076623112,-0.0561600951141257,BL/T04,ns,ns,ns/ns,VA
Longicatena_caecimuris,0.0665131904777668,Value,BL,T04,20,20,118,0.648,-0.209317780934576,0.392834325888195,Wilcoxon,two.sided,0.99807,-2.8973790603086,-2.99132079147206,-0.0897874403906887,BL/T04,ns,ns,ns/ns,VA
Megamonas_funiformis,-0.137504580766176,Value,BL,T04,20,20,81,0.388,-0.373322458312993,0.113775445071423,Wilcoxon,two.sided,0.99807,-2.77869774593648,-2.67092387505854,0.102352479841086,BL/T04,ns,ns,ns/ns,VA
Megasphaera_sp_NM10,0.0622668140420271,Value,BL,T04,20,20,118,0.648,-0.171041918869764,0.522103963344149,Wilcoxon,two.sided,0.99807,-2.67124907947442,-2.79084815408849,-0.11297065212619,BL/T04,ns,ns,ns/ns,VA
Mesosutterella_multiformis,0.0222167801063382,Value,BL,T04,20,20,111,0.841,-0.378571815600444,0.391510790893673,Wilcoxon,two.sided,0.99807,-2.7631414337852,-2.7617503671185,0.00139010002980354,BL/T04,ns,ns,ns/ns,VA
Negativibacillus_massiliensis,-0.0821132196144247,Value,BL,T04,20,20,90,0.596,-0.352201052261893,0.127913120281039,Wilcoxon,two.sided,0.99807,-2.80893302739235,-2.65440500103935,0.143691625267439,BL/T04,ns,ns,ns/ns,VA
Odoribacter_sp_AF15_53,-0.000893981270881028,Value,BL,T04,20,20,105,1,-0.440353340998755,0.324162881622107,Wilcoxon,two.sided,1,-2.98518011020074,-2.95480645546784,0.0299215080411869,BL/T04,ns,ns,ns/ns,VA
Odoribacter_splanchnicus,-0.119489641248225,Value,BL,T04,20,20,80,0.368,-0.342109908204115,0.116931450710448,Wilcoxon,two.sided,0.99807,-2.69202230967353,-2.58016128741012,0.106035208038798,BL/T04,ns,ns,ns/ns,VA
Oscillibacter_sp_ER4,0.159258103003979,Value,BL,T04,20,20,135,0.277,-0.168381456179354,0.51800751563033,Wilcoxon,two.sided,0.99807,-2.65380773788943,-2.84540699068587,-0.175296314797745,BL/T04,ns,ns,ns/ns,VA
Oscillospiraceae_bacterium_Marseille_Q3528,-0.297504177695912,Value,BL,T04,20,20,36,0.00831,-0.475406043405523,-0.103338141270384,Wilcoxon,two.sided,0.536826,-3.02257148316629,-2.7473027332538,0.2431569406436,BL/T04,ns,**,**/ns,VA
Oscillospiraceae_bacterium_N12,-0.0599120047010924,Value,BL,T04,20,20,93,0.674,-0.444747963826028,0.216144453849831,Wilcoxon,two.sided,0.99807,-2.87275541829937,-2.74046899531176,0.124238971616503,BL/T04,ns,ns,ns/ns,VA
Oscillospiraceae_unclassified_SGB15252,-0.0651438150871133,Value,BL,T04,20,20,90,0.596,-0.298441622477747,0.162029684255049,Wilcoxon,two.sided,0.99807,-2.73897277766193,-2.65927450089765,0.0766816287377072,BL/T04,ns,ns,ns/ns,VA
Oscillospiraceae_unclassified_SGB15256,0.0097329460879696,Value,BL,T04,20,20,108,0.927,-0.300767516613143,0.347817154690301,Wilcoxon,two.sided,0.99807,-2.75120854221317,-2.75999093973805,-0.00874405659176119,BL/T04,ns,ns,ns/ns,VA
Parabacteroides_distasonis,0.0783426416289947,Value,BL,T04,20,20,120,0.596,-0.154000657691725,0.288867576785776,Wilcoxon,two.sided,0.99807,-2.32292177786488,-2.39610849407388,-0.0706324617523237,BL/T04,ns,ns,ns/ns,VA
Parabacteroides_faecis,0.0187860158598506,Value,BL,T04,20,20,109,0.898,-0.247375837643344,0.33725137252113,Wilcoxon,two.sided,0.99807,-2.76230442978859,-2.81507407141674,-0.0514244453336269,BL/T04,ns,ns,ns/ns,VA
Parabacteroides_goldsteinii,0.10255434510949,Value,BL,T04,20,20,137,0.245,-0.0798844822909306,0.318650880290144,Wilcoxon,two.sided,0.99807,-2.60659396697067,-2.74478096274277,-0.129436641864284,BL/T04,ns,ns,ns/ns,VA
Parabacteroides_johnsonii,0.0663676595555975,Value,BL,T04,20,20,119,0.622,-0.126302395742619,0.325113284643728,Wilcoxon,two.sided,0.99807,-2.64052490763565,-2.74127152253234,-0.095988690379129,BL/T04,ns,ns,ns/ns,VA
Parabacteroides_merdae,-0.0113476978041094,Value,BL,T04,20,20,101,0.898,-0.138097505229899,0.18728327289387,Wilcoxon,two.sided,0.99807,-2.53167714316329,-2.57904193809138,-0.0462772904290533,BL/T04,ns,ns,ns/ns,VA
Parabacteroides_sp_TM07_1AC,-0.0294624105954039,Value,BL,T04,20,20,95,0.729,-0.339590379674761,0.257115438622516,Wilcoxon,two.sided,0.99807,-2.79443953704269,-2.74876417324003,0.0446629578179156,BL/T04,ns,ns,ns/ns,VA
Paraprevotella_clara,0.0599252722697484,Value,BL,T04,20,20,116,0.701,-0.241213312545905,0.302758539163638,Wilcoxon,two.sided,0.99807,-2.69667050351819,-2.75753149506543,-0.0590808345990944,BL/T04,ns,ns,ns/ns,VA
Parasutterella_excrementihominis,-0.0783814600107646,Value,BL,T04,20,20,83,0.43,-0.332668782226815,0.163179022276499,Wilcoxon,two.sided,0.99807,-2.73340807478128,-2.56313479982774,0.157237289873187,BL/T04,ns,ns,ns/ns,VA
Parasutterella_SGB9260,0.0335083170005057,Value,BL,T04,20,20,114,0.756,-0.178996000640992,0.308064693032346,Wilcoxon,two.sided,0.99807,-2.68053329487381,-2.73596565958045,-0.0539505073394486,BL/T04,ns,ns,ns/ns,VA
Phascolarctobacterium_faecium,0.0288971661184493,Value,BL,T04,20,20,110,0.869,-0.287902831547385,0.180442420595641,Wilcoxon,two.sided,0.99807,-2.44188161927609,-2.37284930761976,0.0667538576444203,BL/T04,ns,ns,ns/ns,VA
Phascolarctobacterium_SGB5790,0.180398217050833,Value,BL,T04,20,20,142,0.177,-0.0807495687404094,0.571377158146837,Wilcoxon,two.sided,0.99807,-2.72488206336521,-3.01741063441741,-0.256600432418953,BL/T04,ns,ns,ns/ns,VA
Phascolarctobacterium_succinatutens,-0.111324118727943,Value,BL,T04,20,20,71,0.216,-0.365720080299486,0.0942650575097697,Wilcoxon,two.sided,0.99807,-2.7660922134863,-2.62695701107953,0.130269380148058,BL/T04,ns,ns,ns/ns,VA
Phocaeicola_coprocola,0.141604755113272,Value,BL,T04,20,20,143,0.165,-0.0760553879977597,0.305630837227149,Wilcoxon,two.sided,0.99807,-2.41352665384819,-2.48063181938702,-0.0649495293547752,BL/T04,ns,ns,ns/ns,VA
Phocaeicola_coprophilus,-0.0501872548303868,Value,BL,T04,20,20,94,0.701,-0.395279878020047,0.310325821778885,Wilcoxon,two.sided,0.99807,-2.93855740020744,-2.90500534604203,0.033001465746412,BL/T04,ns,ns,ns/ns,VA
Phocaeicola_dorei,0.0213932719425138,Value,BL,T04,20,20,108,0.927,-0.192860946204379,0.235638658091797,Wilcoxon,two.sided,0.99807,-2.34712749269043,-2.37119828261109,-0.0237856550097878,BL/T04,ns,ns,ns/ns,VA
Phocaeicola_massiliensis,0.0280507769341716,Value,BL,T04,20,20,107,0.956,-0.39803397032116,0.366523932204038,Wilcoxon,two.sided,1,-2.65332723547236,-2.63182035625725,0.0212788696778337,BL/T04,ns,ns,ns/ns,VA
Phocaeicola_plebeius,-0.052867144385176,Value,BL,T04,20,20,91,0.622,-0.568798608319279,0.168994774398298,Wilcoxon,two.sided,0.99807,-2.42047061835338,-2.22030199338609,0.182462067727911,BL/T04,ns,ns,ns/ns,VA
Phocaeicola_SGB6473,-0.206794806351217,Value,BL,T04,20,20,32,0.00486,-0.497940910554959,-0.0674951812156508,Wilcoxon,two.sided,0.536826,-2.8152355574923,-2.51930785820761,0.259226808784924,BL/T04,ns,**,**/ns,VA
Phocaeicola_vulgatus,0.0443720279177386,Value,BL,T04,20,20,120,0.596,-0.131463996613717,0.188152127461949,Wilcoxon,two.sided,0.99807,-1.88871558006308,-1.8895289426136,-0.000813031950453261,BL/T04,ns,ns,ns/ns,VA
Prevotella_bivia,-0.0502625876833179,Value,BL,T04,20,20,96,0.756,-0.2971917684654,0.28971702342992,Wilcoxon,two.sided,0.99807,-2.84739272281224,-2.81824299938306,0.0287329500857003,BL/T04,ns,ns,ns/ns,VA
Prevotella_copri_clade_A,-0.103295474834427,Value,BL,T04,20,20,81,0.388,-0.397683571450588,0.142153425688321,Wilcoxon,two.sided,0.99807,-2.56166894536649,-2.44854345707799,0.107171813726263,BL/T04,ns,ns,ns/ns,VA
Prevotella_copri_clade_C,-0.0975775564364705,Value,BL,T04,20,20,87,0.522,-0.404954311166513,0.213198191165645,Wilcoxon,two.sided,0.99807,-2.65185837977291,-2.55571591901356,0.0917971625235004,BL/T04,ns,ns,ns/ns,VA
Prevotella_corporis,0.305132851026105,Value,BL,T04,20,20,157,0.0532,-0.000420741971073113,0.617070308079495,Wilcoxon,two.sided,0.977426086956522,-2.70132849927321,-2.98457323060745,-0.249391816729409,BL/T04,ns,ns,ns/ns,VA
Prevotella_disiens,-0.0361289298840963,Value,BL,T04,20,20,103,0.956,-0.534386867988298,0.400605771515757,Wilcoxon,two.sided,1,-2.99194574249041,-2.88739298229762,0.0994405111326226,BL/T04,ns,ns,ns/ns,VA
Prevotella_stercorea,-0.163020864847109,Value,BL,T04,20,20,74,0.261,-0.465129644507417,0.103910891192329,Wilcoxon,two.sided,0.99807,-2.849285249533,-2.66015044532505,0.17322598740313,BL/T04,ns,ns,ns/ns,VA
Prevotella_timonensis,-0.202846900685757,Value,BL,T04,20,20,71,0.216,-0.432024707042117,0.101322836927243,Wilcoxon,two.sided,0.99807,-2.81392528623545,-2.65261823409175,0.149546139879827,BL/T04,ns,ns,ns/ns,VA
Pseudoruminococcus_massiliensis,0.0240928416337822,Value,BL,T04,20,20,113,0.784,-0.234725680265409,0.237278023538579,Wilcoxon,two.sided,0.99807,-2.7553044601195,-2.77766002652748,-0.0221093436106303,BL/T04,ns,ns,ns/ns,VA
Rheinheimera_SGB14999,0.0558852773247067,Value,BL,T04,20,20,114,0.756,-0.215338582270833,0.342180396154932,Wilcoxon,two.sided,0.99807,-2.73220572695514,-2.82816797505745,-0.0916327427704528,BL/T04,ns,ns,ns/ns,VA
Romboutsia_timonensis,-0.132404337772855,Value,BL,T04,20,20,78,0.33,-0.368052587855703,0.160543896023783,Wilcoxon,two.sided,0.99807,-2.79286166600026,-2.7018456838552,0.0871093558225192,BL/T04,ns,ns,ns/ns,VA
Roseburia_faecis,-0.00759205394241669,Value,BL,T04,20,20,104,0.985,-0.367082467761722,0.250944136987888,Wilcoxon,two.sided,1,-2.5426845274682,-2.47474206036398,0.0657338693343755,BL/T04,ns,ns,ns/ns,VA
Roseburia_hominis,-0.101560249116457,Value,BL,T04,20,20,87,0.522,-0.410778753606336,0.199868105618547,Wilcoxon,two.sided,0.99807,-2.8445525006363,-2.71200414100425,0.12447027912522,BL/T04,ns,ns,ns/ns,VA
Roseburia_intestinalis,0.0628982242700882,Value,BL,T04,20,20,121,0.571,-0.282553071359167,0.26145144229665,Wilcoxon,two.sided,0.99807,-2.6851678575024,-2.67521757152654,0.00990110783565889,BL/T04,ns,ns,ns/ns,VA
Roseburia_inulinivorans,-0.178078937154238,Value,BL,T04,20,20,55,0.0637,-0.435399532781558,0.0249255670493255,Wilcoxon,two.sided,0.977426086956522,-2.59546314018863,-2.38905893310213,0.187644205571929,BL/T04,ns,ns,ns/ns,VA
Roseburia_sp_AF02_12,0.143478213116009,Value,BL,T04,20,20,139,0.216,-0.0452553901361861,0.373594374796489,Wilcoxon,two.sided,0.99807,-2.53613752552307,-2.70336186219554,-0.154628568482403,BL/T04,ns,ns,ns/ns,VA
Roseburia_sp_AM16_25,-0.0415371623195289,Value,BL,T04,20,20,102,0.927,-0.3955268727904,0.253312993147639,Wilcoxon,two.sided,0.99807,-2.79934828134776,-2.75229743235273,0.0459774970844715,BL/T04,ns,ns,ns/ns,VA
Roseburia_sp_AM23_20,-0.337107200642173,Value,BL,T04,20,20,58,0.0826,-0.794374325143497,0.0775802312431002,Wilcoxon,two.sided,0.99807,-3.02303148919162,-2.72880728983563,0.257911441778681,BL/T04,ns,ns,ns/ns,VA
Roseburia_sp_AM59_24XD,0.140568450324898,Value,BL,T04,20,20,139,0.216,-0.159037463016297,0.492126526791793,Wilcoxon,two.sided,0.99807,-2.78289412967809,-2.90650724714484,-0.11654949067852,BL/T04,ns,ns,ns/ns,VA
Ruminococcus_bicirculans,0.0120272944304012,Value,BL,T04,20,20,108,0.927,-0.229534615171993,0.465069875203384,Wilcoxon,two.sided,0.99807,-2.44746051943775,-2.56101642791359,-0.10755841613227,BL/T04,ns,ns,ns/ns,VA
Ruminococcus_bovis,-0.0408737438824915,Value,BL,T04,20,20,99,0.841,-0.261069052091939,0.226017661758789,Wilcoxon,two.sided,0.99807,-2.73792787130663,-2.69703836264484,0.0400756443855889,BL/T04,ns,ns,ns/ns,VA
Ruminococcus_bromii,-0.0234662944889771,Value,BL,T04,20,20,97,0.784,-0.186120575317773,0.144430960256068,Wilcoxon,two.sided,0.99807,-2.42276804065121,-2.3490480558963,0.0711292402631399,BL/T04,ns,ns,ns/ns,VA
Ruminococcus_callidus,-0.0111468676030418,Value,BL,T04,20,20,102,0.927,-0.256757639350082,0.196825861750945,Wilcoxon,two.sided,0.99807,-2.7935598758896,-2.80315397505955,-0.00954836806700058,BL/T04,ns,ns,ns/ns,VA
Ruminococcus_gnavus,-0.121147887128397,Value,BL,T04,20,20,72,0.231,-0.343708329869073,0.0727122858159135,Wilcoxon,two.sided,0.99807,-2.80924478518343,-2.66297541683877,0.13651264158398,BL/T04,ns,ns,ns/ns,VA
Ruminococcus_lactaris,0.0745002622639748,Value,BL,T04,20,20,115,0.729,-0.212395371438663,0.363088676987308,Wilcoxon,two.sided,0.99807,-2.72657947885486,-2.81040045708108,-0.0804927401410063,BL/T04,ns,ns,ns/ns,VA
Ruminococcus_SGB4421,-0.0558683462865315,Value,BL,T04,20,20,96,0.756,-0.39073253253204,0.269337824440163,Wilcoxon,two.sided,0.99807,-2.9403186017957,-2.86083914067468,0.0764789445027213,BL/T04,ns,ns,ns/ns,VA
Ruminococcus_sp_AF13_28,0.101096816795831,Value,BL,T04,20,20,125,0.475,-0.161525161416857,0.460279558084605,Wilcoxon,two.sided,0.99807,-2.61907240854859,-2.79199906506174,-0.159502041299729,BL/T04,ns,ns,ns/ns,VA
Ruminococcus_sp_BSD2780120874_150323_B10,0.152893671544231,Value,BL,T04,20,20,133,0.312,-0.112475869267856,0.429654238274575,Wilcoxon,two.sided,0.99807,-2.58288430760094,-2.75641464537559,-0.160016588360498,BL/T04,ns,ns,ns/ns,VA
Ruminococcus_torques,0.0573674474970599,Value,BL,T04,20,20,115,0.729,-0.198632708420469,0.290406583541074,Wilcoxon,two.sided,0.99807,-2.58188321481794,-2.63688091834553,-0.0535385901745575,BL/T04,ns,ns,ns/ns,VA
Ruthenibacterium_lactatiformans,-0.0467986705184569,Value,BL,T04,20,20,92,0.648,-0.261001489997618,0.143737074968305,Wilcoxon,two.sided,0.99807,-2.63547459501939,-2.58373327997734,0.050447185828594,BL/T04,ns,ns,ns/ns,VA
Sellimonas_intestinalis,-0.123549076387894,Value,BL,T04,20,20,83,0.43,-0.472142116046074,0.276826868847092,Wilcoxon,two.sided,0.99807,-2.99124451675077,-2.91057049127513,0.0775849441307967,BL/T04,ns,ns,ns/ns,VA
Streptococcus_parasanguinis,0.0944800228367735,Value,BL,T04,20,20,122,0.546,-0.219965300318374,0.520260921658453,Wilcoxon,two.sided,0.99807,-2.69980204575639,-2.95565565686899,-0.227815509591389,BL/T04,ns,ns,ns/ns,VA
Streptococcus_pasteurianus,0.125007775685196,Value,BL,T04,20,20,124,0.498,-0.235137273997711,0.439831622609924,Wilcoxon,two.sided,0.99807,-2.8114021016668,-2.92981908226907,-0.111914275324091,BL/T04,ns,ns,ns/ns,VA
Streptococcus_salivarius,-0.0434427953232438,Value,BL,T04,20,20,94,0.701,-0.29986848521855,0.208130041083891,Wilcoxon,two.sided,0.99807,-2.71939727419471,-2.66167676112663,0.0561161331962118,BL/T04,ns,ns,ns/ns,VA
Streptococcus_thermophilus,0.165812412233653,Value,BL,T04,20,20,136,0.261,-0.131896134429456,0.566893129873055,Wilcoxon,two.sided,0.99807,-2.74420003482393,-2.97479961527068,-0.207501514390304,BL/T04,ns,ns,ns/ns,VA
Sutterella_sp_AM11_39,-0.0487763673079098,Value,BL,T04,20,20,96,0.756,-0.319418082067108,0.279125058605915,Wilcoxon,two.sided,0.99807,-2.8282657982093,-2.78888918267398,0.0386211252972831,BL/T04,ns,ns,ns/ns,VA
Sutterella_wadsworthensis,0.0426952986310948,Value,BL,T04,20,20,113,0.784,-0.22793030088743,0.342188812409163,Wilcoxon,two.sided,0.99807,-2.7076968905169,-2.75470044064233,-0.0459323226423706,BL/T04,ns,ns,ns/ns,VA
Tyzzerella_nexilis,0.0143900088509301,Value,BL,T04,20,20,109,0.898,-0.292312135985595,0.276037369579164,Wilcoxon,two.sided,0.99807,-2.91601109015773,-2.89531361101835,0.0204861966872034,BL/T04,ns,ns,ns/ns,VA
Veillonella_atypica,-0.308110429260229,Value,BL,T04,20,20,51,0.0441,-0.55639394737108,-0.00449735676356711,Wilcoxon,two.sided,0.977426086956522,-2.97375347681437,-2.68482197954519,0.253813578455773,BL/T04,ns,*,*/ns,VA
Veillonella_dispar,-0.0283194758362798,Value,BL,T04,20,20,97,0.784,-0.247016840919709,0.234380311001897,Wilcoxon,two.sided,0.99807,-2.7722326805068,-2.77761397300561,-0.0053668650799557,BL/T04,ns,ns,ns/ns,VA
Veillonella_parvula,0.0709545694396778,Value,BL,T04,20,20,119,0.622,-0.237703843310191,0.318973041144748,Wilcoxon,two.sided,0.99807,-2.86487035382262,-2.90727019536697,-0.0415255948180852,BL/T04,ns,ns,ns/ns,VA
Veillonella_rogosae,-0.0185546524640502,Value,BL,T04,20,20,99,0.841,-0.235755781195009,0.183085968492152,Wilcoxon,two.sided,0.99807,-2.71727014884957,-2.67506838493455,0.0413355559834067,BL/T04,ns,ns,ns/ns,VA
Vescimonas_coprocola,0.0332399332406697,Value,BL,T04,20,20,108,0.927,-0.275959363344182,0.307268289081117,Wilcoxon,two.sided,0.99807,-2.83847627356886,-2.85350086010514,-0.0149128353888249,BL/T04,ns,ns,ns/ns,VA
Vescimonas_SGB15087,0.078067397199309,Value,BL,T04,20,20,126,0.452,-0.106287802351999,0.260310162494578,Wilcoxon,two.sided,0.99807,-2.79974634081898,-2.87971117553258,-0.0769284801556562,BL/T04,ns,ns,ns/ns,VA
Victivallis_lenta,-0.233838022303689,Value,BL,T04,20,20,63,0.123,-0.590753104724814,0.122301882069456,Wilcoxon,two.sided,0.99807,-2.98561453198558,-2.7693280824812,0.195802322829046,BL/T04,ns,ns,ns/ns,VA
Waltera_intestinalis,-0.190563376818744,Value,BL,T04,20,20,75,0.277,-0.535263330404639,0.19082623177898,Wilcoxon,two.sided,0.99807,-2.77577227285986,-2.62984754240562,0.136211935903608,BL/T04,ns,ns,ns/ns,VA
Adlercreutzia_equolifaciens,-0.124841967417228,Value,BL,T12,20,20,78,0.33,-0.39651439915244,0.124410673426874,Wilcoxon,two.sided,0.991460264900662,-2.82328664718916,-2.70675997257064,0.110222683296623,BL/T12,ns,ns,ns/ns,VA
Agathobaculum_butyriciproducens,0.0457147338482162,Value,BL,T12,20,20,112,0.812,-0.245670777018525,0.387239334869065,Wilcoxon,two.sided,0.991460264900662,-2.71487363204226,-2.75437094320603,-0.0387372416495411,BL/T12,ns,ns,ns/ns,VA
Akkermansia_muciniphila,-0.00917344455798874,Value,BL,T12,20,20,103,0.956,-0.235645980266007,0.294096425499841,Wilcoxon,two.sided,0.992887459807074,-2.7046942741803,-2.73068001675871,-0.0256538505296169,BL/T12,ns,ns,ns/ns,VA
Alistipes_communis,0.00995400294777871,Value,BL,T12,20,20,110,0.869,-0.12775111674112,0.195562634997288,Wilcoxon,two.sided,0.991460264900662,-2.75277998774297,-2.77422083553645,-0.0212142263971661,BL/T12,ns,ns,ns/ns,VA
Alistipes_finegoldii,-0.0284111300808066,Value,BL,T12,20,20,98,0.812,-0.287547798826305,0.196723040100465,Wilcoxon,two.sided,0.991460264900662,-2.6940666688156,-2.68364506332614,0.0103676749306908,BL/T12,ns,ns,ns/ns,VA
Alistipes_ihumii,0.0604824619050903,Value,BL,T12,20,20,111,0.841,-0.29429021210617,0.340252335553715,Wilcoxon,two.sided,0.991460264900662,-2.70112467137204,-2.70203215229559,-0.000907069411670758,BL/T12,ns,ns,ns/ns,VA
Alistipes_indistinctus,-0.171752288357762,Value,BL,T12,20,20,75,0.277,-0.469002297499813,0.102957160378761,Wilcoxon,two.sided,0.991460264900662,-2.90922984448828,-2.75557513268032,0.142934913441916,BL/T12,ns,ns,ns/ns,VA
Alistipes_onderdonkii,-0.134975754109244,Value,BL,T12,20,20,82,0.409,-0.548572852048189,0.205261993337588,Wilcoxon,two.sided,0.991460264900662,-2.77033955969151,-2.63486057613119,0.12705457385879,BL/T12,ns,ns,ns/ns,VA
Alistipes_putredinis,-0.384205414924749,Value,BL,T12,20,20,28,0.00271,-0.624618715411023,-0.135815620149232,Wilcoxon,two.sided,0.87533,-2.66329253488132,-2.27512324725762,0.327985819794227,BL/T12,ns,**,**/ns,VA
Alistipes_senegalensis,0.156280232281259,Value,BL,T12,20,20,135,0.277,-0.125843879361053,0.366463486147022,Wilcoxon,two.sided,0.991460264900662,-2.65735735162082,-2.79062542061841,-0.125105555117255,BL/T12,ns,ns,ns/ns,VA
Alistipes_shahii,0.0777362712200318,Value,BL,T12,20,20,118,0.648,-0.295253029109507,0.462776571755444,Wilcoxon,two.sided,0.991460264900662,-2.63356597903223,-2.70249531701651,-0.0666575288144322,BL/T12,ns,ns,ns/ns,VA
Alistipes_sp_AF17_16,-0.0167339697596632,Value,BL,T12,20,20,102,0.927,-0.313031399678847,0.36270979720445,Wilcoxon,two.sided,0.991460264900662,-2.75628772357324,-2.80613340472195,-0.048643183033669,BL/T12,ns,ns,ns/ns,VA
Anaerobutyricum_hallii,-0.228167634059484,Value,BL,T12,20,20,70,0.202,-0.533937209753345,0.153697927309256,Wilcoxon,two.sided,0.991460264900662,-2.87082475901494,-2.67083355517846,0.182314226630817,BL/T12,ns,ns,ns/ns,VA
Anaerobutyricum_soehngenii,0.0415026175654132,Value,BL,T12,20,20,115,0.729,-0.317123530244449,0.379463850438933,Wilcoxon,two.sided,0.991460264900662,-2.95130869899974,-2.93758831855305,0.0136271082121927,BL/T12,ns,ns,ns/ns,VA
Anaerostipes_hadrus,-0.0941673423460615,Value,BL,T12,20,20,85,0.475,-0.322043778468297,0.178624004327819,Wilcoxon,two.sided,0.991460264900662,-2.72569097317917,-2.65228429810393,0.0708373993691982,BL/T12,ns,ns,ns/ns,VA
Anaerotignum_faecicola,0.0682529133189426,Value,BL,T12,20,20,116,0.701,-0.180510688374344,0.259708775639904,Wilcoxon,two.sided,0.991460264900662,-2.73827725445002,-2.74950721076783,-0.0111673684948052,BL/T12,ns,ns,ns/ns,VA
Anaerotignum_lactatifermentans,-0.0117640553351696,Value,BL,T12,20,20,103,0.956,-0.341982002766578,0.318744127608972,Wilcoxon,two.sided,0.992887459807074,-2.82203285935356,-2.82650374627304,-0.00446092219429157,BL/T12,ns,ns,ns/ns,VA
Anaerotruncus_colihominis,-0.113598160863924,Value,BL,T12,20,20,82,0.409,-0.428671022956729,0.181153687469935,Wilcoxon,two.sided,0.991460264900662,-2.91321027015605,-2.80527133623516,0.102501473016462,BL/T12,ns,ns,ns/ns,VA
Bacteroides_caccae,0.306226267061004,Value,BL,T12,20,20,168,0.0172,0.0524205051908342,0.570609832209572,Wilcoxon,two.sided,0.991460264900662,-2.47587592817635,-2.79440201761068,-0.276514513823882,BL/T12,ns,*,*/ns,VA
Bacteroides_cellulosilyticus,-0.154460715801785,Value,BL,T12,20,20,85,0.475,-0.507671448822353,0.154128048878748,Wilcoxon,two.sided,0.991460264900662,-2.88289705096869,-2.61303255620334,0.238910197742811,BL/T12,ns,ns,ns/ns,VA
Bacteroides_clarus,0.0594571114138241,Value,BL,T12,20,20,117,0.674,-0.209061840275458,0.311526611881191,Wilcoxon,two.sided,0.991460264900662,-2.76926320225059,-2.8368251379567,-0.0653774838344034,BL/T12,ns,ns,ns/ns,VA
Bacteroides_congonensis,0.0207611229672989,Value,BL,T12,20,20,109,0.898,-0.414640170323648,0.482565436404226,Wilcoxon,two.sided,0.991460264900662,-2.84713397520347,-2.89744528259785,-0.0490866034597077,BL/T12,ns,ns,ns/ns,VA
Bacteroides_eggerthii,0.218404938820715,Value,BL,T12,20,20,158,0.0484,0.000720365701805781,0.470627252245092,Wilcoxon,two.sided,0.991460264900662,-2.60739450001634,-2.84252772001588,-0.211178834707311,BL/T12,ns,*,*/ns,VA
Bacteroides_faecis,0.079797833777988,Value,BL,T12,20,20,126,0.452,-0.222167810274206,0.329076837584646,Wilcoxon,two.sided,0.991460264900662,-2.72395537855792,-2.77168195969736,-0.0466226560002939,BL/T12,ns,ns,ns/ns,VA
Bacteroides_finegoldii,0.192313655537544,Value,BL,T12,20,20,152,0.0826,-0.0191674153331134,0.436804231431088,Wilcoxon,two.sided,0.991460264900662,-2.509153849602,-2.72498291953232,-0.195426206171921,BL/T12,ns,ns,ns/ns,VA
Bacteroides_fragilis,-0.0302772267079842,Value,BL,T12,20,20,96,0.756,-0.455012429108947,0.180915681760219,Wilcoxon,two.sided,0.991460264900662,-2.63039018248033,-2.5217875383797,0.103100343081568,BL/T12,ns,ns,ns/ns,VA
Bacteroides_intestinalis,-0.0302683692023741,Value,BL,T12,20,20,99,0.841,-0.239993668821631,0.212145090619175,Wilcoxon,two.sided,0.991460264900662,-2.72102763460919,-2.71065720686697,0.010317023753923,BL/T12,ns,ns,ns/ns,VA
Bacteroides_nordii,0.0490914413428964,Value,BL,T12,20,20,120,0.596,-0.175262095333822,0.269047950814197,Wilcoxon,two.sided,0.991460264900662,-2.67921833417922,-2.75841793421077,-0.0762196552956518,BL/T12,ns,ns,ns/ns,VA
Bacteroides_ovatus,-0.0280769079242426,Value,BL,T12,20,20,95,0.729,-0.279780285959687,0.214310612955417,Wilcoxon,two.sided,0.991460264900662,-2.47532591608203,-2.4352031610914,0.0393387398326942,BL/T12,ns,ns,ns/ns,VA
Bacteroides_salyersiae,-0.0329644125209978,Value,BL,T12,20,20,101,0.898,-0.314773521271595,0.250760576680458,Wilcoxon,two.sided,0.991460264900662,-2.68192186926374,-2.64456502944943,0.0366759778806613,BL/T12,ns,ns,ns/ns,VA
Bacteroides_sp_AF16_49,-0.146318234677317,Value,BL,T12,20,20,71,0.216,-0.443544554043164,0.0824901703531329,Wilcoxon,two.sided,0.991460264900662,-2.97068819926295,-2.68028492252432,0.254954787145712,BL/T12,ns,ns,ns/ns,VA
Bacteroides_stercoris,-0.171071431094423,Value,BL,T12,20,20,67,0.165,-0.507445186017273,0.0963334762769915,Wilcoxon,two.sided,0.991460264900662,-2.37506029008025,-2.19980039462238,0.161489310761468,BL/T12,ns,ns,ns/ns,VA
Bacteroides_thetaiotaomicron,0.129250058453352,Value,BL,T12,20,20,133,0.312,-0.0867279468136612,0.405606083027773,Wilcoxon,two.sided,0.991460264900662,-2.40699762749563,-2.58847147631181,-0.166762683515973,BL/T12,ns,ns,ns/ns,VA
Bacteroides_uniformis,-0.0604006934418163,Value,BL,T12,20,20,76,0.294,-0.195012501869543,0.0684119935701022,Wilcoxon,two.sided,0.991460264900662,-2.11702840327742,-2.05456680185403,0.0605884813265642,BL/T12,ns,ns,ns/ns,VA
Bacteroides_xylanisolvens,-0.036155247443066,Value,BL,T12,20,20,96,0.756,-0.381115130363877,0.253183525166814,Wilcoxon,two.sided,0.991460264900662,-2.57497058003538,-2.49730667747935,0.0747956451687469,BL/T12,ns,ns,ns/ns,VA
Barnesiella_intestinihominis,-0.0320995245921167,Value,BL,T12,20,20,100,0.869,-0.262805437881149,0.290070330462124,Wilcoxon,two.sided,0.991460264900662,-2.66266547229733,-2.63937474641703,0.0230236361166013,BL/T12,ns,ns,ns/ns,VA
Bifidobacterium_adolescentis,-0.0114606690471094,Value,BL,T12,20,20,103,0.956,-0.26808960070746,0.315626889874071,Wilcoxon,two.sided,0.992887459807074,-2.75688453312749,-2.77790404247681,-0.0208016470796132,BL/T12,ns,ns,ns/ns,VA
Bifidobacterium_bifidum,0.198734253395948,Value,BL,T12,20,20,137,0.245,-0.141548642301162,0.74312156041549,Wilcoxon,two.sided,0.991460264900662,-2.67893621685221,-2.99943477779771,-0.278009362974445,BL/T12,ns,ns,ns/ns,VA
Bifidobacterium_longum,-0.139671629140724,Value,BL,T12,20,20,76,0.294,-0.38290192152556,0.122146504386443,Wilcoxon,two.sided,0.991460264900662,-2.79666840689161,-2.66603003015308,0.122782408375298,BL/T12,ns,ns,ns/ns,VA
Bifidobacterium_pseudocatenulatum,-0.189125996359928,Value,BL,T12,20,20,61,0.105,-0.42004328001953,0.0440137166572276,Wilcoxon,two.sided,0.991460264900662,-2.68924661282555,-2.52047572095736,0.155952676856243,BL/T12,ns,ns,ns/ns,VA
Bilophila_wadsworthia,-0.0626186308778146,Value,BL,T12,20,20,87,0.522,-0.312502959453077,0.188764458991438,Wilcoxon,two.sided,0.991460264900662,-2.67358806598924,-2.61315122583234,0.0586809365841566,BL/T12,ns,ns,ns/ns,VA
Blautia_caecimuris,0.0895550575902008,Value,BL,T12,20,20,119,0.622,-0.231485761120617,0.384706200515581,Wilcoxon,two.sided,0.991460264900662,-2.67744324723142,-2.7518462361037,-0.0717651481220212,BL/T12,ns,ns,ns/ns,VA
Blautia_faecicola,-0.0207304794252394,Value,BL,T12,20,20,100,0.869,-0.421098742304029,0.218350870185904,Wilcoxon,two.sided,0.991460264900662,-2.82557820660054,-2.67796110900205,0.137687703583705,BL/T12,ns,ns,ns/ns,VA
Blautia_faecis,-0.0410230660889892,Value,BL,T12,20,20,101,0.898,-0.339338608543509,0.265827379139219,Wilcoxon,two.sided,0.991460264900662,-2.79480091929713,-2.74910920848549,0.0446785906632277,BL/T12,ns,ns,ns/ns,VA
Blautia_glucerasea,0.125742934971241,Value,BL,T12,20,20,130,0.368,-0.167215989561962,0.459770269431307,Wilcoxon,two.sided,0.991460264900662,-2.67859061845192,-2.81125548745017,-0.124573147468759,BL/T12,ns,ns,ns/ns,VA
Blautia_hansenii,0.166574487567275,Value,BL,T12,20,20,143,0.165,-0.0736970064346254,0.391268176382727,Wilcoxon,two.sided,0.991460264900662,-2.7233044462288,-2.89022351112406,-0.154366997767637,BL/T12,ns,ns,ns/ns,VA
Blautia_luti,0.0430041048054629,Value,BL,T12,20,20,114,0.756,-0.247130685589214,0.412531327037908,Wilcoxon,two.sided,0.991460264900662,-2.73622688185622,-2.87752369651871,-0.132165172600503,BL/T12,ns,ns,ns/ns,VA
Blautia_massiliensis,-0.0449662000520696,Value,BL,T12,20,20,94,0.701,-0.254762124562111,0.186165977842472,Wilcoxon,two.sided,0.991460264900662,-2.71759540016032,-2.67277093051525,0.0438488996764523,BL/T12,ns,ns,ns/ns,VA
Blautia_obeum,-0.0175207611931116,Value,BL,T12,20,20,100,0.869,-0.212247713095589,0.173017695370753,Wilcoxon,two.sided,0.991460264900662,-2.75027091241634,-2.7706241875503,-0.0201489155020401,BL/T12,ns,ns,ns/ns,VA
Blautia_sp_MSK_20_85,0.143519434930858,Value,BL,T12,20,20,126,0.452,-0.189207773386063,0.549473783218317,Wilcoxon,two.sided,0.991460264900662,-2.73367298097357,-2.88826699876838,-0.143748782438493,BL/T12,ns,ns,ns/ns,VA
Blautia_stercoris,-0.142554949489728,Value,BL,T12,20,20,73,0.245,-0.463205237852523,0.0987187078545757,Wilcoxon,two.sided,0.991460264900662,-2.93669354384729,-2.73727081247753,0.181840383856949,BL/T12,ns,ns,ns/ns,VA
Blautia_wexlerae,-0.0648043170622529,Value,BL,T12,20,20,79,0.349,-0.211621323244006,0.0684235873499643,Wilcoxon,two.sided,0.991460264900662,-2.45582093536778,-2.33889889126767,0.110576727230928,BL/T12,ns,ns,ns/ns,VA
Butyricicoccus_sp_AM29_23AC,0.0648136116141017,Value,BL,T12,20,20,113,0.784,-0.392080628035144,0.470166379699559,Wilcoxon,two.sided,0.991460264900662,-2.80232914666238,-2.85765891973201,-0.0538532991933864,BL/T12,ns,ns,ns/ns,VA
Butyricimonas_faecihominis,0.0307191959768645,Value,BL,T12,20,20,113,0.784,-0.206229003750757,0.254659598884504,Wilcoxon,two.sided,0.991460264900662,-2.6379297903096,-2.68623039052711,-0.0471703770389542,BL/T12,ns,ns,ns/ns,VA
Butyricimonas_paravirosa,0.116455245520552,Value,BL,T12,20,20,128,0.409,-0.127342036975393,0.613912966239326,Wilcoxon,two.sided,0.991460264900662,-2.66050223036471,-2.91249604200223,-0.224737329884155,BL/T12,ns,ns,ns/ns,VA
Butyricimonas_SGB15260,-0.00513995192744043,Value,BL,T12,20,20,104,0.985,-0.217605158260707,0.396347297533719,Wilcoxon,two.sided,0.997351097178683,-2.66731733022283,-2.74489139283088,-0.0747122762327024,BL/T12,ns,ns,ns/ns,VA
Butyricimonas_sp_Marseille_P3923,-0.124066444070545,Value,BL,T12,20,20,82,0.409,-0.375527668960583,0.230589915495751,Wilcoxon,two.sided,0.991460264900662,-2.92530702927369,-2.8234787944462,0.0969708318195214,BL/T12,ns,ns,ns/ns,VA
Butyricimonas_virosa,-0.0177651886603041,Value,BL,T12,20,20,98,0.812,-0.319858913260838,0.179561979223876,Wilcoxon,two.sided,0.991460264900662,-2.74171342076836,-2.7063223857033,0.0347791670215407,BL/T12,ns,ns,ns/ns,VA
Candidatus_Cibionibacter_quicibialis,-0.365199152448469,Value,BL,T12,20,20,65,0.143,-0.533595655506284,0.106078652029589,Wilcoxon,two.sided,0.991460264900662,-2.68164765922082,-2.46261228095989,0.198059872441351,BL/T12,ns,ns,ns/ns,VA
Catenibacterium_SGB4425,-0.114305579936003,Value,BL,T12,20,20,85,0.475,-0.369420528376367,0.157233944534862,Wilcoxon,two.sided,0.991460264900662,-2.79271691731802,-2.68701641788503,0.100479070255538,BL/T12,ns,ns,ns/ns,VA
Clostridiaceae_bacterium,-0.189078274362249,Value,BL,T12,20,20,60,0.0973,-0.358179321648889,0.0379381897138327,Wilcoxon,two.sided,0.991460264900662,-2.54909947356741,-2.40768635502897,0.132267072429613,BL/T12,ns,ns,ns/ns,VA
Clostridiaceae_bacterium_AF18_31LB,-0.0562195132378691,Value,BL,T12,20,20,90,0.596,-0.260859021237785,0.148093312022624,Wilcoxon,two.sided,0.991460264900662,-2.71043502815053,-2.66805883528936,0.0415029077929111,BL/T12,ns,ns,ns/ns,VA
Clostridiaceae_bacterium_Marseille_Q3526,-0.0499643565143282,Value,BL,T12,20,20,93,0.674,-0.269038154053895,0.162536084553366,Wilcoxon,two.sided,0.991460264900662,-2.68063379415174,-2.62290092811366,0.0561278119882217,BL/T12,ns,ns,ns/ns,VA
Clostridiaceae_bacterium_Marseille_Q4143,-0.145855817660987,Value,BL,T12,20,20,80,0.368,-0.372143328190499,0.148481644960066,Wilcoxon,two.sided,0.991460264900662,-2.87866575573066,-2.71149874466806,0.154579454515341,BL/T12,ns,ns,ns/ns,VA
Clostridiaceae_bacterium_Marseille_Q4145,0.120496557825382,Value,BL,T12,20,20,129,0.388,-0.160789344312146,0.440691103696458,Wilcoxon,two.sided,0.991460264900662,-2.68292801208829,-2.83496698595842,-0.141533393185913,BL/T12,ns,ns,ns/ns,VA
Clostridiaceae_bacterium_Marseille_Q4149,0.304733731745963,Value,BL,T12,20,20,171,0.0121,0.038534377939208,0.612588195283658,Wilcoxon,two.sided,0.991460264900662,-2.72351757147954,-3.06070563715028,-0.29056895065914,BL/T12,ns,*,*/ns,VA
Clostridiaceae_unclassified_SGB4771,0.259436967500245,Value,BL,T12,20,20,144,0.154,-0.0648892929765752,0.542305651150078,Wilcoxon,two.sided,0.991460264900662,-2.67316359095585,-2.91571802791875,-0.217169290473896,BL/T12,ns,ns,ns/ns,VA
Clostridiales_bacterium,-0.0190021933588096,Value,BL,T12,20,20,103,0.956,-0.246896915528586,0.226533283086491,Wilcoxon,two.sided,0.992887459807074,-2.68829574510859,-2.62769643067084,0.0588341393297311,BL/T12,ns,ns,ns/ns,VA
Clostridiales_bacterium_Choco116,0.0677065098772932,Value,BL,T12,20,20,114,0.756,-0.250104597588583,0.539803844811153,Wilcoxon,two.sided,0.991460264900662,-2.72348706572784,-2.90827918337477,-0.169567331051728,BL/T12,ns,ns,ns/ns,VA
Clostridiales_bacterium_KLE1615,-0.0632221648784764,Value,BL,T12,20,20,92,0.648,-0.371906469738228,0.269971380964008,Wilcoxon,two.sided,0.991460264900662,-2.62415838981307,-2.57164275240357,0.051183143860228,BL/T12,ns,ns,ns/ns,VA
Clostridium_butyricum,-0.101796176753917,Value,BL,T12,20,20,73,0.245,-0.319223053673771,0.0741016429376524,Wilcoxon,two.sided,0.991460264900662,-3.00060628696823,-2.83809953591852,0.150578665817096,BL/T12,ns,ns,ns/ns,VA
Clostridium_fessum,0.0628285972618006,Value,BL,T12,20,20,122,0.546,-0.163943772126169,0.264936401377479,Wilcoxon,two.sided,0.991460264900662,-2.56932284239099,-2.62282960904146,-0.0521243772604323,BL/T12,ns,ns,ns/ns,VA
Clostridium_leptum,-0.186865527661213,Value,BL,T12,20,20,63,0.123,-0.36273670267967,0.0616643005782713,Wilcoxon,two.sided,0.991460264900662,-2.77166321067507,-2.64680975181401,0.117652768381794,BL/T12,ns,ns,ns/ns,VA
Clostridium_SGB4750,-0.0853815547787028,Value,BL,T12,20,20,88,0.546,-0.408277827697129,0.224398797866555,Wilcoxon,two.sided,0.991460264900662,-2.76072993091596,-2.69305479548938,0.065483513953597,BL/T12,ns,ns,ns/ns,VA
Clostridium_SGB4751,-0.00433962654926567,Value,BL,T12,20,20,105,1,-0.456606491490953,0.485113284240162,Wilcoxon,two.sided,1,-2.92652250031324,-2.98025886292271,-0.0523422884798079,BL/T12,ns,ns,ns/ns,VA
Clostridium_SGB6179,-0.0356629824855774,Value,BL,T12,20,20,100,0.869,-0.362420118711879,0.324926823848834,Wilcoxon,two.sided,0.991460264900662,-2.93927488542944,-2.8971765635668,0.041236297672991,BL/T12,ns,ns,ns/ns,VA
Clostridium_sp_1001270H_150608_G6,0.176413503137449,Value,BL,T12,20,20,147,0.123,-0.0278777629772453,0.402939401073032,Wilcoxon,two.sided,0.991460264900662,-2.61334860815731,-2.79930368433734,-0.17054842142645,BL/T12,ns,ns,ns/ns,VA
Clostridium_sp_AF12_28,-0.156684327651956,Value,BL,T12,20,20,72,0.231,-0.374038827651001,0.0879257904351936,Wilcoxon,two.sided,0.991460264900662,-2.75324719166711,-2.62766107556982,0.118303892073608,BL/T12,ns,ns,ns/ns,VA
Clostridium_sp_AF20_17LB,-0.101408921895261,Value,BL,T12,20,20,77,0.312,-0.347328463267133,0.108796713384021,Wilcoxon,two.sided,0.991460264900662,-2.87877707462063,-2.76965778421429,0.103566268324061,BL/T12,ns,ns,ns/ns,VA
Clostridium_sp_AF27_2AA,-0.12152712240626,Value,BL,T12,20,20,82,0.409,-0.483130496756332,0.111393111102371,Wilcoxon,two.sided,0.991460264900662,-2.9965877823145,-2.80555564869042,0.174820270382067,BL/T12,ns,ns,ns/ns,VA
Clostridium_sp_AF34_10BH,-0.277028080258571,Value,BL,T12,20,20,50,0.04,-0.570508172744255,-0.00853035792473511,Wilcoxon,two.sided,0.991460264900662,-2.62571224492513,-2.35650404099449,0.238393244565643,BL/T12,ns,*,*/ns,VA
Clostridium_sp_AF34_13,-0.00672796245859597,Value,BL,T12,20,20,102,0.927,-0.192719478246465,0.179397101626961,Wilcoxon,two.sided,0.991460264900662,-2.72713386789656,-2.72594759799166,0.00118556684271656,BL/T12,ns,ns,ns/ns,VA
Clostridium_sp_AF36_4,-0.120839752987047,Value,BL,T12,20,20,79,0.349,-0.396026716133023,0.125461712539204,Wilcoxon,two.sided,0.991460264900662,-2.90562607766378,-2.72564648164256,0.165497146820633,BL/T12,ns,ns,ns/ns,VA
Clostridium_sp_AM22_11AC,-0.101696750913081,Value,BL,T12,20,20,81,0.388,-0.30385739241443,0.0980899281274425,Wilcoxon,two.sided,0.991460264900662,-2.76885877009636,-2.62686690643368,0.132773986569805,BL/T12,ns,ns,ns/ns,VA
Clostridium_sp_AM33_3,-0.0898847161677515,Value,BL,T12,20,20,80,0.368,-0.266207718539556,0.109819608980934,Wilcoxon,two.sided,0.991460264900662,-2.87571215376965,-2.8194667766138,0.0547205230224903,BL/T12,ns,ns,ns/ns,VA
Clostridium_sp_AM42_4,0.0314666036423479,Value,BL,T12,20,20,111,0.841,-0.281361016553608,0.355373908262575,Wilcoxon,two.sided,0.991460264900662,-2.74798562902854,-2.78967726004295,-0.0408459600069144,BL/T12,ns,ns,ns/ns,VA
Clostridium_sp_AM49_4BH,0.0602085549479079,Value,BL,T12,20,20,118,0.648,-0.328282164408582,0.382417888729152,Wilcoxon,two.sided,0.991460264900662,-2.82425261520417,-2.82417398718776,7.86249253884432e-05,BL/T12,ns,ns,ns/ns,VA
Clostridium_sp_AT4,0.0387330391827744,Value,BL,T12,20,20,111,0.841,-0.194850609084268,0.322190871791092,Wilcoxon,two.sided,0.991460264900662,-2.53844301991668,-2.64627443572155,-0.102404424948169,BL/T12,ns,ns,ns/ns,VA
Clostridium_symbiosum,0.0414938585526793,Value,BL,T12,20,20,113,0.784,-0.215021271608659,0.263027309822031,Wilcoxon,two.sided,0.991460264900662,-2.79042156913024,-2.80770044915217,-0.0171312977860947,BL/T12,ns,ns,ns/ns,VA
Collinsella_aerofaciens,0.0126833904795407,Value,BL,T12,20,20,108,0.927,-0.227045366592589,0.303852111166971,Wilcoxon,two.sided,0.991460264900662,-2.68453087590107,-2.71246403858434,-0.0275501480742242,BL/T12,ns,ns,ns/ns,VA
Collinsella_SGB14861,-0.125773697860959,Value,BL,T12,20,20,82,0.409,-0.381262213971504,0.127004357180552,Wilcoxon,two.sided,0.991460264900662,-2.78726063479307,-2.67146306700731,0.10956945663283,BL/T12,ns,ns,ns/ns,VA
Collinsella_SGB4121,0.0232718336268583,Value,BL,T12,20,20,113,0.784,-0.0949348491982971,0.194019224560112,Wilcoxon,two.sided,0.991460264900662,-2.66333168320454,-2.72946442533146,-0.0640378415624531,BL/T12,ns,ns,ns/ns,VA
Coprobacillus_cateniformis,0.108258637295749,Value,BL,T12,20,20,130,0.368,-0.149408977925354,0.328662808886484,Wilcoxon,two.sided,0.991460264900662,-2.81823793669222,-2.87276173999535,-0.0530892937527038,BL/T12,ns,ns,ns/ns,VA
Coprobacter_fastidiosus,-0.220083517507431,Value,BL,T12,20,20,57,0.0759,-0.474560042040925,0.0242685513696894,Wilcoxon,two.sided,0.991460264900662,-2.91747091916389,-2.6708632895168,0.220425965738943,BL/T12,ns,ns,ns/ns,VA
Coprobacter_secundus,0.199253294406281,Value,BL,T12,20,20,144,0.154,-0.100779242454253,0.571621029076947,Wilcoxon,two.sided,0.991460264900662,-2.67920873118315,-2.93936721803084,-0.2312374962658,BL/T12,ns,ns,ns/ns,VA
Coprococcus_catus,0.150855973680533,Value,BL,T12,20,20,142,0.177,-0.102715272894686,0.449461347367269,Wilcoxon,two.sided,0.991460264900662,-2.64296749547213,-2.85323239933754,-0.190839264461623,BL/T12,ns,ns,ns/ns,VA
Coprococcus_comes,-0.0128866817415433,Value,BL,T12,20,20,102,0.927,-0.223382873345368,0.215405382035596,Wilcoxon,two.sided,0.991460264900662,-2.75989293289967,-2.73265069743575,0.0268777701876368,BL/T12,ns,ns,ns/ns,VA
Coprococcus_eutactus,0.081201975462644,Value,BL,T12,20,20,121,0.571,-0.224523298133047,0.357194097757252,Wilcoxon,two.sided,0.991460264900662,-2.61306175167654,-2.6719095346203,-0.0571813196911572,BL/T12,ns,ns,ns/ns,VA
Coprococcus_SGB4669,0.149376343029341,Value,BL,T12,20,20,138,0.231,-0.145143123305854,0.489890640684159,Wilcoxon,two.sided,0.991460264900662,-2.63348351668705,-2.82209616663026,-0.172786786619025,BL/T12,ns,ns,ns/ns,VA
Desulfovibrio_piger,0.0120343386689046,Value,BL,T12,20,20,110,0.869,-0.162268647009681,0.191968594499214,Wilcoxon,two.sided,0.991460264900662,-2.81785135373838,-2.81556179942712,0.00228693727559662,BL/T12,ns,ns,ns/ns,VA
Desulfovibrio_SGB5076,-0.089460916393405,Value,BL,T12,20,20,91,0.622,-0.446461558865518,0.30021084651183,Wilcoxon,two.sided,0.991460264900662,-2.8426946459852,-2.77269652021518,0.0676568968554788,BL/T12,ns,ns,ns/ns,VA
Desulfovibrio_SGB5077,0.0165657463334489,Value,BL,T12,20,20,111,0.841,-0.281404642722067,0.32232919361699,Wilcoxon,two.sided,0.991460264900662,-2.62727610502064,-2.65476013373073,-0.0271131234329765,BL/T12,ns,ns,ns/ns,VA
Dialister_hominis,0.11772807651152,Value,BL,T12,20,20,133,0.312,-0.0814806829727959,0.314888572943707,Wilcoxon,two.sided,0.991460264900662,-2.68995458623203,-2.83008573416823,-0.131143297838871,BL/T12,ns,ns,ns/ns,VA
Dialister_invisus,-0.107143304189239,Value,BL,T12,20,20,66,0.154,-0.334037332277732,0.0598604504011826,Wilcoxon,two.sided,0.991460264900662,-2.7892725061179,-2.63060121234121,0.147273912205222,BL/T12,ns,ns,ns/ns,VA
Dorea_formicigenerans,-0.238510116824947,Value,BL,T12,20,20,68,0.177,-0.578265005267707,0.0690027245306881,Wilcoxon,two.sided,0.991460264900662,-2.92881766872601,-2.66442653858346,0.234590686262391,BL/T12,ns,ns,ns/ns,VA
Dorea_longicatena,0.0798744903666945,Value,BL,T12,20,20,123,0.522,-0.172868506568628,0.32068644528413,Wilcoxon,two.sided,0.991460264900662,-2.59345083070476,-2.66798967161268,-0.0718915843372161,BL/T12,ns,ns,ns/ns,VA
Dorea_sp_AF36_15AT,0.179162750826689,Value,BL,T12,20,20,150,0.0973,-0.0235088603308726,0.401560068378809,Wilcoxon,two.sided,0.991460264900662,-2.71952204884538,-2.90798431663051,-0.172660259552363,BL/T12,ns,ns,ns/ns,VA
Dysosmobacter_sp_BX15,0.176931740204083,Value,BL,T12,20,20,142,0.177,-0.106020046134587,0.385663133275616,Wilcoxon,two.sided,0.991460264900662,-2.65280377657629,-2.81573109544661,-0.150940377061149,BL/T12,ns,ns,ns/ns,VA
Dysosmobacter_sp_NSJ_60,-0.178871095307946,Value,BL,T12,20,20,83,0.43,-0.481329261097397,0.210449767503673,Wilcoxon,two.sided,0.991460264900662,-2.80268048488088,-2.6628451553223,0.130883804217196,BL/T12,ns,ns,ns/ns,VA
Dysosmobacter_welbionis,-0.0255889532270659,Value,BL,T12,20,20,100,0.869,-0.26471202781376,0.224239308415584,Wilcoxon,two.sided,0.991460264900662,-2.62871979754855,-2.61958071849827,0.0090975703763591,BL/T12,ns,ns,ns/ns,VA
Eggerthella_lenta,-0.145574620628461,Value,BL,T12,20,20,75,0.277,-0.405325895136166,0.0781871679101096,Wilcoxon,two.sided,0.991460264900662,-2.90986640302725,-2.70525567829285,0.186156464737775,BL/T12,ns,ns,ns/ns,VA
Eisenbergiella_massiliensis,-0.239348033759205,Value,BL,T12,20,20,64,0.133,-0.592293336767027,0.0702530933683021,Wilcoxon,two.sided,0.991460264900662,-2.88705301481577,-2.60299357726675,0.250026495122403,BL/T12,ns,ns,ns/ns,VA
Eisenbergiella_tayi,0.0509794046494295,Value,BL,T12,20,20,116,0.701,-0.329444821006761,0.452392816754241,Wilcoxon,two.sided,0.991460264900662,-2.85448648061713,-2.90120274599419,-0.0456578974322304,BL/T12,ns,ns,ns/ns,VA
Enterobacter_hormaechei,0.114339121088102,Value,BL,T12,20,20,128,0.409,-0.136447457496552,0.309874597687028,Wilcoxon,two.sided,0.991460264900662,-2.61472204082715,-2.69621982181424,-0.0783469146169985,BL/T12,ns,ns,ns/ns,VA
Enterobacter_kobei,0.216932422959306,Value,BL,T12,20,20,146,0.133,-0.0393972053731035,0.502926803067374,Wilcoxon,two.sided,0.991460264900662,-2.71634596631994,-2.96427585737755,-0.221486091332076,BL/T12,ns,ns,ns/ns,VA
Enterocloster_aldenensis,0.15306422577522,Value,BL,T12,20,20,132,0.33,-0.154517154576628,0.40961922933541,Wilcoxon,two.sided,0.991460264900662,-2.76428526695795,-2.8957215446276,-0.123487867819481,BL/T12,ns,ns,ns/ns,VA
Enterocloster_asparagiformis,0.0357036322581159,Value,BL,T12,20,20,110,0.869,-0.285142027840251,0.356055246605331,Wilcoxon,two.sided,0.991460264900662,-2.78387900909855,-2.79790961798219,-0.0139330909891775,BL/T12,ns,ns,ns/ns,VA
Enterocloster_bolteae,0.135660880364303,Value,BL,T12,20,20,128,0.409,-0.14199470774844,0.383760967982914,Wilcoxon,two.sided,0.991460264900662,-2.63254846616328,-2.73639561509471,-0.0988014862146636,BL/T12,ns,ns,ns/ns,VA
Enterocloster_citroniae,0.0258748051521258,Value,BL,T12,20,20,112,0.812,-0.225763433959608,0.270724600675307,Wilcoxon,two.sided,0.991460264900662,-2.69768151598943,-2.71316351504524,-0.0153633756929127,BL/T12,ns,ns,ns/ns,VA
Enterocloster_clostridioformis,-0.0155517659660626,Value,BL,T12,20,20,101,0.898,-0.280073466897621,0.27909409167741,Wilcoxon,two.sided,0.991460264900662,-2.75562642133899,-2.79911433868266,-0.0425688684969941,BL/T12,ns,ns,ns/ns,VA
Enterocloster_lavalensis,0.107942782097578,Value,BL,T12,20,20,125,0.475,-0.21612772741302,0.361020586690863,Wilcoxon,two.sided,0.991460264900662,-2.6981881931124,-2.73495043215575,-0.0361026252768516,BL/T12,ns,ns,ns/ns,VA
Enterocloster_SGB14313,0.0314344237749702,Value,BL,T12,20,20,111,0.841,-0.194426905198708,0.286612324593238,Wilcoxon,two.sided,0.991460264900662,-2.75097604971978,-2.81999253243257,-0.0667390507386175,BL/T12,ns,ns,ns/ns,VA
Erysipelatoclostridium_ramosum,0.00991773372802196,Value,BL,T12,20,20,109,0.898,-0.32742927959511,0.24145353550605,Wilcoxon,two.sided,0.991460264900662,-2.72878519071151,-2.71204398795743,0.0166026134482014,BL/T12,ns,ns,ns/ns,VA
Escherichia_coli,0.177235301920927,Value,BL,T12,20,20,136,0.261,-0.127158588635754,0.457157346896799,Wilcoxon,two.sided,0.991460264900662,-2.44707893288127,-2.60681750257308,-0.148194608763087,BL/T12,ns,ns,ns/ns,VA
Eubacteriaceae_bacterium,0.0125092628222924,Value,BL,T12,20,20,107,0.956,-0.239018094247435,0.329274490831768,Wilcoxon,two.sided,0.992887459807074,-2.80293970732994,-2.84055877161359,-0.0369287272935327,BL/T12,ns,ns,ns/ns,VA
Eubacteriales_unclassified_SGB15145,0.0175763354668774,Value,BL,T12,20,20,108,0.927,-0.266130318285419,0.310496022231672,Wilcoxon,two.sided,0.991460264900662,-2.74288238454122,-2.77488128754831,-0.0314976040811755,BL/T12,ns,ns,ns/ns,VA
Eubacterium_ramulus,-0.0932512792625954,Value,BL,T12,20,20,92,0.648,-0.437134564497624,0.25106477128801,Wilcoxon,two.sided,0.991460264900662,-2.87049877973462,-2.81631962285478,0.0527624137388961,BL/T12,ns,ns,ns/ns,VA
Eubacterium_rectale,0.0748247167504488,Value,BL,T12,20,20,122,0.546,-0.150891804249236,0.373070108880757,Wilcoxon,two.sided,0.991460264900662,-2.44424043110569,-2.57337691164019,-0.121453164074401,BL/T12,ns,ns,ns/ns,VA
Eubacterium_SGB6276,0.232556537096806,Value,BL,T12,20,20,147,0.123,-0.0669182962732038,0.571574887242867,Wilcoxon,two.sided,0.991460264900662,-2.61669341780582,-2.86992146649821,-0.225722661502302,BL/T12,ns,ns,ns/ns,VA
Eubacterium_siraeum,-0.0655103392894227,Value,BL,T12,20,20,93,0.674,-0.336404924071471,0.195067019876809,Wilcoxon,two.sided,0.991460264900662,-2.81567628222508,-2.76658775434721,0.0479217184918802,BL/T12,ns,ns,ns/ns,VA
Eubacterium_sp_AF16_48,0.0159730778332255,Value,BL,T12,20,20,108,0.927,-0.356360845663503,0.38295604261972,Wilcoxon,two.sided,0.991460264900662,-2.91071561864352,-2.97642616191037,-0.0636417534742873,BL/T12,ns,ns,ns/ns,VA
Eubacterium_sp_AF34_35BH,-0.0520989292519445,Value,BL,T12,20,20,87,0.522,-0.266324290720444,0.290776328611004,Wilcoxon,two.sided,0.991460264900662,-2.76353098830455,-2.79096122635231,-0.027060770239272,BL/T12,ns,ns,ns/ns,VA
Eubacterium_ventriosum,-0.0322364306860266,Value,BL,T12,20,20,93,0.674,-0.316540002810054,0.163288702398326,Wilcoxon,two.sided,0.991460264900662,-2.82773117728586,-2.73556659606477,0.0881615813702126,BL/T12,ns,ns,ns/ns,VA
Evtepia_gabavorous,0.0277045934306173,Value,BL,T12,20,20,112,0.812,-0.238532694022563,0.175817978719305,Wilcoxon,two.sided,0.991460264900662,-2.82221308762936,-2.71153749270652,0.10496847425019,BL/T12,ns,ns,ns/ns,VA
Faecalibacillus_faecis,-0.00951557643907408,Value,BL,T12,20,20,102,0.927,-0.252983417761191,0.132663934409271,Wilcoxon,two.sided,0.991460264900662,-2.80049366435978,-2.73488992935275,0.0635415258720174,BL/T12,ns,ns,ns/ns,VA
Faecalibacillus_intestinalis,-0.0494190501854517,Value,BL,T12,20,20,94,0.701,-0.300340161758934,0.181611064785263,Wilcoxon,two.sided,0.991460264900662,-2.85637490767288,-2.77255447645694,0.0804922354355041,BL/T12,ns,ns,ns/ns,VA
Faecalibacterium_prausnitzii,-0.0573674345880004,Value,BL,T12,20,20,85,0.475,-0.356879297591584,0.132292400261324,Wilcoxon,two.sided,0.991460264900662,-1.95210350772451,-1.84338371053892,0.10320601385177,BL/T12,ns,ns,ns/ns,VA
Faecalibacterium_SGB15315,-0.0191154702780525,Value,BL,T12,20,20,104,0.985,-0.460064639969882,0.277110559616809,Wilcoxon,two.sided,0.997351097178683,-3.00356350724018,-2.88122638343765,0.115413228816558,BL/T12,ns,ns,ns/ns,VA
Faecalibacterium_SGB15346,0.0433061598618975,Value,BL,T12,20,20,124,0.498,-0.148515995874771,0.212245990863957,Wilcoxon,two.sided,0.991460264900662,-2.49137689635264,-2.49107032220114,0.000306527167243163,BL/T12,ns,ns,ns/ns,VA
Faecalicatena_fissicatena,0.145722377274843,Value,BL,T12,20,20,143,0.165,-0.0633279038138914,0.347982333908888,Wilcoxon,two.sided,0.991460264900662,-2.65110234516845,-2.78782561833809,-0.128149801829812,BL/T12,ns,ns,ns/ns,VA
Faecalimonas_umbilicata,-0.0865785152865257,Value,BL,T12,20,20,87,0.522,-0.438979690313961,0.129381144060715,Wilcoxon,two.sided,0.991460264900662,-2.89207272318359,-2.72698764387738,0.152794113798542,BL/T12,ns,ns,ns/ns,VA
Firmicutes_bacterium_AF16_15,0.0462798229441722,Value,BL,T12,20,20,119,0.622,-0.127988177046906,0.23753866774687,Wilcoxon,two.sided,0.991460264900662,-2.60083962361355,-2.67497393930732,-0.0715150494345559,BL/T12,ns,ns,ns/ns,VA
Flavonifractor_plautii,0.0456324065887757,Value,BL,T12,20,20,119,0.622,-0.177834857903254,0.297276309634833,Wilcoxon,two.sided,0.991460264900662,-2.63806747198051,-2.71244314650832,-0.0717397249875238,BL/T12,ns,ns,ns/ns,VA
Fusicatenibacter_saccharivorans,-0.033750715553913,Value,BL,T12,20,20,95,0.729,-0.310612352326392,0.14433756304067,Wilcoxon,two.sided,0.991460264900662,-2.62371914881757,-2.51702368636391,0.101378514211224,BL/T12,ns,ns,ns/ns,VA
Fusobacterium_mortiferum,-0.11309284327297,Value,BL,T12,20,20,83,0.43,-0.391264602215037,0.163465918348462,Wilcoxon,two.sided,0.991460264900662,-2.83859405712366,-2.73778461047279,0.0960457697833666,BL/T12,ns,ns,ns/ns,VA
Fusobacterium_ulcerans,0.0820653113924317,Value,BL,T12,20,20,122,0.546,-0.216228802530224,0.369955298327559,Wilcoxon,two.sided,0.991460264900662,-2.85821670061028,-2.90955772425679,-0.0500665146651173,BL/T12,ns,ns,ns/ns,VA
Fusobacterium_varium,-0.246546099032632,Value,BL,T12,20,20,69,0.189,-0.585081861356875,0.149633961695076,Wilcoxon,two.sided,0.991460264900662,-2.96473630894274,-2.78172411768677,0.168063890315899,BL/T12,ns,ns,ns/ns,VA
Gemmiger_formicilis,-0.0308207839834854,Value,BL,T12,20,20,97,0.784,-0.295328873853266,0.24828415518043,Wilcoxon,two.sided,0.991460264900662,-2.67215107101869,-2.66835337115913,0.00379050680307066,BL/T12,ns,ns,ns/ns,VA
Gemmiger_SGB15295,-0.157778905732591,Value,BL,T12,20,20,73,0.245,-0.447768945804513,0.0938058559059165,Wilcoxon,two.sided,0.991460264900662,-2.80729177626798,-2.61822863389633,0.173165721741538,BL/T12,ns,ns,ns/ns,VA
GGB13493_SGB15238,-0.00637054949060067,Value,BL,T12,20,20,103,0.956,-0.253701913416513,0.260758815191296,Wilcoxon,two.sided,0.992887459807074,-2.78021451240337,-2.75701506958531,0.0229344267339274,BL/T12,ns,ns,ns/ns,VA
GGB1495_SGB2071,-0.164289473857592,Value,BL,T12,20,20,62,0.114,-0.443818968136234,0.0262408202669904,Wilcoxon,two.sided,0.991460264900662,-2.8799257213154,-2.66127044420774,0.197748018961897,BL/T12,ns,ns,ns/ns,VA
GGB16040_SGB9347,0.236658322726067,Value,BL,T12,20,20,129,0.388,-0.118668952298263,0.473990457550265,Wilcoxon,two.sided,0.991460264900662,-2.81427724142895,-2.99584272335796,-0.166840238816625,BL/T12,ns,ns,ns/ns,VA
GGB1663_SGB2279,0.0545290194220097,Value,BL,T12,20,20,113,0.784,-0.207836919642157,0.281917169960569,Wilcoxon,two.sided,0.991460264900662,-2.72093825555811,-2.75914021506614,-0.0374903318182188,BL/T12,ns,ns,ns/ns,VA
GGB2998_SGB3988,-0.0314843402088283,Value,BL,T12,20,20,101,0.898,-0.420525321330845,0.339183506243764,Wilcoxon,two.sided,0.991460264900662,-2.74387488280292,-2.72656528609318,0.0171614922830864,BL/T12,ns,ns,ns/ns,VA
GGB3175_SGB4191,-0.387472234035586,Value,BL,T12,20,20,52,0.0484,-0.859473355623659,-0.010476328350157,Wilcoxon,two.sided,0.991460264900662,-2.98325256810172,-2.50454715683894,0.391166982863652,BL/T12,ns,*,*/ns,VA
GGB3256_SGB4303,0.0823529386711032,Value,BL,T12,20,20,121,0.571,-0.219344047511896,0.380011298633779,Wilcoxon,two.sided,0.991460264900662,-2.70381962750409,-2.78722929555298,-0.0801131680055114,BL/T12,ns,ns,ns/ns,VA
GGB3277_SGB4327,-0.0941692385565542,Value,BL,T12,20,20,83,0.43,-0.280338220472371,0.164993432770027,Wilcoxon,two.sided,0.991460264900662,-2.65461932974388,-2.60208243544022,0.0512033399302546,BL/T12,ns,ns,ns/ns,VA
GGB3278_SGB4328,-0.0590766036718303,Value,BL,T12,20,20,93,0.674,-0.460476589833687,0.302219360107102,Wilcoxon,two.sided,0.991460264900662,-2.84664143213732,-2.74651132360457,0.0954284532940605,BL/T12,ns,ns,ns/ns,VA
GGB3304_SGB4367,-0.0609877991404165,Value,BL,T12,20,20,101,0.898,-0.355462756678247,0.36974617199539,Wilcoxon,two.sided,0.991460264900662,-2.68985169185005,-2.75221575551708,-0.0604966735533142,BL/T12,ns,ns,ns/ns,VA
GGB3321_SGB4394,0.0816842860982002,Value,BL,T12,20,20,114,0.756,-0.410404958641366,0.353336720800237,Wilcoxon,two.sided,0.991460264900662,-2.83685497172893,-2.85332048270229,-0.0163314243157291,BL/T12,ns,ns,ns/ns,VA
GGB33469_SGB15236,-0.128294297681054,Value,BL,T12,20,20,85,0.475,-0.504812837219536,0.219775804055995,Wilcoxon,two.sided,0.991460264900662,-2.85991471177987,-2.70882123582454,0.140712339261737,BL/T12,ns,ns,ns/ns,VA
GGB3363_SGB4447,-0.106599900719992,Value,BL,T12,20,20,91,0.622,-0.491865903050839,0.247068926287771,Wilcoxon,two.sided,0.991460264900662,-2.87748073767978,-2.76913701664085,0.102866757761738,BL/T12,ns,ns,ns/ns,VA
GGB3363_SGB4448,0.198035091055417,Value,BL,T12,20,20,137,0.245,-0.124298145578301,0.502451971261987,Wilcoxon,two.sided,0.991460264900662,-2.74703950145492,-2.95324079805303,-0.187475996978718,BL/T12,ns,ns,ns/ns,VA
GGB33928_SGB15225,-0.155440822703074,Value,BL,T12,20,20,77,0.312,-0.422633042912735,0.214684386354136,Wilcoxon,two.sided,0.991460264900662,-2.92016102820395,-2.91019236280864,0.00991930601081743,BL/T12,ns,ns,ns/ns,VA
GGB3486_SGB4658,-0.0151343916303673,Value,BL,T12,20,20,101,0.898,-0.315491995786517,0.268017956309211,Wilcoxon,two.sided,0.991460264900662,-2.92966904298665,-2.82710252929968,0.0976406563938916,BL/T12,ns,ns,ns/ns,VA
GGB3490_SGB4664,-0.130139527598137,Value,BL,T12,20,20,79,0.349,-0.496766611414711,0.154739801842809,Wilcoxon,two.sided,0.991460264900662,-2.94974848068163,-2.76831559702886,0.166728009982021,BL/T12,ns,ns,ns/ns,VA
GGB3612_SGB4882,-0.324188280847382,Value,BL,T12,20,20,49,0.0362,-0.63365115689085,-0.0194097612201813,Wilcoxon,two.sided,0.991460264900662,-2.97055324302792,-2.64408648493923,0.282518834416361,BL/T12,ns,*,*/ns,VA
GGB3619_SGB4894,0.0548681445305025,Value,BL,T12,20,20,121,0.571,-0.188757070056018,0.319962081018083,Wilcoxon,two.sided,0.991460264900662,-2.75712817967591,-2.82565268220889,-0.0662787272249298,BL/T12,ns,ns,ns/ns,VA
GGB3632_SGB4921,-0.134140581293492,Value,BL,T12,20,20,79,0.349,-0.357735716888534,0.103276044488393,Wilcoxon,two.sided,0.991460264900662,-2.84635221107774,-2.71208972577593,0.125982647040975,BL/T12,ns,ns,ns/ns,VA
GGB3653_SGB4964,0.0215646675494479,Value,BL,T12,20,20,109,0.898,-0.167096534092032,0.33865046922653,Wilcoxon,two.sided,0.991460264900662,-2.6563481544639,-2.72507455336409,-0.0664676581245947,BL/T12,ns,ns,ns/ns,VA
GGB3746_SGB5089,0.241309529032938,Value,BL,T12,20,20,158,0.0484,0.000280915801557091,0.440465317065724,Wilcoxon,two.sided,0.991460264900662,-2.60849324500927,-2.83454399485955,-0.203798231314934,BL/T12,ns,*,*/ns,VA
GGB3815_SGB5180,0.229213544704144,Value,BL,T12,20,20,135,0.277,-0.155573179919086,0.769102703703649,Wilcoxon,two.sided,0.991460264900662,-2.79514135006591,-3.10822191137905,-0.27237595011255,BL/T12,ns,ns,ns/ns,VA
GGB3819_SGB5184,-0.100541852681343,Value,BL,T12,20,20,86,0.498,-0.419904743689383,0.16238631203642,Wilcoxon,two.sided,0.991460264900662,-2.87706271457271,-2.72966018679034,0.137500716235646,BL/T12,ns,ns,ns/ns,VA
GGB3828_SGB5197,-0.0741711095359998,Value,BL,T12,20,20,90,0.596,-0.3875414725107,0.249810151695906,Wilcoxon,two.sided,0.991460264900662,-2.80622951516694,-2.71246317550483,0.0896270976977455,BL/T12,ns,ns,ns/ns,VA
GGB42994_SGB4746,0.0239322419932417,Value,BL,T12,20,20,110,0.869,-0.251841977738313,0.322983702839807,Wilcoxon,two.sided,0.991460264900662,-2.74108040154894,-2.76048678870863,-0.0192204845110892,BL/T12,ns,ns,ns/ns,VA
GGB4578_SGB6328,-0.0496566573678001,Value,BL,T12,20,20,96,0.756,-0.349869915236862,0.184921192052572,Wilcoxon,two.sided,0.991460264900662,-2.82282436548797,-2.75258738793737,0.0678800982983437,BL/T12,ns,ns,ns/ns,VA
GGB4596_SGB6358,-0.153095273916615,Value,BL,T12,20,20,73,0.245,-0.377942785780744,0.134987521146581,Wilcoxon,two.sided,0.991460264900662,-2.88713815208605,-2.73115705556176,0.144949417628846,BL/T12,ns,ns,ns/ns,VA
GGB4599_SGB6362,-0.0137170172915297,Value,BL,T12,20,20,101,0.898,-0.348977836439209,0.269846193931183,Wilcoxon,two.sided,0.991460264900662,-2.98883248272716,-2.93362946437928,0.0537331828678612,BL/T12,ns,ns,ns/ns,VA
GGB4605_SGB6376,-0.119353297985543,Value,BL,T12,20,20,80,0.368,-0.425200722148674,0.104333684988036,Wilcoxon,two.sided,0.991460264900662,-3.00097920105386,-2.82265907903661,0.164089798751027,BL/T12,ns,ns,ns/ns,VA
GGB4651_SGB6438,-0.0489797071007952,Value,BL,T12,20,20,95,0.729,-0.33926960906265,0.26817074751886,Wilcoxon,two.sided,0.991460264900662,-2.8111153182712,-2.77815147537924,0.0324321874842234,BL/T12,ns,ns,ns/ns,VA
GGB4684_SGB6478,0.0677821962027377,Value,BL,T12,20,20,123,0.522,-0.229638806292907,0.361297845529541,Wilcoxon,two.sided,0.991460264900662,-2.82413759271715,-2.93049842776442,-0.101076102194564,BL/T12,ns,ns,ns/ns,VA
GGB51269_SGB5062,0.00562068354821144,Value,BL,T12,20,20,108,0.927,-0.30709683673013,0.426101809861432,Wilcoxon,two.sided,0.991460264900662,-2.80701439550968,-2.87072898594934,-0.0617671128681224,BL/T12,ns,ns,ns/ns,VA
GGB51647_SGB4348,-0.171083145201776,Value,BL,T12,20,20,84,0.452,-0.613783290618904,0.220882353063951,Wilcoxon,two.sided,0.991460264900662,-2.91898567789555,-2.69013484527005,0.206079450252183,BL/T12,ns,ns,ns/ns,VA
GGB51884_SGB49168,0.0914546198404863,Value,BL,T12,20,20,130,0.368,-0.112429286634376,0.29717907912083,Wilcoxon,two.sided,0.991460264900662,-2.70301016027399,-2.81332052182608,-0.104639581243931,BL/T12,ns,ns,ns/ns,VA
GGB53985_SGB6367,0.00766055323924419,Value,BL,T12,20,20,106,0.985,-0.229532918366033,0.379746227889429,Wilcoxon,two.sided,0.997351097178683,-2.74834525715136,-2.82048775932404,-0.0696589849452852,BL/T12,ns,ns,ns/ns,VA
GGB58714_SGB5072,-0.0186315470848956,Value,BL,T12,20,20,104,0.985,-0.274333928000955,0.250072865507965,Wilcoxon,two.sided,0.997351097178683,-2.71905965945657,-2.70542638746153,0.0135411750533658,BL/T12,ns,ns,ns/ns,VA
GGB6569_SGB9281,0.00907213621788716,Value,BL,T12,20,20,108,0.927,-0.219245054609003,0.26698582007548,Wilcoxon,two.sided,0.991460264900662,-2.66466555781767,-2.69938572195176,-0.0341310173427066,BL/T12,ns,ns,ns/ns,VA
GGB79734_SGB15291,-0.0273420104591859,Value,BL,T12,20,20,100,0.869,-0.303346846656996,0.358332059548657,Wilcoxon,two.sided,0.991460264900662,-2.66719141201803,-2.7110087458902,-0.042884506596443,BL/T12,ns,ns,ns/ns,VA
GGB79916_SGB4587,-0.0574181795602183,Value,BL,T12,20,20,91,0.622,-0.299069391205494,0.228777562014747,Wilcoxon,two.sided,0.991460264900662,-2.74766714214543,-2.68663011107628,0.059246761067222,BL/T12,ns,ns,ns/ns,VA
GGB80011_SGB15265,-0.00776591921901792,Value,BL,T12,20,20,101,0.898,-0.216533866199987,0.354500685842305,Wilcoxon,two.sided,0.991460264900662,-2.6952475371295,-2.85461081359758,-0.147870954821252,BL/T12,ns,ns,ns/ns,VA
GGB80011_SGB15267,0.189253180616786,Value,BL,T12,20,20,137,0.245,-0.15948337645402,0.437345814389156,Wilcoxon,two.sided,0.991460264900662,-2.75384205348115,-2.86587087161028,-0.106186111076342,BL/T12,ns,ns,ns/ns,VA
GGB9061_SGB13979,-0.0474945547610401,Value,BL,T12,20,20,97,0.784,-0.412473607348131,0.263641504549943,Wilcoxon,two.sided,0.991460264900662,-2.85436342772436,-2.80099652365679,0.051991609373062,BL/T12,ns,ns,ns/ns,VA
GGB9062_SGB13981,0.0482519012399063,Value,BL,T12,20,20,115,0.729,-0.228174921429044,0.326193311156854,Wilcoxon,two.sided,0.991460264900662,-2.77458680574884,-2.88417626397937,-0.103990089460134,BL/T12,ns,ns,ns/ns,VA
GGB9063_SGB13982,0.0330745556394079,Value,BL,T12,20,20,111,0.841,-0.225435724597077,0.245331915682639,Wilcoxon,two.sided,0.991460264900662,-2.69694485811515,-2.75674739665524,-0.0580826063747438,BL/T12,ns,ns,ns/ns,VA
GGB9302_SGB14263,0.269793387229838,Value,BL,T12,20,20,150,0.0973,-0.0547291478777809,0.571440091649431,Wilcoxon,two.sided,0.991460264900662,-2.75613408166172,-2.99477043344835,-0.21401105818418,BL/T12,ns,ns,ns/ns,VA
GGB9342_SGB14306,-0.191726752403937,Value,BL,T12,20,20,70,0.202,-0.46851834673523,0.136443493246146,Wilcoxon,two.sided,0.991460264900662,-2.8556531366873,-2.70828027539846,0.137474860551756,BL/T12,ns,ns,ns/ns,VA
GGB9345_SGB14311,0.0834366058901597,Value,BL,T12,20,20,121,0.571,-0.264197597571466,0.522755269310659,Wilcoxon,two.sided,0.991460264900662,-2.67494734128173,-2.81900201684995,-0.134578685144397,BL/T12,ns,ns,ns/ns,VA
GGB9480_SGB14874,-0.0122278773420419,Value,BL,T12,20,20,101,0.898,-0.279762811898806,0.282130999897689,Wilcoxon,two.sided,0.991460264900662,-2.79398873949573,-2.82442461133842,-0.0299818892738992,BL/T12,ns,ns,ns/ns,VA
GGB9524_SGB14924,-0.00167235569739976,Value,BL,T12,20,20,105,1,-0.340066861841791,0.344326665617375,Wilcoxon,two.sided,1,-2.91021766470989,-2.89331481577626,0.016761585397841,BL/T12,ns,ns,ns/ns,VA
GGB9593_SGB15015,0.0404427472205522,Value,BL,T12,20,20,113,0.784,-0.28601900609731,0.334852165047636,Wilcoxon,two.sided,0.991460264900662,-2.72140495575378,-2.75943240559828,-0.0373222293309382,BL/T12,ns,ns,ns/ns,VA
GGB9595_SGB15019,0.0248782011743311,Value,BL,T12,20,20,109,0.898,-0.250590717884069,0.334509834507734,Wilcoxon,two.sided,0.991460264900662,-2.69032988228529,-2.75416493089142,-0.0618803493956188,BL/T12,ns,ns,ns/ns,VA
GGB9602_SGB15028,0.219187669703097,Value,BL,T12,20,20,149,0.105,-0.0531871859150392,0.484741567727938,Wilcoxon,two.sided,0.991460264900662,-2.58311573636067,-2.8193682662118,-0.2120846503439,BL/T12,ns,ns,ns/ns,VA
GGB9602_SGB15031,-0.0632967105692702,Value,BL,T12,20,20,94,0.701,-0.236228443057871,0.133997033094672,Wilcoxon,two.sided,0.991460264900662,-2.55452787093834,-2.51941251983844,0.0345128708452738,BL/T12,ns,ns,ns/ns,VA
GGB9614_SGB15049,-0.0335479955183401,Value,BL,T12,20,20,100,0.869,-0.323285297911466,0.29168227101358,Wilcoxon,two.sided,0.991460264900662,-2.7979412746897,-2.79612068436842,0.00181893505545162,BL/T12,ns,ns,ns/ns,VA
GGB9616_SGB15051,0.216767825796674,Value,BL,T12,20,20,151,0.0897,-0.0314563993818913,0.483282521281468,Wilcoxon,two.sided,0.991460264900662,-2.70003927035257,-2.9470017456434,-0.220710574257017,BL/T12,ns,ns,ns/ns,VA
GGB9616_SGB15052,0.0995602397750448,Value,BL,T12,20,20,121,0.571,-0.246878631307172,0.463290793927229,Wilcoxon,two.sided,0.991460264900662,-2.77342904019285,-2.85760341230741,-0.0808187499651772,BL/T12,ns,ns,ns/ns,VA
GGB9627_SGB15081,0.0698092132729475,Value,BL,T12,20,20,122,0.546,-0.184918870769643,0.317826126329759,Wilcoxon,two.sided,0.991460264900662,-2.91540480874813,-2.94038226792517,-0.0246706213017805,BL/T12,ns,ns,ns/ns,VA
GGB9634_SGB15093,0.175536100027434,Value,BL,T12,20,20,138,0.231,-0.0831575927774457,0.500248744374508,Wilcoxon,two.sided,0.991460264900662,-2.61397691156206,-2.83216775139985,-0.197366839968062,BL/T12,ns,ns,ns/ns,VA
GGB9635_SGB15103,0.0442495418925637,Value,BL,T12,20,20,114,0.756,-0.23815907316002,0.269030870990805,Wilcoxon,two.sided,0.991460264900662,-2.82827465641223,-2.83636339616855,-0.00805620124681831,BL/T12,ns,ns,ns/ns,VA
GGB9635_SGB15106,0.0756525682895627,Value,BL,T12,20,20,119,0.622,-0.246649937339214,0.306322153455894,Wilcoxon,two.sided,0.991460264900662,-2.92162146928466,-2.92981651714017,-0.00816165078714657,BL/T12,ns,ns,ns/ns,VA
GGB9677_SGB15180,-0.0898871492957408,Value,BL,T12,20,20,94,0.701,-0.41123428235963,0.292918633812447,Wilcoxon,two.sided,0.991460264900662,-2.78898495963014,-2.72401420462926,0.0629473386912809,BL/T12,ns,ns,ns/ns,VA
GGB9691_SGB15198,-0.126244853422183,Value,BL,T12,20,20,76,0.294,-0.467356137879865,0.116307983304151,Wilcoxon,two.sided,0.991460264900662,-2.84379653898284,-2.66399678572577,0.165344723447195,BL/T12,ns,ns,ns/ns,VA
GGB9699_SGB15216,0.0921660393884857,Value,BL,T12,20,20,121,0.571,-0.248498407390379,0.43283048616735,Wilcoxon,two.sided,0.991460264900662,-2.71764601796106,-2.82296067223078,-0.100130049429924,BL/T12,ns,ns,ns/ns,VA
GGB9707_SGB15229,0.155402691070678,Value,BL,T12,20,20,151,0.0897,-0.0242109546830396,0.350967257663585,Wilcoxon,two.sided,0.991460264900662,-2.69270456540698,-2.8552368749774,-0.15060065127201,BL/T12,ns,ns,ns/ns,VA
GGB9708_SGB15233,0.146907186941764,Value,BL,T12,20,20,142,0.177,-0.0793894025819915,0.425867599583301,Wilcoxon,two.sided,0.991460264900662,-2.72173195928961,-2.91755982927382,-0.178838723752872,BL/T12,ns,ns,ns/ns,VA
GGB9708_SGB15234,-0.0939793890149698,Value,BL,T12,20,20,82,0.409,-0.297411337998017,0.142174821302513,Wilcoxon,two.sided,0.991460264900662,-2.70789666461927,-2.6488026770853,0.057413813893549,BL/T12,ns,ns,ns/ns,VA
GGB9712_SGB15244,-0.0465063742484134,Value,BL,T12,20,20,97,0.784,-0.329789311515887,0.230409020557617,Wilcoxon,two.sided,0.991460264900662,-2.77292768252516,-2.73910963642647,0.0332587897105318,BL/T12,ns,ns,ns/ns,VA
GGB9713_SGB15249,0.124497753800813,Value,BL,T12,20,20,132,0.33,-0.168927644104917,0.377227993245578,Wilcoxon,two.sided,0.991460264900662,-2.67121073381213,-2.77126519668597,-0.0953596902821561,BL/T12,ns,ns,ns/ns,VA
GGB9747_SGB15356,-0.0334383314387375,Value,BL,T12,20,20,101,0.898,-0.340440758261926,0.312760993493138,Wilcoxon,two.sided,0.991460264900662,-2.79428080101203,-2.79422475055261,5.6048888653502e-05,BL/T12,ns,ns,ns/ns,VA
GGB9758_SGB15368,0.0535363192197494,Value,BL,T12,20,20,114,0.756,-0.304949532166242,0.379358451663763,Wilcoxon,two.sided,0.991460264900662,-2.63726928044865,-2.66786347639522,-0.0301355251734106,BL/T12,ns,ns,ns/ns,VA
GGB9760_SGB15373,0.101418755006446,Value,BL,T12,20,20,127,0.43,-0.135677482851578,0.335144866832919,Wilcoxon,two.sided,0.991460264900662,-2.7727146813458,-2.95117593282976,-0.164209563332039,BL/T12,ns,ns,ns/ns,VA
GGB9760_SGB15374,0.115961028076808,Value,BL,T12,20,20,125,0.475,-0.194475281163097,0.436876318651273,Wilcoxon,two.sided,0.991460264900662,-2.74100917287463,-2.83041249517309,-0.0856301356217353,BL/T12,ns,ns,ns/ns,VA
GGB9813_SGB15447,0.0837024545496252,Value,BL,T12,20,20,122,0.546,-0.233413495642461,0.389367173460039,Wilcoxon,two.sided,0.991460264900662,-2.72042020157999,-2.82260821133767,-0.0972973039444604,BL/T12,ns,ns,ns/ns,VA
Haemophilus_parainfluenzae,-0.0328289240376529,Value,BL,T12,20,20,102,0.927,-0.23307058304215,0.25173425138683,Wilcoxon,two.sided,0.991460264900662,-2.78564244944999,-2.81515004622921,-0.0290806265543807,BL/T12,ns,ns,ns/ns,VA
Holdemanella_biformis,0.123787778495551,Value,BL,T12,20,20,144,0.154,-0.0696584398722615,0.31126771984847,Wilcoxon,two.sided,0.991460264900662,-2.74784520190421,-2.88911271012123,-0.132139494072912,BL/T12,ns,ns,ns/ns,VA
Holdemanella_porci,0.306849743888581,Value,BL,T12,20,20,162,0.0328,0.0224235203989647,0.559242738355362,Wilcoxon,two.sided,0.991460264900662,-2.61165965925626,-2.92727255250905,-0.274302635568104,BL/T12,ns,*,*/ns,VA
Holdemania_filiformis,0.0864039225272549,Value,BL,T12,20,20,120,0.596,-0.268648451559749,0.493671868001963,Wilcoxon,two.sided,0.991460264900662,-2.78950082842081,-2.82784371856461,-0.0376260675197716,BL/T12,ns,ns,ns/ns,VA
Holdemania_massiliensis,0.0781524314472182,Value,BL,T12,20,20,128,0.409,-0.280660497021464,0.360730494909608,Wilcoxon,two.sided,0.991460264900662,-2.74547490300231,-2.79250103545639,-0.0459538909408856,BL/T12,ns,ns,ns/ns,VA
Hungatella_hathewayi,0.0852511604930762,Value,BL,T12,20,20,115,0.729,-0.276245621615147,0.428522140828222,Wilcoxon,two.sided,0.991460264900662,-2.80993971797175,-2.89276043650178,-0.0795694127918203,BL/T12,ns,ns,ns/ns,VA
Hydrogenoanaerobacterium_saccharovorans,0.0289972452613091,Value,BL,T12,20,20,109,0.898,-0.340769880387744,0.374076679569328,Wilcoxon,two.sided,0.991460264900662,-2.86283499007038,-2.88300266749465,-0.0199670034173246,BL/T12,ns,ns,ns/ns,VA
Intestinibacter_bartlettii,-0.0978894519272386,Value,BL,T12,20,20,75,0.277,-0.36225239885237,0.0427196661478233,Wilcoxon,two.sided,0.991460264900662,-2.81155749796971,-2.66640825281016,0.13553497362953,BL/T12,ns,ns,ns/ns,VA
Intestinimonas_butyriciproducens,-0.073231306727891,Value,BL,T12,20,20,80,0.368,-0.386980158962464,0.205619158926786,Wilcoxon,two.sided,0.991460264900662,-2.8502554002308,-2.74563651782411,0.0995003726776953,BL/T12,ns,ns,ns/ns,VA
Intestinimonas_massiliensis,-0.05060443806421,Value,BL,T12,20,20,97,0.784,-0.410291365341318,0.316127377545454,Wilcoxon,two.sided,0.991460264900662,-2.89488810369913,-2.85478737698744,0.0393175610707669,BL/T12,ns,ns,ns/ns,VA
Klebsiella_pneumoniae,-0.0487103391324296,Value,BL,T12,20,20,101,0.898,-0.375772848673611,0.195997716757762,Wilcoxon,two.sided,0.991460264900662,-2.79664374826541,-2.76152179610534,0.0345192479501161,BL/T12,ns,ns,ns/ns,VA
Klebsiella_quasipneumoniae,0.132758343181519,Value,BL,T12,20,20,123,0.522,-0.308414043736365,0.445064900585691,Wilcoxon,two.sided,0.991460264900662,-2.8889534900311,-2.93102157945169,-0.0412072861296694,BL/T12,ns,ns,ns/ns,VA
Klebsiella_variicola,0.00990223102559784,Value,BL,T12,20,20,106,0.985,-0.199710006387557,0.229978581047007,Wilcoxon,two.sided,0.997351097178683,-2.85918223845303,-2.87640944315033,-0.0170804988968547,BL/T12,ns,ns,ns/ns,VA
Lachnospira_eligens,-0.0152918048066559,Value,BL,T12,20,20,103,0.956,-0.25340060963417,0.215677388314264,Wilcoxon,two.sided,0.992887459807074,-2.45416070391417,-2.3635445134387,0.0867428488750242,BL/T12,ns,ns,ns/ns,VA
Lachnospira_pectinoschiza,0.0306378361987192,Value,BL,T12,20,20,110,0.869,-0.258067494463552,0.427197008512101,Wilcoxon,two.sided,0.991460264900662,-2.50000392328595,-2.54310407866335,-0.0421971976571208,BL/T12,ns,ns,ns/ns,VA
Lachnospira_sp_NSJ_43,-0.211559412327141,Value,BL,T12,20,20,55,0.0637,-0.443513995421728,0.0210414128635346,Wilcoxon,two.sided,0.991460264900662,-2.87468015323283,-2.679221801679,0.178529669629621,BL/T12,ns,ns,ns/ns,VA
Lachnospiraceae_bacterium_AM48_27BH,-0.186027265446323,Value,BL,T12,20,20,55,0.0637,-0.406701201115413,0.00560491658699247,Wilcoxon,two.sided,0.991460264900662,-2.81104602462462,-2.62585521478892,0.169903782583014,BL/T12,ns,ns,ns/ns,VA
Lachnospiraceae_bacterium_BX3,0.0475183244388191,Value,BL,T12,20,20,116,0.701,-0.204083731286089,0.389783146668398,Wilcoxon,two.sided,0.991460264900662,-2.70167666964936,-2.81034949080736,-0.103163643342185,BL/T12,ns,ns,ns/ns,VA
Lachnospiraceae_bacterium_Marseille_Q4251,0.150686321765499,Value,BL,T12,20,20,129,0.388,-0.257735172845938,0.573160571113104,Wilcoxon,two.sided,0.991460264900662,-2.72334787339816,-2.88478716976201,-0.149660008723387,BL/T12,ns,ns,ns/ns,VA
Lachnospiraceae_bacterium_OM04_12BH,-0.171550094660868,Value,BL,T12,20,20,79,0.349,-0.570599308222439,0.0998423311963363,Wilcoxon,two.sided,0.991460264900662,-2.93045475333554,-2.67305623131739,0.229044921539181,BL/T12,ns,ns,ns/ns,VA
Lacrimispora_amygdalina,-0.00192089964015818,Value,BL,T12,20,20,104,0.985,-0.219195163466539,0.173936528801848,Wilcoxon,two.sided,0.997351097178683,-2.57902685162451,-2.54785565390792,0.030695241411602,BL/T12,ns,ns,ns/ns,VA
Lacrimispora_celerecrescens,0.0659132735882501,Value,BL,T12,20,20,119,0.622,-0.244181368258706,0.44769418561742,Wilcoxon,two.sided,0.991460264900662,-3.01837947882594,-3.13121693990046,-0.106913024858581,BL/T12,ns,ns,ns/ns,VA
Lacrimispora_saccharolytica,-0.102860853821659,Value,BL,T12,20,20,86,0.498,-0.461470599154292,0.206148406011908,Wilcoxon,two.sided,0.991460264900662,-2.96350647590572,-2.80381295905948,0.148155760593454,BL/T12,ns,ns,ns/ns,VA
Lawsonibacter_asaccharolyticus,0.0747683869950606,Value,BL,T12,20,20,122,0.546,-0.196250979659965,0.304324645906892,Wilcoxon,two.sided,0.991460264900662,-2.66865375271856,-2.73701532111911,-0.0661262304353639,BL/T12,ns,ns,ns/ns,VA
Longicatena_caecimuris,-0.0965469166427628,Value,BL,T12,20,20,92,0.648,-0.44502821965467,0.301703186993294,Wilcoxon,two.sided,0.991460264900662,-2.8973790603086,-2.85729848625211,0.039298185206562,BL/T12,ns,ns,ns/ns,VA
Megamonas_funiformis,-0.0930765314017634,Value,BL,T12,20,20,90,0.596,-0.422372457258564,0.32091580581801,Wilcoxon,two.sided,0.991460264900662,-2.77869774593648,-2.75965952059536,0.0188592661386962,BL/T12,ns,ns,ns/ns,VA
Megasphaera_sp_NM10,0.0428738850748257,Value,BL,T12,20,20,118,0.648,-0.144039947349456,0.258084689406057,Wilcoxon,two.sided,0.991460264900662,-2.67124907947442,-2.71385046616733,-0.0417189233844612,BL/T12,ns,ns,ns/ns,VA
Mesosutterella_multiformis,-0.0495298845896206,Value,BL,T12,20,20,91,0.622,-0.418762662420184,0.147039723690579,Wilcoxon,two.sided,0.991460264900662,-2.7631414337852,-2.65593700541728,0.101838305483023,BL/T12,ns,ns,ns/ns,VA
Negativibacillus_massiliensis,0.0162866278909913,Value,BL,T12,20,20,108,0.927,-0.236085576768915,0.264552612960799,Wilcoxon,two.sided,0.991460264900662,-2.80893302739235,-2.8398421496966,-0.0304410559550919,BL/T12,ns,ns,ns/ns,VA
Odoribacter_sp_AF15_53,-0.193390354537604,Value,BL,T12,20,20,74,0.261,-0.682910717966235,0.267293710902238,Wilcoxon,two.sided,0.991460264900662,-2.98518011020074,-2.74041307461952,0.218948392392455,BL/T12,ns,ns,ns/ns,VA
Odoribacter_splanchnicus,-0.102100404845783,Value,BL,T12,20,20,83,0.43,-0.297033782637979,0.122372207420872,Wilcoxon,two.sided,0.991460264900662,-2.69202230967353,-2.60699910625153,0.0816013724061567,BL/T12,ns,ns,ns/ns,VA
Oscillibacter_sp_ER4,-0.0324786361736375,Value,BL,T12,20,20,99,0.841,-0.260538217339133,0.2258678998006,Wilcoxon,two.sided,0.991460264900662,-2.65380773788943,-2.66587417997864,-0.0119942229484802,BL/T12,ns,ns,ns/ns,VA
Oscillospiraceae_bacterium_Marseille_Q3528,-0.239411973230689,Value,BL,T12,20,20,73,0.245,-0.579388399254296,0.272715499866852,Wilcoxon,two.sided,0.991460264900662,-3.02257148316629,-2.91730903901268,0.100082812790994,BL/T12,ns,ns,ns/ns,VA
Oscillospiraceae_bacterium_N12,-0.0179257654409152,Value,BL,T12,20,20,102,0.927,-0.328813997811169,0.299820834005831,Wilcoxon,two.sided,0.991460264900662,-2.87275541829937,-2.84293513868816,0.0293843012027594,BL/T12,ns,ns,ns/ns,VA
Oscillospiraceae_unclassified_SGB15252,-0.0112546050547152,Value,BL,T12,20,20,103,0.956,-0.29222479670392,0.273565538359778,Wilcoxon,two.sided,0.992887459807074,-2.73897277766193,-2.72564961623667,0.013235188632456,BL/T12,ns,ns,ns/ns,VA
Oscillospiraceae_unclassified_SGB15256,-0.01274373142208,Value,BL,T12,20,20,104,0.985,-0.262480656043335,0.217007280768424,Wilcoxon,two.sided,0.997351097178683,-2.75120854221317,-2.81122509389516,-0.0582845227963984,BL/T12,ns,ns,ns/ns,VA
Parabacteroides_distasonis,0.0600883787754479,Value,BL,T12,20,20,124,0.498,-0.128130308490816,0.263838065473716,Wilcoxon,two.sided,0.991460264900662,-2.32292177786488,-2.40026589941779,-0.0744988657582707,BL/T12,ns,ns,ns/ns,VA
Parabacteroides_faecis,0.042678825587344,Value,BL,T12,20,20,112,0.812,-0.300671816311025,0.422757296163077,Wilcoxon,two.sided,0.991460264900662,-2.76230442978859,-2.86685614547482,-0.099439565494635,BL/T12,ns,ns,ns/ns,VA
Parabacteroides_goldsteinii,0.00625216575406384,Value,BL,T12,20,20,106,0.985,-0.202148020394408,0.186868366461801,Wilcoxon,two.sided,0.997351097178683,-2.60659396697067,-2.59733349251735,0.00921785914969537,BL/T12,ns,ns,ns/ns,VA
Parabacteroides_johnsonii,0.253330311521604,Value,BL,T12,20,20,154,0.0696,-0.0118444742305381,0.498134053129118,Wilcoxon,two.sided,0.991460264900662,-2.64052490763565,-2.88276738601412,-0.216918196644744,BL/T12,ns,ns,ns/ns,VA
Parabacteroides_merdae,-0.0186671982135456,Value,BL,T12,20,20,99,0.841,-0.151746056863834,0.102187458498371,Wilcoxon,two.sided,0.991460264900662,-2.53167714316329,-2.50440555996077,0.0269063392226391,BL/T12,ns,ns,ns/ns,VA
Parabacteroides_sp_TM07_1AC,-0.0632316286226583,Value,BL,T12,20,20,93,0.674,-0.414180417538791,0.268572014546527,Wilcoxon,two.sided,0.991460264900662,-2.79443953704269,-2.73562113499323,0.0571535713193794,BL/T12,ns,ns,ns/ns,VA
Paraprevotella_clara,0.107120199502455,Value,BL,T12,20,20,125,0.475,-0.187084458360024,0.360259936619104,Wilcoxon,two.sided,0.991460264900662,-2.69667050351819,-2.76097649311698,-0.0623229337844287,BL/T12,ns,ns,ns/ns,VA
Parasutterella_excrementihominis,0.0857953839482853,Value,BL,T12,20,20,123,0.522,-0.18031501660063,0.308300849973617,Wilcoxon,two.sided,0.991460264900662,-2.73340807478128,-2.81584844533823,-0.0792180944414346,BL/T12,ns,ns,ns/ns,VA
Parasutterella_SGB9260,0.0591158621575512,Value,BL,T12,20,20,123,0.522,-0.17642971783587,0.282753277730114,Wilcoxon,two.sided,0.991460264900662,-2.68053329487381,-2.73778432579586,-0.0556721724676886,BL/T12,ns,ns,ns/ns,VA
Phascolarctobacterium_faecium,-0.0919595846341326,Value,BL,T12,20,20,72,0.231,-0.327477877700141,0.0503500110722865,Wilcoxon,two.sided,0.991460264900662,-2.44188161927609,-2.29274166848469,0.139013793704681,BL/T12,ns,ns,ns/ns,VA
Phascolarctobacterium_SGB5790,0.0571431444674657,Value,BL,T12,20,20,117,0.674,-0.218355085899416,0.404248924728272,Wilcoxon,two.sided,0.991460264900662,-2.72488206336521,-2.86091552527287,-0.127542775769771,BL/T12,ns,ns,ns/ns,VA
Phascolarctobacterium_succinatutens,-0.0318627133234176,Value,BL,T12,20,20,99,0.841,-0.264809055972153,0.246765114700829,Wilcoxon,two.sided,0.991460264900662,-2.7660922134863,-2.78771741251387,-0.0213946916688452,BL/T12,ns,ns,ns/ns,VA
Phocaeicola_coprocola,0.0829417053174984,Value,BL,T12,20,20,127,0.43,-0.106035921408492,0.241729928079695,Wilcoxon,two.sided,0.991460264900662,-2.41352665384819,-2.46120511268657,-0.0465767247362684,BL/T12,ns,ns,ns/ns,VA
Phocaeicola_coprophilus,-0.19501566077276,Value,BL,T12,20,20,57,0.0759,-0.477603641653118,0.0285385950518346,Wilcoxon,two.sided,0.991460264900662,-2.93855740020744,-2.65326258827608,0.250988117660665,BL/T12,ns,ns,ns/ns,VA
Phocaeicola_dorei,0.184586388952323,Value,BL,T12,20,20,145,0.143,-0.0326468018811263,0.464898091605588,Wilcoxon,two.sided,0.991460264900662,-2.34712749269043,-2.56506485563889,-0.197158741814639,BL/T12,ns,ns,ns/ns,VA
Phocaeicola_massiliensis,-0.283235189113547,Value,BL,T12,20,20,46,0.0266,-0.480075451211651,-0.0325350142694691,Wilcoxon,two.sided,0.991460264900662,-2.65332723547236,-2.39059541098979,0.233277488663208,BL/T12,ns,*,*/ns,VA
Phocaeicola_plebeius,0.0218749811054516,Value,BL,T12,20,20,107,0.956,-0.320338055089546,0.309786551989829,Wilcoxon,two.sided,0.992887459807074,-2.42047061835338,-2.40007473274365,0.0201906751426713,BL/T12,ns,ns,ns/ns,VA
Phocaeicola_SGB6473,-0.161845576715864,Value,BL,T12,20,20,66,0.154,-0.414288615334006,0.0728653051009338,Wilcoxon,two.sided,0.991460264900662,-2.8152355574923,-2.62148178776324,0.177102770696037,BL/T12,ns,ns,ns/ns,VA
Phocaeicola_vulgatus,0.0348919145567227,Value,BL,T12,20,20,121,0.571,-0.102573374094185,0.19100073387978,Wilcoxon,two.sided,0.991460264900662,-1.88871558006308,-1.89963806738075,-0.0108632677792755,BL/T12,ns,ns,ns/ns,VA
Prevotella_bivia,-0.0641457748076159,Value,BL,T12,20,20,96,0.756,-0.325812417466463,0.193047693686247,Wilcoxon,two.sided,0.991460264900662,-2.84739272281224,-2.79981005826535,0.0464852857356611,BL/T12,ns,ns,ns/ns,VA
Prevotella_copri_clade_A,-0.0104299212456269,Value,BL,T12,20,20,101,0.898,-0.27307773878483,0.174676982779689,Wilcoxon,two.sided,0.991460264900662,-2.56166894536649,-2.54178042172836,0.0196933307726803,BL/T12,ns,ns,ns/ns,VA
Prevotella_copri_clade_C,0.178333974532892,Value,BL,T12,20,20,146,0.133,-0.0589569133672383,0.462555456524261,Wilcoxon,two.sided,0.991460264900662,-2.65185837977291,-2.87212306090561,-0.199067786962647,BL/T12,ns,ns,ns/ns,VA
Prevotella_corporis,0.000473806405386856,Value,BL,T12,20,20,105,1,-0.201067113442525,0.245436869207247,Wilcoxon,two.sided,1,-2.70132849927321,-2.71105879145574,-0.00968325774928751,BL/T12,ns,ns,ns/ns,VA
Prevotella_disiens,-0.142283554979871,Value,BL,T12,20,20,77,0.312,-0.459875352044073,0.165413061133033,Wilcoxon,two.sided,0.991460264900662,-2.99194574249041,-2.82835520431183,0.151510516098954,BL/T12,ns,ns,ns/ns,VA
Prevotella_stercorea,-0.086875659153312,Value,BL,T12,20,20,93,0.674,-0.453011486931281,0.235377909325533,Wilcoxon,two.sided,0.991460264900662,-2.849285249533,-2.72816710361945,0.114326531858172,BL/T12,ns,ns,ns/ns,VA
Prevotella_timonensis,0.0733462871739097,Value,BL,T12,20,20,117,0.674,-0.329461446030149,0.502850689836125,Wilcoxon,two.sided,0.991460264900662,-2.81392528623545,-2.92730214587993,-0.107397613045345,BL/T12,ns,ns,ns/ns,VA
Pseudoruminococcus_massiliensis,0.0927002700900589,Value,BL,T12,20,20,122,0.546,-0.254819225468415,0.37889742082021,Wilcoxon,two.sided,0.991460264900662,-2.7553044601195,-2.78411866466443,-0.0284068813119469,BL/T12,ns,ns,ns/ns,VA
Rheinheimera_SGB14999,0.148656062784092,Value,BL,T12,20,20,136,0.261,-0.140002627348405,0.389264126481974,Wilcoxon,two.sided,0.991460264900662,-2.73220572695514,-2.86255219957686,-0.12252419866769,BL/T12,ns,ns,ns/ns,VA
Romboutsia_timonensis,-0.0405347183916478,Value,BL,T12,20,20,99,0.841,-0.330666462617792,0.329825365685972,Wilcoxon,two.sided,0.991460264900662,-2.79286166600026,-2.81334369737121,-0.0202750954409628,BL/T12,ns,ns,ns/ns,VA
Roseburia_faecis,-0.0631868614321933,Value,BL,T12,20,20,92,0.648,-0.329093655012731,0.234203469474515,Wilcoxon,two.sided,0.991460264900662,-2.5426845274682,-2.50701881649019,0.0350444189660752,BL/T12,ns,ns,ns/ns,VA
Roseburia_hominis,-0.0982420541805842,Value,BL,T12,20,20,86,0.498,-0.411672673850671,0.202489834851417,Wilcoxon,two.sided,0.991460264900662,-2.8445525006363,-2.72258035469296,0.115087981429909,BL/T12,ns,ns,ns/ns,VA
Roseburia_intestinalis,0.107943969069727,Value,BL,T12,20,20,120,0.596,-0.255678049252966,0.397630464095751,Wilcoxon,two.sided,0.991460264900662,-2.6851678575024,-2.74400439406604,-0.0571706982968198,BL/T12,ns,ns,ns/ns,VA
Roseburia_inulinivorans,-0.146266861072609,Value,BL,T12,20,20,69,0.189,-0.381842845183958,0.0733561603816025,Wilcoxon,two.sided,0.991460264900662,-2.59546314018863,-2.43820448857961,0.146053976908231,BL/T12,ns,ns,ns/ns,VA
Roseburia_sp_AF02_12,0.205326412405682,Value,BL,T12,20,20,163,0.0296,0.0362657335595162,0.393667052177227,Wilcoxon,two.sided,0.991460264900662,-2.53613752552307,-2.74824089067699,-0.192357168791044,BL/T12,ns,*,*/ns,VA
Roseburia_sp_AM16_25,-0.070019244488274,Value,BL,T12,20,20,92,0.648,-0.399081188245949,0.355292493110791,Wilcoxon,two.sided,0.991460264900662,-2.79934828134776,-2.73582210838383,0.0615899655705821,BL/T12,ns,ns,ns/ns,VA
Roseburia_sp_AM23_20,-0.228689809248829,Value,BL,T12,20,20,77,0.312,-0.740804125225446,0.231598659175608,Wilcoxon,two.sided,0.991460264900662,-3.02303148919162,-2.7512034548083,0.240455262683647,BL/T12,ns,ns,ns/ns,VA
Roseburia_sp_AM59_24XD,0.074054397932258,Value,BL,T12,20,20,122,0.546,-0.140638224139033,0.353654346012235,Wilcoxon,two.sided,0.991460264900662,-2.78289412967809,-2.85577478678279,-0.0703472338883951,BL/T12,ns,ns,ns/ns,VA
Ruminococcus_bicirculans,0.0419876245724239,Value,BL,T12,20,20,120,0.596,-0.124623297073958,0.287974992012901,Wilcoxon,two.sided,0.991460264900662,-2.44746051943775,-2.52386091177644,-0.0736225043620806,BL/T12,ns,ns,ns/ns,VA
Ruminococcus_bovis,0.0853267476323661,Value,BL,T12,20,20,123,0.522,-0.167787468233332,0.416433583844333,Wilcoxon,two.sided,0.991460264900662,-2.73792787130663,-2.87816705151604,-0.131238047601188,BL/T12,ns,ns,ns/ns,VA
Ruminococcus_bromii,-0.14246600960817,Value,BL,T12,20,20,71,0.216,-0.38787545700395,0.0776027973414395,Wilcoxon,two.sided,0.991460264900662,-2.42276804065121,-2.27453367595432,0.138225427494345,BL/T12,ns,ns,ns/ns,VA
Ruminococcus_callidus,-0.0681013823103856,Value,BL,T12,20,20,87,0.522,-0.339574505194526,0.122677718848867,Wilcoxon,two.sided,0.991460264900662,-2.7935598758896,-2.65301458374068,0.131506474491194,BL/T12,ns,ns,ns/ns,VA
Ruminococcus_gnavus,-0.13734184219272,Value,BL,T12,20,20,74,0.261,-0.342027091094215,0.0725402364970913,Wilcoxon,two.sided,0.991460264900662,-2.80924478518343,-2.67024013730891,0.130154765119152,BL/T12,ns,ns,ns/ns,VA
Ruminococcus_lactaris,-0.112087054033812,Value,BL,T12,20,20,78,0.33,-0.365698111846122,0.164457126564875,Wilcoxon,two.sided,0.991460264900662,-2.72657947885486,-2.66387562045199,0.0608164701444792,BL/T12,ns,ns,ns/ns,VA
Ruminococcus_SGB4421,-0.115256237003268,Value,BL,T12,20,20,81,0.388,-0.501844404012384,0.182548214277725,Wilcoxon,two.sided,0.991460264900662,-2.9403186017957,-2.7766523528648,0.151575580472401,BL/T12,ns,ns,ns/ns,VA
Ruminococcus_sp_AF13_28,-0.0789088381787383,Value,BL,T12,20,20,86,0.498,-0.281301849970868,0.155566062192673,Wilcoxon,two.sided,0.991460264900662,-2.61907240854859,-2.5568779310046,0.0603370299190113,BL/T12,ns,ns,ns/ns,VA
Ruminococcus_sp_BSD2780120874_150323_B10,0.261553599485353,Value,BL,T12,20,20,156,0.0583,-0.0116723705801165,0.591715201148403,Wilcoxon,two.sided,0.991460264900662,-2.58288430760094,-2.86881379426122,-0.251481792788232,BL/T12,ns,ns,ns/ns,VA
Ruminococcus_torques,0.0603482455356312,Value,BL,T12,20,20,116,0.701,-0.218078744502566,0.320449293028524,Wilcoxon,two.sided,0.991460264900662,-2.58188321481794,-2.61025476908695,-0.0279765358452215,BL/T12,ns,ns,ns/ns,VA
Ruthenibacterium_lactatiformans,-0.0589141962996029,Value,BL,T12,20,20,93,0.674,-0.209474718031621,0.204277849215821,Wilcoxon,two.sided,0.991460264900662,-2.63547459501939,-2.63088865106059,0.00457546055645688,BL/T12,ns,ns,ns/ns,VA
Sellimonas_intestinalis,-0.138682016089035,Value,BL,T12,20,20,77,0.312,-0.498115547664982,0.165518008364264,Wilcoxon,two.sided,0.991460264900662,-2.99124451675077,-2.8434442564085,0.137847293510592,BL/T12,ns,ns,ns/ns,VA
Streptococcus_parasanguinis,-0.0601886646031659,Value,BL,T12,20,20,86,0.498,-0.352390364010861,0.167747542163049,Wilcoxon,two.sided,0.991460264900662,-2.69980204575639,-2.61523062518173,0.0811849048791127,BL/T12,ns,ns,ns/ns,VA
Streptococcus_pasteurianus,-0.0691409111637057,Value,BL,T12,20,20,95,0.729,-0.305416327303421,0.241293157999236,Wilcoxon,two.sided,0.991460264900662,-2.8114021016668,-2.81016868186995,0.00123265975954909,BL/T12,ns,ns,ns/ns,VA
Streptococcus_salivarius,0.0271271429586034,Value,BL,T12,20,20,116,0.701,-0.174597127000851,0.16453929171495,Wilcoxon,two.sided,0.991460264900662,-2.71939727419471,-2.73179245046747,-0.0123189850318566,BL/T12,ns,ns,ns/ns,VA
Streptococcus_thermophilus,-0.0796696063569342,Value,BL,T12,20,20,93,0.674,-0.319271403877831,0.180856251215566,Wilcoxon,two.sided,0.991460264900662,-2.74420003482393,-2.68984318943395,0.0529309558082459,BL/T12,ns,ns,ns/ns,VA
Sutterella_sp_AM11_39,-0.0887387382252582,Value,BL,T12,20,20,90,0.596,-0.472456839535168,0.141125611950382,Wilcoxon,two.sided,0.991460264900662,-2.8282657982093,-2.70469934476258,0.116507959489245,BL/T12,ns,ns,ns/ns,VA
Sutterella_wadsworthensis,0.0343455915188113,Value,BL,T12,20,20,118,0.648,-0.172112508509359,0.238146511798555,Wilcoxon,two.sided,0.991460264900662,-2.7076968905169,-2.66681727986875,0.0400661351527499,BL/T12,ns,ns,ns/ns,VA
Tyzzerella_nexilis,-0.332935663434378,Value,BL,T12,20,20,78,0.33,-0.669557168125605,0.108797286341257,Wilcoxon,two.sided,0.991460264900662,-2.91601109015773,-2.57217019730633,0.295531851798015,BL/T12,ns,ns,ns/ns,VA
Veillonella_atypica,-0.370143816788402,Value,BL,T12,20,20,56,0.0696,-0.623337733591224,0.0103236237867257,Wilcoxon,two.sided,0.991460264900662,-2.97375347681437,-2.66930793100753,0.265778081378665,BL/T12,ns,ns,ns/ns,VA
Veillonella_dispar,0.13948927179139,Value,BL,T12,20,20,136,0.261,-0.0895209140857693,0.49172719489877,Wilcoxon,two.sided,0.991460264900662,-2.7722326805068,-2.93915977498573,-0.154373878755607,BL/T12,ns,ns,ns/ns,VA
Veillonella_parvula,-0.278798847455998,Value,BL,T12,20,20,53,0.0532,-0.55285650919479,0.00445663690800191,Wilcoxon,two.sided,0.991460264900662,-2.86487035382262,-2.57829372282914,0.251984916448394,BL/T12,ns,ns,ns/ns,VA
Veillonella_rogosae,-0.00680622548293353,Value,BL,T12,20,20,101,0.898,-0.207145302562888,0.18853560417077,Wilcoxon,two.sided,0.991460264900662,-2.71727014884957,-2.69041201743264,0.0265037825698362,BL/T12,ns,ns,ns/ns,VA
Vescimonas_coprocola,-0.00338599111811266,Value,BL,T12,20,20,105,1,-0.274136908229003,0.18141409133418,Wilcoxon,two.sided,1,-2.83847627356886,-2.81691594716268,0.0213311902191695,BL/T12,ns,ns,ns/ns,VA
Vescimonas_SGB15087,-0.130063238612762,Value,BL,T12,20,20,61,0.105,-0.28855759770522,0.036044908863579,Wilcoxon,two.sided,0.991460264900662,-2.79974634081898,-2.66235411067208,0.128738124626586,BL/T12,ns,ns,ns/ns,VA
Victivallis_lenta,-0.216746357707992,Value,BL,T12,20,20,64,0.133,-0.476210769994847,0.07642088570851,Wilcoxon,two.sided,0.991460264900662,-2.98561453198558,-2.77641342156917,0.189959902229401,BL/T12,ns,ns,ns/ns,VA
Waltera_intestinalis,-0.215995945506641,Value,BL,T12,20,20,49,0.0362,-0.364872144964777,-0.00364203887964343,Wilcoxon,two.sided,0.991460264900662,-2.77577227285986,-2.63617952662976,0.130670958431905,BL/T12,ns,*,*/ns,VA
Adlercreutzia_equolifaciens,-0.0487830943045504,Value,BL,T24,20,20,96,0.756,-0.302797718690059,0.212833168065567,Wilcoxon,two.sided,0.989705128205128,-2.82328664718916,-2.77015545608758,0.0517678133321213,BL/T24,ns,ns,ns/ns,VA
Agathobaculum_butyriciproducens,-0.0369032206694088,Value,BL,T24,20,20,98,0.812,-0.257796662078986,0.187501961722015,Wilcoxon,two.sided,0.989705128205128,-2.71487363204226,-2.70337994862607,0.0114281328371976,BL/T24,ns,ns,ns/ns,VA
Akkermansia_muciniphila,-0.0292564873006164,Value,BL,T24,20,20,98,0.812,-0.456521651187403,0.250944680894535,Wilcoxon,two.sided,0.989705128205128,-2.7046942741803,-2.60612333943206,0.094010184948179,BL/T24,ns,ns,ns/ns,VA
Alistipes_communis,-0.00941878954542175,Value,BL,T24,20,20,103,0.956,-0.221228551914523,0.185789930805287,Wilcoxon,two.sided,0.989705128205128,-2.75277998774297,-2.72687323411046,0.0255768592193181,BL/T24,ns,ns,ns/ns,VA
Alistipes_finegoldii,-0.167882042364039,Value,BL,T24,20,20,53,0.0532,-0.318591463754486,0.00388641731663775,Wilcoxon,two.sided,0.92055,-2.6940666688156,-2.53509867761028,0.147529946379452,BL/T24,ns,ns,ns/ns,VA
Alistipes_ihumii,0.0663413055355179,Value,BL,T24,20,20,117,0.674,-0.198085245209432,0.318818252671346,Wilcoxon,two.sided,0.989705128205128,-2.70112467137204,-2.75772290217141,-0.0550545313186704,BL/T24,ns,ns,ns/ns,VA
Alistipes_indistinctus,-0.223624399758094,Value,BL,T24,20,20,68,0.177,-0.591208898307401,0.101082274524079,Wilcoxon,two.sided,0.989705128205128,-2.90922984448828,-2.68230363792039,0.204512022573749,BL/T24,ns,ns,ns/ns,VA
Alistipes_onderdonkii,-0.250983408995984,Value,BL,T24,20,20,57,0.0759,-0.744671157101733,0.0235516393914598,Wilcoxon,two.sided,0.92055,-2.77033955969151,-2.42279444772269,0.298284501510626,BL/T24,ns,ns,ns/ns,VA
Alistipes_putredinis,-0.473873601492444,Value,BL,T24,20,20,23,0.00121,-0.700462296031021,-0.219641744170732,Wilcoxon,two.sided,0.376295,-2.66329253488132,-2.1861257044749,0.390125949375378,BL/T24,ns,**,**/ns,VA
Alistipes_senegalensis,0.189856527189635,Value,BL,T24,20,20,151,0.0897,-0.0245538103609724,0.470039087376735,Wilcoxon,two.sided,0.92055,-2.65735735162082,-2.87746189997116,-0.198936550442658,BL/T24,ns,ns,ns/ns,VA
Alistipes_shahii,-0.0548603955479552,Value,BL,T24,20,20,93,0.674,-0.341701424186735,0.158231222013573,Wilcoxon,two.sided,0.989705128205128,-2.63356597903223,-2.49429557861814,0.130388057882453,BL/T24,ns,ns,ns/ns,VA
Alistipes_sp_AF17_16,0.0820256178555079,Value,BL,T24,20,20,122,0.546,-0.216775394722366,0.368445020606701,Wilcoxon,two.sided,0.989705128205128,-2.75628772357324,-2.82178282831269,-0.0634395782141667,BL/T24,ns,ns,ns/ns,VA
Anaerobutyricum_hallii,-0.196726351852915,Value,BL,T24,20,20,53,0.0532,-0.484626055438944,0.0055762956514811,Wilcoxon,two.sided,0.92055,-2.87082475901494,-2.60712610578332,0.234042860047674,BL/T24,ns,ns,ns/ns,VA
Anaerobutyricum_soehngenii,-0.0893222657205411,Value,BL,T24,20,20,92,0.648,-0.400531307612738,0.284291313325746,Wilcoxon,two.sided,0.989705128205128,-2.95130869899974,-2.9221070335275,0.0287834196443496,BL/T24,ns,ns,ns/ns,VA
Anaerostipes_hadrus,-0.0465486635737762,Value,BL,T24,20,20,97,0.784,-0.36601126927326,0.232769604061206,Wilcoxon,two.sided,0.989705128205128,-2.72569097317917,-2.66751420871489,0.0565473936436082,BL/T24,ns,ns,ns/ns,VA
Anaerotignum_faecicola,-0.138095747152277,Value,BL,T24,20,20,62,0.114,-0.401626225403068,0.0351297666619848,Wilcoxon,two.sided,0.92055,-2.73827725445002,-2.53808113768862,0.182484974075125,BL/T24,ns,ns,ns/ns,VA
Anaerotignum_lactatifermentans,-0.132716703619034,Value,BL,T24,20,20,80,0.368,-0.315832277889131,0.188210653059417,Wilcoxon,two.sided,0.989705128205128,-2.82203285935356,-2.720104537828,0.0970616646275777,BL/T24,ns,ns,ns/ns,VA
Anaerotruncus_colihominis,-0.126034224607201,Value,BL,T24,20,20,84,0.452,-0.396343546773386,0.154182935932769,Wilcoxon,two.sided,0.989705128205128,-2.91321027015605,-2.78392382278126,0.12158597076765,BL/T24,ns,ns,ns/ns,VA
Bacteroides_caccae,-0.0114372465684404,Value,BL,T24,20,20,99,0.841,-0.386647362099365,0.298109487927058,Wilcoxon,two.sided,0.989705128205128,-2.47587592817635,-2.43015142197724,0.0447099525578136,BL/T24,ns,ns,ns/ns,VA
Bacteroides_cellulosilyticus,-0.0905529577376668,Value,BL,T24,20,20,86,0.498,-0.400496796776505,0.153622970922811,Wilcoxon,two.sided,0.989705128205128,-2.88289705096869,-2.69995991552446,0.168000443638565,BL/T24,ns,ns,ns/ns,VA
Bacteroides_clarus,-0.119338486954566,Value,BL,T24,20,20,87,0.522,-0.42353546532469,0.188831464616496,Wilcoxon,two.sided,0.989705128205128,-2.76926320225059,-2.66623006522654,0.0980637824529577,BL/T24,ns,ns,ns/ns,VA
Bacteroides_congonensis,-0.0670691491818456,Value,BL,T24,20,20,89,0.571,-0.313555765169825,0.228191790602671,Wilcoxon,two.sided,0.989705128205128,-2.84713397520347,-2.77184823499075,0.0725864311088236,BL/T24,ns,ns,ns/ns,VA
Bacteroides_eggerthii,-0.216166112615213,Value,BL,T24,20,20,62,0.114,-0.487320203294194,0.0482449721901292,Wilcoxon,two.sided,0.92055,-2.60739450001634,-2.38348681175593,0.202048763158144,BL/T24,ns,ns,ns/ns,VA
Bacteroides_faecis,-0.280547593213634,Value,BL,T24,20,20,60,0.0973,-0.541541366939893,0.0699577181840998,Wilcoxon,two.sided,0.92055,-2.72395537855792,-2.4929155852492,0.207859172682052,BL/T24,ns,ns,ns/ns,VA
Bacteroides_finegoldii,0.17783988768943,Value,BL,T24,20,20,144,0.154,-0.0704936103943465,0.46480861245006,Wilcoxon,two.sided,0.989705128205128,-2.509153849602,-2.73025625043387,-0.199754057977147,BL/T24,ns,ns,ns/ns,VA
Bacteroides_fragilis,0.00902200792272723,Value,BL,T24,20,20,105,1,-0.488209655864878,0.282871230678897,Wilcoxon,two.sided,1,-2.63039018248033,-2.50210140691488,0.120702127018696,BL/T24,ns,ns,ns/ns,VA
Bacteroides_intestinalis,0.23091905239243,Value,BL,T24,20,20,144,0.154,-0.0573270712494756,0.681917331826637,Wilcoxon,two.sided,0.989705128205128,-2.72102763460919,-3.05385175913216,-0.287300092899104,BL/T24,ns,ns,ns/ns,VA
Bacteroides_nordii,-0.115112822744599,Value,BL,T24,20,20,78,0.33,-0.335337134150127,0.109023688012572,Wilcoxon,two.sided,0.989705128205128,-2.67921833417922,-2.61346847838303,0.0636786413558216,BL/T24,ns,ns,ns/ns,VA
Bacteroides_ovatus,0.00979813060581769,Value,BL,T24,20,20,107,0.956,-0.289372778201402,0.196792304970955,Wilcoxon,two.sided,0.989705128205128,-2.47532591608203,-2.42968246989497,0.0446324339059754,BL/T24,ns,ns,ns/ns,VA
Bacteroides_salyersiae,-0.0242608226163219,Value,BL,T24,20,20,100,0.869,-0.2457072058894,0.227728581930047,Wilcoxon,two.sided,0.989705128205128,-2.68192186926374,-2.67814229536945,0.00377244925130972,BL/T24,ns,ns,ns/ns,VA
Bacteroides_sp_AF16_49,-0.0101136518756108,Value,BL,T24,20,20,103,0.956,-0.315213924250911,0.181735777239571,Wilcoxon,two.sided,0.989705128205128,-2.97068819926295,-2.8118562103826,0.147412591710113,BL/T24,ns,ns,ns/ns,VA
Bacteroides_stercoris,-0.0609892360387111,Value,BL,T24,20,20,92,0.648,-0.468249462837662,0.283068452374869,Wilcoxon,two.sided,0.989705128205128,-2.37506029008025,-2.26365526671181,0.105625001709901,BL/T24,ns,ns,ns/ns,VA
Bacteroides_thetaiotaomicron,-0.0193351514690564,Value,BL,T24,20,20,102,0.927,-0.256378016236904,0.228738326255732,Wilcoxon,two.sided,0.989705128205128,-2.40699762749563,-2.42213300006512,-0.0150219755901432,BL/T24,ns,ns,ns/ns,VA
Bacteroides_uniformis,0.111033092920916,Value,BL,T24,20,20,124,0.498,-0.110715489641477,0.386351898183025,Wilcoxon,two.sided,0.989705128205128,-2.11702840327742,-2.27320830706906,-0.14512138425903,BL/T24,ns,ns,ns/ns,VA
Bacteroides_xylanisolvens,-0.0698251325868655,Value,BL,T24,20,20,87,0.522,-0.324390257742043,0.170354952974082,Wilcoxon,two.sided,0.989705128205128,-2.57497058003538,-2.44750973867318,0.119968061292421,BL/T24,ns,ns,ns/ns,VA
Barnesiella_intestinihominis,0.149478511651414,Value,BL,T24,20,20,136,0.261,-0.122198658607957,0.38456158341734,Wilcoxon,two.sided,0.989705128205128,-2.66266547229733,-2.70726306786801,-0.0436317352470469,BL/T24,ns,ns,ns/ns,VA
Bifidobacterium_adolescentis,0.0414881838330701,Value,BL,T24,20,20,115,0.729,-0.22877368204902,0.325797934790317,Wilcoxon,two.sided,0.989705128205128,-2.75688453312749,-2.80946163990129,-0.0512415444836543,BL/T24,ns,ns,ns/ns,VA
Bifidobacterium_bifidum,-0.0566032793826587,Value,BL,T24,20,20,95,0.729,-0.332087744778347,0.226109270804836,Wilcoxon,two.sided,0.989705128205128,-2.67893621685221,-2.6656582849619,0.0131905527787579,BL/T24,ns,ns,ns/ns,VA
Bifidobacterium_longum,-0.0538054611603977,Value,BL,T24,20,20,93,0.674,-0.302903283383056,0.160098180771184,Wilcoxon,two.sided,0.989705128205128,-2.79666840689161,-2.75195031105088,0.0437470842780115,BL/T24,ns,ns,ns/ns,VA
Bifidobacterium_pseudocatenulatum,-0.0145503034627317,Value,BL,T24,20,20,103,0.956,-0.278028634109289,0.225027327030362,Wilcoxon,two.sided,0.989705128205128,-2.68924661282555,-2.68052999237219,0.00867885004547653,BL/T24,ns,ns,ns/ns,VA
Bilophila_wadsworthia,-0.122153953878593,Value,BL,T24,20,20,77,0.312,-0.30037148685007,0.0724727472221627,Wilcoxon,two.sided,0.989705128205128,-2.67358806598924,-2.5467790761076,0.119389735228977,BL/T24,ns,ns,ns/ns,VA
Blautia_caecimuris,0.101332096388169,Value,BL,T24,20,20,126,0.452,-0.220543242600318,0.697783396842863,Wilcoxon,two.sided,0.989705128205128,-2.67744324723142,-2.89186649246627,-0.194269268809081,BL/T24,ns,ns,ns/ns,VA
Blautia_faecicola,-0.0128710249067669,Value,BL,T24,20,20,104,0.985,-0.414651277127017,0.384852397667937,Wilcoxon,two.sided,0.997351097178683,-2.82557820660054,-2.76983935370789,0.0542408563036668,BL/T24,ns,ns,ns/ns,VA
Blautia_faecis,-0.00669113574947988,Value,BL,T24,20,20,103,0.956,-0.347244006231859,0.277480253504503,Wilcoxon,two.sided,0.989705128205128,-2.79480091929713,-2.74665016801364,0.0470274221984661,BL/T24,ns,ns,ns/ns,VA
Blautia_glucerasea,0.090866706115222,Value,BL,T24,20,20,128,0.409,-0.100174187572114,0.272828626072649,Wilcoxon,two.sided,0.989705128205128,-2.67859061845192,-2.75977049121241,-0.0780529195980479,BL/T24,ns,ns,ns/ns,VA
Blautia_hansenii,-0.102452485365688,Value,BL,T24,20,20,78,0.33,-0.318907108298826,0.115531677875347,Wilcoxon,two.sided,0.989705128205128,-2.7233044462288,-2.64652099652093,0.0739783099052436,BL/T24,ns,ns,ns/ns,VA
Blautia_luti,0.0808618070231351,Value,BL,T24,20,20,115,0.729,-0.249371272716949,0.380636423327171,Wilcoxon,two.sided,0.989705128205128,-2.73622688185622,-2.8116043083353,-0.0726716943595521,BL/T24,ns,ns,ns/ns,VA
Blautia_massiliensis,-0.170071480779135,Value,BL,T24,20,20,68,0.177,-0.434194433482262,0.0914951017467793,Wilcoxon,two.sided,0.989705128205128,-2.71759540016032,-2.55580242134276,0.14996448319219,BL/T24,ns,ns,ns/ns,VA
Blautia_obeum,-0.059115401176256,Value,BL,T24,20,20,95,0.729,-0.335125382986372,0.248136633458459,Wilcoxon,two.sided,0.989705128205128,-2.75027091241634,-2.74772314559964,0.00254452676093671,BL/T24,ns,ns,ns/ns,VA
Blautia_sp_MSK_20_85,0.0220418953546849,Value,BL,T24,20,20,114,0.756,-0.147763163801385,0.21206376286769,Wilcoxon,two.sided,0.989705128205128,-2.73367298097357,-2.76065744300527,-0.0266268013594266,BL/T24,ns,ns,ns/ns,VA
Blautia_stercoris,-0.127951645407753,Value,BL,T24,20,20,90,0.596,-0.577006610774914,0.250327089649257,Wilcoxon,two.sided,0.989705128205128,-2.93669354384729,-2.7399548383679,0.1796001115851,BL/T24,ns,ns,ns/ns,VA
Blautia_wexlerae,-0.00167456274620148,Value,BL,T24,20,20,104,0.985,-0.290414360554443,0.177273061516761,Wilcoxon,two.sided,0.997351097178683,-2.45582093536778,-2.39054104740387,0.063237570233965,BL/T24,ns,ns,ns/ns,VA
Butyricicoccus_sp_AM29_23AC,-0.00919955310614706,Value,BL,T24,20,20,103,0.956,-0.309036297265485,0.264019634752495,Wilcoxon,two.sided,0.989705128205128,-2.80232914666238,-2.77030508083285,0.0315219863897337,BL/T24,ns,ns,ns/ns,VA
Butyricimonas_faecihominis,0.169133175891396,Value,BL,T24,20,20,137,0.245,-0.0890719908647482,0.426659063951295,Wilcoxon,two.sided,0.989705128205128,-2.6379297903096,-2.80058641132017,-0.150707577155432,BL/T24,ns,ns,ns/ns,VA
Butyricimonas_paravirosa,-0.088030323219576,Value,BL,T24,20,20,91,0.622,-0.376831166955635,0.220878341404057,Wilcoxon,two.sided,0.989705128205128,-2.66050223036471,-2.59809982683737,0.0605327620937781,BL/T24,ns,ns,ns/ns,VA
Butyricimonas_SGB15260,0.167807460733635,Value,BL,T24,20,20,137,0.245,-0.0944717549564789,0.421049095785708,Wilcoxon,two.sided,0.989705128205128,-2.66731733022283,-2.83999076997331,-0.159286133426893,BL/T24,ns,ns,ns/ns,VA
Butyricimonas_sp_Marseille_P3923,-0.246144593852386,Value,BL,T24,20,20,53,0.0532,-0.519573821086477,0.00944903306706268,Wilcoxon,two.sided,0.92055,-2.92530702927369,-2.61695044812957,0.268771831435749,BL/T24,ns,ns,ns/ns,VA
Butyricimonas_virosa,-0.0462129994208007,Value,BL,T24,20,20,94,0.701,-0.440136670537193,0.245346829854271,Wilcoxon,two.sided,0.989705128205128,-2.74171342076836,-2.64836159504642,0.089248047354973,BL/T24,ns,ns,ns/ns,VA
Candidatus_Cibionibacter_quicibialis,0.0865963435053997,Value,BL,T24,20,20,126,0.452,-0.189794849060295,0.289711810482958,Wilcoxon,two.sided,0.989705128205128,-2.68164765922082,-2.71006423251585,-0.028020311891403,BL/T24,ns,ns,ns/ns,VA
Catenibacterium_SGB4425,0.0617001088739092,Value,BL,T24,20,20,116,0.701,-0.249512897498284,0.289173195297288,Wilcoxon,two.sided,0.989705128205128,-2.79271691731802,-2.81536270782537,-0.0223931811741848,BL/T24,ns,ns,ns/ns,VA
Clostridiaceae_bacterium,0.0217609133856224,Value,BL,T24,20,20,108,0.927,-0.169761372313766,0.224153402277765,Wilcoxon,two.sided,0.989705128205128,-2.54909947356741,-2.62258314679303,-0.0709091293021967,BL/T24,ns,ns,ns/ns,VA
Clostridiaceae_bacterium_AF18_31LB,-0.0244897083517644,Value,BL,T24,20,20,102,0.927,-0.293128565911732,0.273228944219703,Wilcoxon,two.sided,0.989705128205128,-2.71043502815053,-2.71270516127397,-0.00226756026432792,BL/T24,ns,ns,ns/ns,VA
Clostridiaceae_bacterium_Marseille_Q3526,0.241842678225608,Value,BL,T24,20,20,147,0.123,-0.0616990235198887,0.553350372918186,Wilcoxon,two.sided,0.969,-2.68063379415174,-2.9158004562707,-0.211205910059307,BL/T24,ns,ns,ns/ns,VA
Clostridiaceae_bacterium_Marseille_Q4143,0.0205664355220925,Value,BL,T24,20,20,107,0.956,-0.361310263172078,0.313311679515027,Wilcoxon,two.sided,0.989705128205128,-2.87866575573066,-2.8387676522201,0.039122730959492,BL/T24,ns,ns,ns/ns,VA
Clostridiaceae_bacterium_Marseille_Q4145,-0.121347655830693,Value,BL,T24,20,20,76,0.294,-0.380915044554637,0.146045283924618,Wilcoxon,two.sided,0.989705128205128,-2.68292801208829,-2.56681623865285,0.109851014352008,BL/T24,ns,ns,ns/ns,VA
Clostridiaceae_bacterium_Marseille_Q4149,-0.00719833595552843,Value,BL,T24,20,20,102,0.927,-0.296531542984253,0.343183045213181,Wilcoxon,two.sided,0.989705128205128,-2.72351757147954,-2.7072929700344,0.0160943891396614,BL/T24,ns,ns,ns/ns,VA
Clostridiaceae_unclassified_SGB4771,0.379744302674265,Value,BL,T24,20,20,167,0.0192,0.0822507062388054,0.707604644625107,Wilcoxon,two.sided,0.771611111111111,-2.67316359095585,-3.03772572938261,-0.310833599467414,BL/T24,ns,*,*/ns,VA
Clostridiales_bacterium,-0.045464574921767,Value,BL,T24,20,20,97,0.784,-0.280052343622057,0.147429063320909,Wilcoxon,two.sided,0.989705128205128,-2.68829574510859,-2.59931807889168,0.0852393352161046,BL/T24,ns,ns,ns/ns,VA
Clostridiales_bacterium_Choco116,-0.048024668150634,Value,BL,T24,20,20,90,0.596,-0.345072850773598,0.23640716866379,Wilcoxon,two.sided,0.989705128205128,-2.72348706572784,-2.67886274323918,0.0436573207703001,BL/T24,ns,ns,ns/ns,VA
Clostridiales_bacterium_KLE1615,0.100026087472719,Value,BL,T24,20,20,127,0.43,-0.135695216359678,0.353295591751161,Wilcoxon,two.sided,0.989705128205128,-2.62415838981307,-2.76220025549842,-0.129309123854646,BL/T24,ns,ns,ns/ns,VA
Clostridium_butyricum,-0.307463670013725,Value,BL,T24,20,20,43,0.0192,-0.572980005463248,-0.0703260987611236,Wilcoxon,two.sided,0.771611111111111,-3.00060628696823,-2.66658200810579,0.288200147374615,BL/T24,ns,*,*/ns,VA
Clostridium_fessum,0.0734690907323875,Value,BL,T24,20,20,121,0.571,-0.128098548721372,0.343725830201229,Wilcoxon,two.sided,0.989705128205128,-2.56932284239099,-2.7014554540262,-0.124103121007332,BL/T24,ns,ns,ns/ns,VA
Clostridium_leptum,-0.129978586844708,Value,BL,T24,20,20,78,0.33,-0.424846594109107,0.148858996143868,Wilcoxon,two.sided,0.989705128205128,-2.77166321067507,-2.6420887504125,0.12184097796031,BL/T24,ns,ns,ns/ns,VA
Clostridium_SGB4750,0.0520405640301081,Value,BL,T24,20,20,110,0.869,-0.356609612977423,0.271780293364589,Wilcoxon,two.sided,0.989705128205128,-2.76072993091596,-2.69935082738338,0.0595691035718955,BL/T24,ns,ns,ns/ns,VA
Clostridium_SGB4751,-0.0589731948063299,Value,BL,T24,20,20,97,0.784,-0.569874925575976,0.262715986727911,Wilcoxon,two.sided,0.989705128205128,-2.92652250031324,-2.74064084651643,0.170486509590519,BL/T24,ns,ns,ns/ns,VA
Clostridium_SGB6179,0.0357956923459886,Value,BL,T24,20,20,111,0.841,-0.287796513528954,0.317617043454313,Wilcoxon,two.sided,0.989705128205128,-2.93927488542944,-2.93377666956154,0.00548315585595454,BL/T24,ns,ns,ns/ns,VA
Clostridium_sp_1001270H_150608_G6,0.207155858473141,Value,BL,T24,20,20,141,0.189,-0.103331943655507,0.533187759718594,Wilcoxon,two.sided,0.989705128205128,-2.61334860815731,-2.84356757803923,-0.207192177834126,BL/T24,ns,ns,ns/ns,VA
Clostridium_sp_AF12_28,0.0387121340540943,Value,BL,T24,20,20,114,0.756,-0.1637387768242,0.275235697245669,Wilcoxon,two.sided,0.989705128205128,-2.75324719166711,-2.80274015249319,-0.0483071530870046,BL/T24,ns,ns,ns/ns,VA
Clostridium_sp_AF20_17LB,-0.195981177630103,Value,BL,T24,20,20,57,0.0759,-0.455400204684201,0.0517472596988884,Wilcoxon,two.sided,0.92055,-2.87877707462063,-2.6481723487357,0.207505695626431,BL/T24,ns,ns,ns/ns,VA
Clostridium_sp_AF27_2AA,-0.239463695080761,Value,BL,T24,20,20,49,0.0362,-0.581943230366326,-0.0222325681817879,Wilcoxon,two.sided,0.92055,-2.9965877823145,-2.68031164933409,0.27480663838513,BL/T24,ns,*,*/ns,VA
Clostridium_sp_AF34_10BH,-0.0321983054016041,Value,BL,T24,20,20,100,0.869,-0.341469005430239,0.232977655596771,Wilcoxon,two.sided,0.989705128205128,-2.62571224492513,-2.5372566613006,0.0847597957377482,BL/T24,ns,ns,ns/ns,VA
Clostridium_sp_AF34_13,-0.0188001395319018,Value,BL,T24,20,20,97,0.784,-0.32429492343974,0.201316784379405,Wilcoxon,two.sided,0.989705128205128,-2.72713386789656,-2.70520610125519,0.0216908108505782,BL/T24,ns,ns,ns/ns,VA
Clostridium_sp_AF36_4,-0.0845916408449349,Value,BL,T24,20,20,92,0.648,-0.401220310488461,0.224120613824461,Wilcoxon,two.sided,0.989705128205128,-2.90562607766378,-2.76525315683329,0.131355332448682,BL/T24,ns,ns,ns/ns,VA
Clostridium_sp_AM22_11AC,-0.0488799710715305,Value,BL,T24,20,20,97,0.784,-0.352311644415809,0.298471998353236,Wilcoxon,two.sided,0.989705128205128,-2.76885877009636,-2.86156567192027,-0.08865801387727,BL/T24,ns,ns,ns/ns,VA
Clostridium_sp_AM33_3,-0.208852120028811,Value,BL,T24,20,20,77,0.312,-0.43640644256238,0.107685847852095,Wilcoxon,two.sided,0.989705128205128,-2.87571215376965,-2.70708315698824,0.1558312640953,BL/T24,ns,ns,ns/ns,VA
Clostridium_sp_AM42_4,-0.0358295722520651,Value,BL,T24,20,20,96,0.756,-0.268873974116572,0.254086857321426,Wilcoxon,two.sided,0.989705128205128,-2.74798562902854,-2.82100845482852,-0.0704797363020582,BL/T24,ns,ns,ns/ns,VA
Clostridium_sp_AM49_4BH,-0.0346064162759387,Value,BL,T24,20,20,99,0.841,-0.399030728414932,0.302130967865802,Wilcoxon,two.sided,0.989705128205128,-2.82425261520417,-2.73475453087961,0.0857171170940261,BL/T24,ns,ns,ns/ns,VA
Clostridium_sp_AT4,0.0970577043753529,Value,BL,T24,20,20,132,0.33,-0.0908135978970952,0.291693587168323,Wilcoxon,two.sided,0.989705128205128,-2.53844301991668,-2.64787363088707,-0.103846920623929,BL/T24,ns,ns,ns/ns,VA
Clostridium_symbiosum,0.0373215456804865,Value,BL,T24,20,20,112,0.812,-0.253580684162803,0.329374213919863,Wilcoxon,two.sided,0.989705128205128,-2.79042156913024,-2.79916476569264,-0.00870519615537765,BL/T24,ns,ns,ns/ns,VA
Collinsella_aerofaciens,-0.133344568120183,Value,BL,T24,20,20,68,0.177,-0.325814770218859,0.0542344182338894,Wilcoxon,two.sided,0.989705128205128,-2.68453087590107,-2.54970641699245,0.126477977217484,BL/T24,ns,ns,ns/ns,VA
Collinsella_SGB14861,-0.0870626241445476,Value,BL,T24,20,20,85,0.475,-0.324261893107835,0.17408414422615,Wilcoxon,two.sided,0.989705128205128,-2.78726063479307,-2.72969161337418,0.0559728982896189,BL/T24,ns,ns,ns/ns,VA
Collinsella_SGB4121,0.0743850915391715,Value,BL,T24,20,20,130,0.368,-0.162283773479347,0.305469872201488,Wilcoxon,two.sided,0.989705128205128,-2.66333168320454,-2.75930099811474,-0.0916391907891867,BL/T24,ns,ns,ns/ns,VA
Coprobacillus_cateniformis,-0.0305118506216164,Value,BL,T24,20,20,98,0.812,-0.265111099111486,0.156468857955311,Wilcoxon,two.sided,0.989705128205128,-2.81823793669222,-2.71856253937739,0.0950150429055613,BL/T24,ns,ns,ns/ns,VA
Coprobacter_fastidiosus,-0.0271754863352153,Value,BL,T24,20,20,103,0.956,-0.384161195035856,0.36442966271709,Wilcoxon,two.sided,0.989705128205128,-2.91747091916389,-2.89730748431702,0.0199628447027104,BL/T24,ns,ns,ns/ns,VA
Coprobacter_secundus,-0.0217245638731783,Value,BL,T24,20,20,103,0.956,-0.250002692723345,0.257793350118093,Wilcoxon,two.sided,0.989705128205128,-2.67920873118315,-2.68701441730039,-0.00777537935723653,BL/T24,ns,ns,ns/ns,VA
Coprococcus_catus,0.141686493209568,Value,BL,T24,20,20,126,0.452,-0.205348379076296,0.504405639646876,Wilcoxon,two.sided,0.989705128205128,-2.64296749547213,-2.80043249372909,-0.146232267434188,BL/T24,ns,ns,ns/ns,VA
Coprococcus_comes,0.102895229354261,Value,BL,T24,20,20,127,0.43,-0.164117562823163,0.364121136537748,Wilcoxon,two.sided,0.989705128205128,-2.75989293289967,-2.84945062916742,-0.0857718306481565,BL/T24,ns,ns,ns/ns,VA
Coprococcus_eutactus,0.047687276421479,Value,BL,T24,20,20,114,0.756,-0.180254080738759,0.338379180210096,Wilcoxon,two.sided,0.989705128205128,-2.61306175167654,-2.69547033003575,-0.0791887231564188,BL/T24,ns,ns,ns/ns,VA
Coprococcus_SGB4669,0.161445523356533,Value,BL,T24,20,20,141,0.189,-0.0781572397191479,0.41835027159487,Wilcoxon,two.sided,0.989705128205128,-2.63348351668705,-2.80085539052751,-0.154754960504728,BL/T24,ns,ns,ns/ns,VA
Desulfovibrio_piger,0.0880214400541325,Value,BL,T24,20,20,123,0.522,-0.1588810556418,0.340171774673693,Wilcoxon,two.sided,0.989705128205128,-2.81785135373838,-2.91019880499829,-0.0883290055240084,BL/T24,ns,ns,ns/ns,VA
Desulfovibrio_SGB5076,-0.0773621412255238,Value,BL,T24,20,20,90,0.596,-0.394351697122644,0.267667598597637,Wilcoxon,two.sided,0.989705128205128,-2.8426946459852,-2.80720858461055,0.0348709409948247,BL/T24,ns,ns,ns/ns,VA
Desulfovibrio_SGB5077,0.0941356982922799,Value,BL,T24,20,20,135,0.277,-0.178206637354971,0.351148548479254,Wilcoxon,two.sided,0.989705128205128,-2.62727610502064,-2.72109651026645,-0.0896765271284474,BL/T24,ns,ns,ns/ns,VA
Dialister_hominis,0.190655218368631,Value,BL,T24,20,20,138,0.231,-0.142293958901562,0.489359333317884,Wilcoxon,two.sided,0.989705128205128,-2.68995458623203,-2.88908200576509,-0.181594141902759,BL/T24,ns,ns,ns/ns,VA
Dialister_invisus,-0.12839154674602,Value,BL,T24,20,20,60,0.0973,-0.422387374922279,0.0294465954537046,Wilcoxon,two.sided,0.92055,-2.7892725061179,-2.56227417116595,0.204570808720477,BL/T24,ns,ns,ns/ns,VA
Dorea_formicigenerans,-0.226910359834664,Value,BL,T24,20,20,72,0.231,-0.571427405275523,0.0657991408260243,Wilcoxon,two.sided,0.989705128205128,-2.92881766872601,-2.67533773970617,0.225923626537355,BL/T24,ns,ns,ns/ns,VA
Dorea_longicatena,0.0186897976175123,Value,BL,T24,20,20,109,0.898,-0.146305517085554,0.175446719390277,Wilcoxon,two.sided,0.989705128205128,-2.59345083070476,-2.61332078199991,-0.0196751204372872,BL/T24,ns,ns,ns/ns,VA
Dorea_sp_AF36_15AT,0.00822750336186606,Value,BL,T24,20,20,107,0.956,-0.193524190109947,0.221848761220487,Wilcoxon,two.sided,0.989705128205128,-2.71952204884538,-2.68913522003071,0.029934293691795,BL/T24,ns,ns,ns/ns,VA
Dysosmobacter_sp_BX15,0.104970123611597,Value,BL,T24,20,20,137,0.245,-0.111753910024218,0.39902793326496,Wilcoxon,two.sided,0.989705128205128,-2.65280377657629,-2.79829517587634,-0.135833714633598,BL/T24,ns,ns,ns/ns,VA
Dysosmobacter_sp_NSJ_60,0.0586783443927105,Value,BL,T24,20,20,119,0.622,-0.172466600801113,0.288711526648043,Wilcoxon,two.sided,0.989705128205128,-2.80268048488088,-2.85358020656883,-0.0496466750572821,BL/T24,ns,ns,ns/ns,VA
Dysosmobacter_welbionis,0.023275963359186,Value,BL,T24,20,20,111,0.841,-0.169157527915737,0.207836036190619,Wilcoxon,two.sided,0.989705128205128,-2.62871979754855,-2.65878671098704,-0.0296237646348328,BL/T24,ns,ns,ns/ns,VA
Eggerthella_lenta,-0.0416995774122965,Value,BL,T24,20,20,99,0.841,-0.420991658700849,0.251884731119512,Wilcoxon,two.sided,0.989705128205128,-2.90986640302725,-2.80958691659558,0.0955642261060718,BL/T24,ns,ns,ns/ns,VA
Eisenbergiella_massiliensis,0.155981191347065,Value,BL,T24,20,20,125,0.475,-0.333883319069899,0.525604941830101,Wilcoxon,two.sided,0.989705128205128,-2.88705301481577,-3.05130985673252,-0.152082979536262,BL/T24,ns,ns,ns/ns,VA
Eisenbergiella_tayi,0.209307754004634,Value,BL,T24,20,20,133,0.312,-0.14644951298792,0.515548594070988,Wilcoxon,two.sided,0.989705128205128,-2.85448648061713,-3.10651139323234,-0.2247621707349,BL/T24,ns,ns,ns/ns,VA
Enterobacter_hormaechei,0.385322571786005,Value,BL,T24,20,20,166,0.0215,0.0678907771706765,0.690400643678719,Wilcoxon,two.sided,0.771611111111111,-2.61472204082715,-3.02976617660105,-0.34716072196841,BL/T24,ns,*,*/ns,VA
Enterobacter_kobei,0.0603313385491552,Value,BL,T24,20,20,117,0.674,-0.189328548596547,0.384569591564908,Wilcoxon,two.sided,0.989705128205128,-2.71634596631994,-2.81415705499136,-0.0933182778946432,BL/T24,ns,ns,ns/ns,VA
Enterocloster_aldenensis,-0.0725634471392145,Value,BL,T24,20,20,85,0.475,-0.252774794838459,0.115057186207299,Wilcoxon,two.sided,0.989705128205128,-2.76428526695795,-2.68553911815466,0.0757993933542452,BL/T24,ns,ns,ns/ns,VA
Enterocloster_asparagiformis,0.0154734361519818,Value,BL,T24,20,20,107,0.956,-0.283358414425538,0.212861934708193,Wilcoxon,two.sided,0.989705128205128,-2.78387900909855,-2.70417945027378,0.0766828161617881,BL/T24,ns,ns,ns/ns,VA
Enterocloster_bolteae,-0.0529665160082905,Value,BL,T24,20,20,94,0.701,-0.374662932476804,0.227267508596774,Wilcoxon,two.sided,0.989705128205128,-2.63254846616328,-2.58844252407429,0.0431609614087284,BL/T24,ns,ns,ns/ns,VA
Enterocloster_citroniae,-0.0918875691732011,Value,BL,T24,20,20,86,0.498,-0.354416861067821,0.188474617995432,Wilcoxon,two.sided,0.989705128205128,-2.69768151598943,-2.62546976621498,0.0697235709172418,BL/T24,ns,ns,ns/ns,VA
Enterocloster_clostridioformis,-0.0986308491707993,Value,BL,T24,20,20,81,0.388,-0.32288282571648,0.121669932638106,Wilcoxon,two.sided,0.989705128205128,-2.75562642133899,-2.65320803169294,0.0975063026022449,BL/T24,ns,ns,ns/ns,VA
Enterocloster_lavalensis,-0.0486352225724647,Value,BL,T24,20,20,94,0.701,-0.25799827001857,0.231752977215953,Wilcoxon,two.sided,0.989705128205128,-2.6981881931124,-2.68224538494513,0.015817056397933,BL/T24,ns,ns,ns/ns,VA
Enterocloster_SGB14313,-0.118511623668711,Value,BL,T24,20,20,86,0.498,-0.326999098390476,0.223752986668445,Wilcoxon,two.sided,0.989705128205128,-2.75097604971978,-2.70836551694834,0.0417276957096697,BL/T24,ns,ns,ns/ns,VA
Erysipelatoclostridium_ramosum,-0.12095554961256,Value,BL,T24,20,20,73,0.245,-0.354383540439099,0.117545967889029,Wilcoxon,two.sided,0.989705128205128,-2.72878519071151,-2.63177573590968,0.0925878000361062,BL/T24,ns,ns,ns/ns,VA
Escherichia_coli,0.293491228906661,Value,BL,T24,20,20,152,0.0826,-0.0528889514387409,0.589510997446557,Wilcoxon,two.sided,0.92055,-2.44707893288127,-2.71905678934654,-0.240573056327153,BL/T24,ns,ns,ns/ns,VA
Eubacteriaceae_bacterium,-0.0712007575978448,Value,BL,T24,20,20,79,0.349,-0.326235305551764,0.0979312945638522,Wilcoxon,two.sided,0.989705128205128,-2.80293970732994,-2.69537030875211,0.102167883346708,BL/T24,ns,ns,ns/ns,VA
Eubacteriales_unclassified_SGB15145,0.109835848808575,Value,BL,T24,20,20,127,0.43,-0.156578901451102,0.349531522295276,Wilcoxon,two.sided,0.989705128205128,-2.74288238454122,-2.82845640178759,-0.0821088952491188,BL/T24,ns,ns,ns/ns,VA
Eubacterium_ramulus,-0.193958177452734,Value,BL,T24,20,20,51,0.0441,-0.343446456141326,-0.00796787899542473,Wilcoxon,two.sided,0.92055,-2.87049877973462,-2.70364390129241,0.154311991194911,BL/T24,ns,*,*/ns,VA
Eubacterium_rectale,0.00940860641500468,Value,BL,T24,20,20,107,0.956,-0.279048307098949,0.287393148936495,Wilcoxon,two.sided,0.989705128205128,-2.44424043110569,-2.44635786365022,-0.0021151939437447,BL/T24,ns,ns,ns/ns,VA
Eubacterium_SGB6276,0.313634071838265,Value,BL,T24,20,20,168,0.0172,0.0522710865029872,0.698625158589373,Wilcoxon,two.sided,0.771611111111111,-2.61669341780582,-3.00083772930343,-0.325082123072905,BL/T24,ns,*,*/ns,VA
Eubacterium_siraeum,-0.232153695965958,Value,BL,T24,20,20,59,0.0897,-0.53922479909614,0.0350294909150417,Wilcoxon,two.sided,0.92055,-2.81567628222508,-2.53790270997528,0.245119166744802,BL/T24,ns,ns,ns/ns,VA
Eubacterium_sp_AF16_48,-0.148496644987207,Value,BL,T24,20,20,84,0.452,-0.457578101700655,0.25031231637907,Wilcoxon,two.sided,0.989705128205128,-2.91071561864352,-2.83621334284699,0.0718575551033333,BL/T24,ns,ns,ns/ns,VA
Eubacterium_sp_AF34_35BH,-0.111651107147629,Value,BL,T24,20,20,75,0.277,-0.395371437314872,0.14648055870886,Wilcoxon,two.sided,0.989705128205128,-2.76353098830455,-2.63676748675207,0.119349365256986,BL/T24,ns,ns,ns/ns,VA
Eubacterium_ventriosum,-0.0855788564620741,Value,BL,T24,20,20,88,0.546,-0.309205852578234,0.149100472379466,Wilcoxon,two.sided,0.989705128205128,-2.82773117728586,-2.75742084734511,0.0679486344058404,BL/T24,ns,ns,ns/ns,VA
Evtepia_gabavorous,-0.0892469211350748,Value,BL,T24,20,20,94,0.701,-0.495509605381092,0.356031571834108,Wilcoxon,two.sided,0.989705128205128,-2.82221308762936,-2.75589931793346,0.0642076254875501,BL/T24,ns,ns,ns/ns,VA
Faecalibacillus_faecis,-0.194093423758317,Value,BL,T24,20,20,61,0.105,-0.406511879130085,0.0660040330719498,Wilcoxon,two.sided,0.92055,-2.80049366435978,-2.61189992804317,0.172770874137294,BL/T24,ns,ns,ns/ns,VA
Faecalibacillus_intestinalis,-0.195313201952802,Value,BL,T24,20,20,59,0.0897,-0.47420906033496,0.0237623051073357,Wilcoxon,two.sided,0.92055,-2.85637490767288,-2.64447947789956,0.192185604859953,BL/T24,ns,ns,ns/ns,VA
Faecalibacterium_prausnitzii,0.0144203627337346,Value,BL,T24,20,20,112,0.812,-0.196356681117223,0.196782614874278,Wilcoxon,two.sided,0.989705128205128,-1.95210350772451,-1.94057593512996,0.0114616363688737,BL/T24,ns,ns,ns/ns,VA
Faecalibacterium_SGB15315,-0.160803412595316,Value,BL,T24,20,20,74,0.261,-0.500733071529037,0.158836156651275,Wilcoxon,two.sided,0.989705128205128,-3.00356350724018,-2.78356093141011,0.198852970079064,BL/T24,ns,ns,ns/ns,VA
Faecalibacterium_SGB15346,-0.0730539902309418,Value,BL,T24,20,20,76,0.294,-0.245323627649382,0.0727139385779172,Wilcoxon,two.sided,0.989705128205128,-2.49137689635264,-2.46102714219441,0.0298983117455758,BL/T24,ns,ns,ns/ns,VA
Faecalicatena_fissicatena,0.183915213115437,Value,BL,T24,20,20,136,0.261,-0.195864805628801,0.430395153561125,Wilcoxon,two.sided,0.989705128205128,-2.65110234516845,-2.82871802748196,-0.16349178608579,BL/T24,ns,ns,ns/ns,VA
Faecalimonas_umbilicata,-0.112160842674037,Value,BL,T24,20,20,83,0.43,-0.453452913196598,0.196848055129798,Wilcoxon,two.sided,0.989705128205128,-2.89207272318359,-2.70693600921045,0.169858138373911,BL/T24,ns,ns,ns/ns,VA
Firmicutes_bacterium_AF16_15,-0.00576206101589483,Value,BL,T24,20,20,104,0.985,-0.261850247584549,0.157590545670612,Wilcoxon,two.sided,0.997351097178683,-2.60083962361355,-2.5495278309456,0.0500387107610735,BL/T24,ns,ns,ns/ns,VA
Flavonifractor_plautii,-0.0264227093209198,Value,BL,T24,20,20,99,0.841,-0.216833305306111,0.156619983086182,Wilcoxon,two.sided,0.989705128205128,-2.63806747198051,-2.60840679821559,0.0292293050166164,BL/T24,ns,ns,ns/ns,VA
Fusicatenibacter_saccharivorans,-0.0995487000291723,Value,BL,T24,20,20,83,0.43,-0.310261798197953,0.134295984718646,Wilcoxon,two.sided,0.989705128205128,-2.62371914881757,-2.51680761412026,0.101573736077267,BL/T24,ns,ns,ns/ns,VA
Fusobacterium_mortiferum,-0.11889148940698,Value,BL,T24,20,20,78,0.33,-0.435451371638639,0.184345505072425,Wilcoxon,two.sided,0.989705128205128,-2.83859405712366,-2.67831644690327,0.148659295641517,BL/T24,ns,ns,ns/ns,VA
Fusobacterium_ulcerans,-0.0170892950296081,Value,BL,T24,20,20,101,0.898,-0.325287144087159,0.218082540968656,Wilcoxon,two.sided,0.989705128205128,-2.85821670061028,-2.74801484698347,0.10454184890576,BL/T24,ns,ns,ns/ns,VA
Fusobacterium_varium,-0.297310823533641,Value,BL,T24,20,20,41,0.0153,-0.571912114347123,-0.0649553799730882,Wilcoxon,two.sided,0.771611111111111,-2.96473630894274,-2.62245895441638,0.294367689719031,BL/T24,ns,*,*/ns,VA
Gemmiger_formicilis,0.044429965151943,Value,BL,T24,20,20,117,0.674,-0.208089808901863,0.322279880638729,Wilcoxon,two.sided,0.989705128205128,-2.67215107101869,-2.7279939095297,-0.0543393470406055,BL/T24,ns,ns,ns/ns,VA
Gemmiger_SGB15295,-0.140814781869468,Value,BL,T24,20,20,76,0.294,-0.380608448966572,0.0990685401370908,Wilcoxon,two.sided,0.989705128205128,-2.80729177626798,-2.61727306562627,0.173969030228161,BL/T24,ns,ns,ns/ns,VA
GGB13493_SGB15238,-0.0219864026416505,Value,BL,T24,20,20,102,0.927,-0.35293162770488,0.344790459871321,Wilcoxon,two.sided,0.989705128205128,-2.78021451240337,-2.82902073339827,-0.0476525849857083,BL/T24,ns,ns,ns/ns,VA
GGB1495_SGB2071,-0.0264152434217791,Value,BL,T24,20,20,97,0.784,-0.299866888766955,0.190329426694383,Wilcoxon,two.sided,0.989705128205128,-2.8799257213154,-2.78583263169397,0.0899257914413869,BL/T24,ns,ns,ns/ns,VA
GGB16040_SGB9347,0.0376550721482575,Value,BL,T24,20,20,110,0.869,-0.311354714786508,0.373029063631433,Wilcoxon,two.sided,0.989705128205128,-2.81427724142895,-2.85874908724537,-0.0435113469517402,BL/T24,ns,ns,ns/ns,VA
GGB1663_SGB2279,0.120585703599622,Value,BL,T24,20,20,135,0.277,-0.0989227372432153,0.403645430150743,Wilcoxon,two.sided,0.989705128205128,-2.72093825555811,-2.92113046665044,-0.182481719877435,BL/T24,ns,ns,ns/ns,VA
GGB2998_SGB3988,0.0742321647305203,Value,BL,T24,20,20,122,0.546,-0.181645125745819,0.328378133703291,Wilcoxon,two.sided,0.989705128205128,-2.74387488280292,-2.82162736786145,-0.0748778404262862,BL/T24,ns,ns,ns/ns,VA
GGB3175_SGB4191,-0.10939771973589,Value,BL,T24,20,20,86,0.498,-0.52337685005289,0.178927275898936,Wilcoxon,two.sided,0.989705128205128,-2.98325256810172,-2.75924889867407,0.202127181984047,BL/T24,ns,ns,ns/ns,VA
GGB3256_SGB4303,0.108771722082304,Value,BL,T24,20,20,118,0.648,-0.227181588023503,0.49928904276187,Wilcoxon,two.sided,0.989705128205128,-2.70381962750409,-2.91720736011188,-0.193416226542367,BL/T24,ns,ns,ns/ns,VA
GGB3277_SGB4327,-0.00278193908037461,Value,BL,T24,20,20,104,0.985,-0.19508124955078,0.212188887880923,Wilcoxon,two.sided,0.997351097178683,-2.65461932974388,-2.72312626196005,-0.0662622835577678,BL/T24,ns,ns,ns/ns,VA
GGB3278_SGB4328,-0.0939660251559996,Value,BL,T24,20,20,95,0.729,-0.374325911778362,0.249263885187193,Wilcoxon,two.sided,0.989705128205128,-2.84664143213732,-2.77075965596473,0.0731405822575185,BL/T24,ns,ns,ns/ns,VA
GGB3304_SGB4367,0.0522227366043251,Value,BL,T24,20,20,116,0.701,-0.233463460968166,0.289685095906421,Wilcoxon,two.sided,0.989705128205128,-2.68985169185005,-2.67520015025754,0.0145452447739568,BL/T24,ns,ns,ns/ns,VA
GGB3321_SGB4394,0.123933257768496,Value,BL,T24,20,20,131,0.349,-0.180045086319992,0.385202231990743,Wilcoxon,two.sided,0.989705128205128,-2.83685497172893,-2.90433507640632,-0.0653008286424116,BL/T24,ns,ns,ns/ns,VA
GGB33469_SGB15236,0.0233879845010956,Value,BL,T24,20,20,109,0.898,-0.298165649396601,0.358374308655354,Wilcoxon,two.sided,0.989705128205128,-2.85991471177987,-2.8967564113227,-0.0361792652735565,BL/T24,ns,ns,ns/ns,VA
GGB3363_SGB4447,0.00911708669257372,Value,BL,T24,20,20,106,0.985,-0.438859790759786,0.352997787590574,Wilcoxon,two.sided,0.997351097178683,-2.87748073767978,-2.81052198503425,0.0648123142580023,BL/T24,ns,ns,ns/ns,VA
GGB3363_SGB4448,0.150309583506127,Value,BL,T24,20,20,139,0.216,-0.147967119911723,0.481556298728635,Wilcoxon,two.sided,0.989705128205128,-2.74703950145492,-2.94734316073256,-0.182574574180394,BL/T24,ns,ns,ns/ns,VA
GGB33928_SGB15225,-0.146028711876029,Value,BL,T24,20,20,75,0.277,-0.485225596166467,0.132383880572378,Wilcoxon,two.sided,0.989705128205128,-2.92016102820395,-2.73360302761143,0.171056679468414,BL/T24,ns,ns,ns/ns,VA
GGB3486_SGB4658,-0.162942071552379,Value,BL,T24,20,20,62,0.114,-0.38691363132046,0.0299821695603579,Wilcoxon,two.sided,0.92055,-2.92966904298665,-2.69118807832699,0.213885600155895,BL/T24,ns,ns,ns/ns,VA
GGB3490_SGB4664,-0.182176637651543,Value,BL,T24,20,20,66,0.154,-0.425068960899482,0.0755692663488938,Wilcoxon,two.sided,0.989705128205128,-2.94974848068163,-2.74820022204439,0.18361094071216,BL/T24,ns,ns,ns/ns,VA
GGB3612_SGB4882,-0.19742311229746,Value,BL,T24,20,20,61,0.105,-0.533690543762719,0.0412505936470142,Wilcoxon,two.sided,0.92055,-2.97055324302792,-2.73586259580693,0.210820450622391,BL/T24,ns,ns,ns/ns,VA
GGB3619_SGB4894,-2.32121275012265e-05,Value,BL,T24,20,20,105,1,-0.219888676010501,0.210161244901457,Wilcoxon,two.sided,1,-2.75712817967591,-2.73895583118842,0.0180092048667801,BL/T24,ns,ns,ns/ns,VA
GGB3632_SGB4921,0.0797267114522238,Value,BL,T24,20,20,121,0.571,-0.140183740400207,0.427081811846532,Wilcoxon,two.sided,0.989705128205128,-2.84635221107774,-2.94496875524887,-0.094051701134974,BL/T24,ns,ns,ns/ns,VA
GGB3653_SGB4964,-0.0280559669188042,Value,BL,T24,20,20,92,0.648,-0.239433849767828,0.191885096570969,Wilcoxon,two.sided,0.989705128205128,-2.6563481544639,-2.62376398864145,0.0320645590658122,BL/T24,ns,ns,ns/ns,VA
GGB3746_SGB5089,0.065298106255944,Value,BL,T24,20,20,116,0.701,-0.162828343060028,0.344633767436096,Wilcoxon,two.sided,0.989705128205128,-2.60849324500927,-2.68439056520401,-0.073155029857811,BL/T24,ns,ns,ns/ns,VA
GGB3815_SGB5180,-0.044175813897345,Value,BL,T24,20,20,100,0.869,-0.355356530424813,0.304911768659642,Wilcoxon,two.sided,0.989705128205128,-2.79514135006591,-2.75868968462835,0.0358030193293429,BL/T24,ns,ns,ns/ns,VA
GGB3819_SGB5184,-0.0972899082213897,Value,BL,T24,20,20,85,0.475,-0.392910741819403,0.183905108427758,Wilcoxon,two.sided,0.989705128205128,-2.87706271457271,-2.77091870620128,0.100880101108135,BL/T24,ns,ns,ns/ns,VA
GGB3828_SGB5197,-0.0631814609963673,Value,BL,T24,20,20,87,0.522,-0.386630302077419,0.147654435300031,Wilcoxon,two.sided,0.989705128205128,-2.80622951516694,-2.65402346649648,0.141678407972964,BL/T24,ns,ns,ns/ns,VA
GGB42994_SGB4746,0.24100876436499,Value,BL,T24,20,20,144,0.154,-0.0624808355096615,0.574281670353942,Wilcoxon,two.sided,0.989705128205128,-2.74108040154894,-2.98338276906323,-0.216966405986532,BL/T24,ns,ns,ns/ns,VA
GGB4578_SGB6328,-0.109858518427866,Value,BL,T24,20,20,88,0.546,-0.324680496846641,0.283325250430908,Wilcoxon,two.sided,0.989705128205128,-2.82282436548797,-2.78743629001738,0.0347763085858351,BL/T24,ns,ns,ns/ns,VA
GGB4596_SGB6358,-0.0507946427030883,Value,BL,T24,20,20,95,0.729,-0.336210305168992,0.235231948446773,Wilcoxon,two.sided,0.989705128205128,-2.88713815208605,-2.82612643686419,0.059222901250305,BL/T24,ns,ns,ns/ns,VA
GGB4599_SGB6362,0.00945780999995038,Value,BL,T24,20,20,109,0.898,-0.346562435883119,0.339430093374504,Wilcoxon,two.sided,0.989705128205128,-2.98883248272716,-2.95767940619284,0.0306776678587958,BL/T24,ns,ns,ns/ns,VA
GGB4605_SGB6376,-0.113173900971929,Value,BL,T24,20,20,82,0.409,-0.456575148647537,0.152445677352135,Wilcoxon,two.sided,0.989705128205128,-3.00097920105386,-2.87043576216885,0.12269843648686,BL/T24,ns,ns,ns/ns,VA
GGB4651_SGB6438,0.0948593604898714,Value,BL,T24,20,20,122,0.546,-0.171322168455672,0.402907997155977,Wilcoxon,two.sided,0.989705128205128,-2.8111153182712,-2.97333519319515,-0.150331861634605,BL/T24,ns,ns,ns/ns,VA
GGB4684_SGB6478,0.233688460708297,Value,BL,T24,20,20,143,0.165,-0.17168510806493,0.454644498524832,Wilcoxon,two.sided,0.989705128205128,-2.82413759271715,-2.95897814048551,-0.126492154516504,BL/T24,ns,ns,ns/ns,VA
GGB51269_SGB5062,0.00852115135744869,Value,BL,T24,20,20,107,0.956,-0.22641536184591,0.243457664560807,Wilcoxon,two.sided,0.989705128205128,-2.80701439550968,-2.81403627178149,-0.00699733770284982,BL/T24,ns,ns,ns/ns,VA
GGB51647_SGB4348,-0.188431972994989,Value,BL,T24,20,20,75,0.277,-0.573604923724643,0.16478962225734,Wilcoxon,two.sided,0.989705128205128,-2.91898567789555,-2.65152755311314,0.237013418290434,BL/T24,ns,ns,ns/ns,VA
GGB51884_SGB49168,0.139397894836828,Value,BL,T24,20,20,124,0.498,-0.292064470850556,0.59394671647586,Wilcoxon,two.sided,0.989705128205128,-2.70301016027399,-2.96285324162321,-0.230987174596079,BL/T24,ns,ns,ns/ns,VA
GGB53985_SGB6367,0.0992652959100048,Value,BL,T24,20,20,116,0.701,-0.274990755562504,0.411642966863879,Wilcoxon,two.sided,0.989705128205128,-2.74834525715136,-2.80828691302772,-0.0582138649830554,BL/T24,ns,ns,ns/ns,VA
GGB58714_SGB5072,0.233020575322546,Value,BL,T24,20,20,137,0.245,-0.148379401944711,0.58361903499723,Wilcoxon,two.sided,0.989705128205128,-2.71905965945657,-2.93955430934721,-0.19925622730226,BL/T24,ns,ns,ns/ns,VA
GGB6569_SGB9281,0.215012924334585,Value,BL,T24,20,20,139,0.216,-0.149402896704202,0.530242672313814,Wilcoxon,two.sided,0.989705128205128,-2.66466555781767,-2.81887668129551,-0.143417100640286,BL/T24,ns,ns,ns/ns,VA
GGB79734_SGB15291,0.147627902089581,Value,BL,T24,20,20,151,0.0897,-0.0307315567580109,0.335043025032104,Wilcoxon,two.sided,0.92055,-2.66719141201803,-2.82611001356533,-0.147487330266843,BL/T24,ns,ns,ns/ns,VA
GGB79916_SGB4587,0.169819329461872,Value,BL,T24,20,20,132,0.33,-0.174548918142386,0.568373235753774,Wilcoxon,two.sided,0.989705128205128,-2.74766714214543,-2.9398134400327,-0.17575529423897,BL/T24,ns,ns,ns/ns,VA
GGB80011_SGB15265,0.114813821658363,Value,BL,T24,20,20,127,0.43,-0.151165853211064,0.387629588213938,Wilcoxon,two.sided,0.989705128205128,-2.6952475371295,-2.81655997986519,-0.114499823128456,BL/T24,ns,ns,ns/ns,VA
GGB80011_SGB15267,0.0189687989262115,Value,BL,T24,20,20,107,0.956,-0.236448016152859,0.360712896056425,Wilcoxon,two.sided,0.989705128205128,-2.75384205348115,-2.81884375821969,-0.0629763998535759,BL/T24,ns,ns,ns/ns,VA
GGB9061_SGB13979,-0.248808267296182,Value,BL,T24,20,20,71,0.216,-0.554413038104919,0.0727401442747828,Wilcoxon,two.sided,0.989705128205128,-2.85436342772436,-2.61558959565534,0.214122045281446,BL/T24,ns,ns,ns/ns,VA
GGB9062_SGB13981,-0.056732476657307,Value,BL,T24,20,20,92,0.648,-0.317326033412437,0.18352018325881,Wilcoxon,two.sided,0.989705128205128,-2.77458680574884,-2.69888750415088,0.0729709632020672,BL/T24,ns,ns,ns/ns,VA
GGB9063_SGB13982,0.0806637453883905,Value,BL,T24,20,20,111,0.841,-0.285141735695128,0.474271811329516,Wilcoxon,two.sided,0.989705128205128,-2.69694485811515,-2.81977421895798,-0.115851714827776,BL/T24,ns,ns,ns/ns,VA
GGB9302_SGB14263,0.150394642875275,Value,BL,T24,20,20,135,0.277,-0.146216966989117,0.404491147885737,Wilcoxon,two.sided,0.989705128205128,-2.75613408166172,-2.83198796853195,-0.0731146596473722,BL/T24,ns,ns,ns/ns,VA
GGB9342_SGB14306,-0.157471092261549,Value,BL,T24,20,20,78,0.33,-0.454381540717655,0.231550414212741,Wilcoxon,two.sided,0.989705128205128,-2.8556531366873,-2.76312225420834,0.0884969153033787,BL/T24,ns,ns,ns/ns,VA
GGB9345_SGB14311,0.052420058822266,Value,BL,T24,20,20,117,0.674,-0.156991823500037,0.254186690598516,Wilcoxon,two.sided,0.989705128205128,-2.67494734128173,-2.69066691944784,-0.015597305317677,BL/T24,ns,ns,ns/ns,VA
GGB9480_SGB14874,-0.0716891859729505,Value,BL,T24,20,20,91,0.622,-0.328348619213012,0.230895431201068,Wilcoxon,two.sided,0.989705128205128,-2.79398873949573,-2.75907802235284,0.0343151593663573,BL/T24,ns,ns,ns/ns,VA
GGB9524_SGB14924,-0.0867043146520451,Value,BL,T24,20,20,88,0.546,-0.47753231663204,0.230311691793817,Wilcoxon,two.sided,0.989705128205128,-2.91021766470989,-2.78162416060881,0.120972170822247,BL/T24,ns,ns,ns/ns,VA
GGB9593_SGB15015,0.136103868636843,Value,BL,T24,20,20,133,0.312,-0.158966577092395,0.435940960233963,Wilcoxon,two.sided,0.989705128205128,-2.72140495575378,-2.86036675014829,-0.130117140789652,BL/T24,ns,ns,ns/ns,VA
GGB9595_SGB15019,0.185819527804432,Value,BL,T24,20,20,148,0.114,-0.084453029772668,0.470909296159942,Wilcoxon,two.sided,0.92055,-2.69032988228529,-2.92396769409152,-0.209967374951071,BL/T24,ns,ns,ns/ns,VA
GGB9602_SGB15028,0.145846446380693,Value,BL,T24,20,20,157,0.0532,-0.00189825783600139,0.34217603179998,Wilcoxon,two.sided,0.92055,-2.58311573636067,-2.78656101720648,-0.185188510523355,BL/T24,ns,ns,ns/ns,VA
GGB9602_SGB15031,0.287319522270446,Value,BL,T24,20,20,159,0.0441,0.0122805811941771,0.592399513016758,Wilcoxon,two.sided,0.92055,-2.55452787093834,-2.83249861618432,-0.245273464649505,BL/T24,ns,*,*/ns,VA
GGB9614_SGB15049,-0.106708635192754,Value,BL,T24,20,20,88,0.546,-0.493540844519393,0.236070629514469,Wilcoxon,two.sided,0.989705128205128,-2.7979412746897,-2.71507906953621,0.0796077255318975,BL/T24,ns,ns,ns/ns,VA
GGB9616_SGB15051,0.0689165414119548,Value,BL,T24,20,20,125,0.475,-0.114719548267354,0.320992772120365,Wilcoxon,two.sided,0.989705128205128,-2.70003927035257,-2.82360310382165,-0.116505627646135,BL/T24,ns,ns,ns/ns,VA
GGB9616_SGB15052,-0.0335495308354897,Value,BL,T24,20,20,99,0.841,-0.374305726315908,0.310673861854879,Wilcoxon,two.sided,0.989705128205128,-2.77342904019285,-2.69924958729285,0.0715570704902347,BL/T24,ns,ns,ns/ns,VA
GGB9627_SGB15081,-0.0956032749882716,Value,BL,T24,20,20,81,0.388,-0.480567545658443,0.101303431796769,Wilcoxon,two.sided,0.989705128205128,-2.91540480874813,-2.68373891482232,0.208367638337383,BL/T24,ns,ns,ns/ns,VA
GGB9634_SGB15093,0.221008753195384,Value,BL,T24,20,20,145,0.143,-0.0937487336001548,0.476924675597732,Wilcoxon,two.sided,0.989705128205128,-2.61397691156206,-2.81546333463747,-0.183559476151694,BL/T24,ns,ns,ns/ns,VA
GGB9635_SGB15103,-0.108739856674401,Value,BL,T24,20,20,80,0.368,-0.448745311234778,0.228623047194773,Wilcoxon,two.sided,0.989705128205128,-2.82827465641223,-2.73015225139179,0.0936018168560903,BL/T24,ns,ns,ns/ns,VA
GGB9635_SGB15106,-0.0695832069074412,Value,BL,T24,20,20,91,0.622,-0.34232290524711,0.231227725892111,Wilcoxon,two.sided,0.989705128205128,-2.92162146928466,-2.83335163093327,0.0845891308741767,BL/T24,ns,ns,ns/ns,VA
GGB9677_SGB15180,-0.00849266580203545,Value,BL,T24,20,20,104,0.985,-0.285718512755695,0.292061963962002,Wilcoxon,two.sided,0.997351097178683,-2.78898495963014,-2.7513686355013,0.0369260864800401,BL/T24,ns,ns,ns/ns,VA
GGB9691_SGB15198,0.0255102927496368,Value,BL,T24,20,20,109,0.898,-0.319400352482715,0.338843544775918,Wilcoxon,two.sided,0.989705128205128,-2.84379653898284,-2.86881070199826,-0.0247064300709282,BL/T24,ns,ns,ns/ns,VA
GGB9699_SGB15216,0.047029582096873,Value,BL,T24,20,20,116,0.701,-0.170379491642279,0.243672185502822,Wilcoxon,two.sided,0.989705128205128,-2.71764601796106,-2.7580059875468,-0.0395667778676485,BL/T24,ns,ns,ns/ns,VA
GGB9707_SGB15229,-0.0288326175713094,Value,BL,T24,20,20,99,0.841,-0.284858301292531,0.274415610796252,Wilcoxon,two.sided,0.989705128205128,-2.69270456540698,-2.71153557503987,-0.0186559010695457,BL/T24,ns,ns,ns/ns,VA
GGB9708_SGB15233,0.106739867289125,Value,BL,T24,20,20,129,0.388,-0.145340496592205,0.469259340774952,Wilcoxon,two.sided,0.989705128205128,-2.72173195928961,-2.89173158283888,-0.157003427056852,BL/T24,ns,ns,ns/ns,VA
GGB9708_SGB15234,-0.0368439469732921,Value,BL,T24,20,20,96,0.756,-0.305566595710493,0.294861327199222,Wilcoxon,two.sided,0.989705128205128,-2.70789666461927,-2.74544197246165,-0.0368576423787235,BL/T24,ns,ns,ns/ns,VA
GGB9712_SGB15244,0.115244585874059,Value,BL,T24,20,20,129,0.388,-0.203722080278178,0.42253850739851,Wilcoxon,two.sided,0.989705128205128,-2.77292768252516,-2.89063134255264,-0.111276277010382,BL/T24,ns,ns,ns/ns,VA
GGB9713_SGB15249,0.066267131042535,Value,BL,T24,20,20,114,0.756,-0.254828557354476,0.321177796289518,Wilcoxon,two.sided,0.989705128205128,-2.67121073381213,-2.78080307513036,-0.103992687794082,BL/T24,ns,ns,ns/ns,VA
GGB9747_SGB15356,0.019522633248692,Value,BL,T24,20,20,111,0.841,-0.318615924812576,0.290487261336977,Wilcoxon,two.sided,0.989705128205128,-2.79428080101203,-2.79947881892755,-0.00518455485439941,BL/T24,ns,ns,ns/ns,VA
GGB9758_SGB15368,0.151663621711924,Value,BL,T24,20,20,138,0.231,-0.130060007373136,0.385125956287678,Wilcoxon,two.sided,0.989705128205128,-2.63726928044865,-2.76939247068451,-0.124094799156644,BL/T24,ns,ns,ns/ns,VA
GGB9760_SGB15373,0.0507483741309054,Value,BL,T24,20,20,115,0.729,-0.216134648275417,0.266214063864001,Wilcoxon,two.sided,0.989705128205128,-2.7727146813458,-2.80237340084886,-0.0292274070479263,BL/T24,ns,ns,ns/ns,VA
GGB9760_SGB15374,0.0308843073885077,Value,BL,T24,20,20,116,0.701,-0.186835873186465,0.245394363198759,Wilcoxon,two.sided,0.989705128205128,-2.74100917287463,-2.68377834879922,0.0556530596561108,BL/T24,ns,ns,ns/ns,VA
GGB9813_SGB15447,0.174200623447301,Value,BL,T24,20,20,139,0.216,-0.141974652140066,0.497404402050623,Wilcoxon,two.sided,0.989705128205128,-2.72042020157999,-2.88661491578544,-0.153746067301606,BL/T24,ns,ns,ns/ns,VA
Haemophilus_parainfluenzae,-0.0779812885819674,Value,BL,T24,20,20,90,0.596,-0.331096632383727,0.194787866951199,Wilcoxon,two.sided,0.989705128205128,-2.78564244944999,-2.72254035695023,0.0611911366105095,BL/T24,ns,ns,ns/ns,VA
Holdemanella_biformis,0.192056809941217,Value,BL,T24,20,20,137,0.245,-0.101696486952048,0.483269152775033,Wilcoxon,two.sided,0.989705128205128,-2.74784520190421,-2.9261836174221,-0.16410532369904,BL/T24,ns,ns,ns/ns,VA
Holdemanella_porci,0.184025250783767,Value,BL,T24,20,20,149,0.105,-0.079514753032274,0.477258932376414,Wilcoxon,two.sided,0.92055,-2.61165965925626,-2.79153455940186,-0.165408416031634,BL/T24,ns,ns,ns/ns,VA
Holdemania_filiformis,0.204662374279308,Value,BL,T24,20,20,144,0.154,-0.150822800358666,0.392972890498393,Wilcoxon,two.sided,0.989705128205128,-2.78950082842081,-2.90840146391817,-0.112346627797553,BL/T24,ns,ns,ns/ns,VA
Holdemania_massiliensis,0.0469036103066403,Value,BL,T24,20,20,112,0.812,-0.297189940500823,0.296084502012474,Wilcoxon,two.sided,0.989705128205128,-2.74547490300231,-2.7219950099012,0.0232084806903907,BL/T24,ns,ns,ns/ns,VA
Hungatella_hathewayi,0.021938394085787,Value,BL,T24,20,20,108,0.927,-0.340779332878119,0.266195092981232,Wilcoxon,two.sided,0.989705128205128,-2.80993971797175,-2.79343157395294,0.0163733658778947,BL/T24,ns,ns,ns/ns,VA
Hydrogenoanaerobacterium_saccharovorans,-0.379594487641264,Value,BL,T24,20,20,27,0.00233,-0.611077948105209,-0.114555956915842,Wilcoxon,two.sided,0.376295,-2.86283499007038,-2.49410142843832,0.313885904744026,BL/T24,ns,**,**/ns,VA
Intestinibacter_bartlettii,0.061115549831714,Value,BL,T24,20,20,120,0.596,-0.275469555092543,0.668037638689541,Wilcoxon,two.sided,0.989705128205128,-2.81155749796971,-3.02075100373536,-0.189953613222048,BL/T24,ns,ns,ns/ns,VA
Intestinimonas_butyriciproducens,0.0195069625084077,Value,BL,T24,20,20,109,0.898,-0.20896248085207,0.244964065172254,Wilcoxon,two.sided,0.989705128205128,-2.8502554002308,-2.86678459634206,-0.016394075868833,BL/T24,ns,ns,ns/ns,VA
Intestinimonas_massiliensis,0.0132380547183324,Value,BL,T24,20,20,107,0.956,-0.410496901547675,0.404123126165059,Wilcoxon,two.sided,0.989705128205128,-2.89488810369913,-2.85129490048538,0.0426697614322396,BL/T24,ns,ns,ns/ns,VA
Klebsiella_pneumoniae,-0.0880946580438523,Value,BL,T24,20,20,83,0.43,-0.343022932060232,0.205823649689491,Wilcoxon,two.sided,0.989705128205128,-2.79664374826541,-2.72009277860277,0.0737623842747085,BL/T24,ns,ns,ns/ns,VA
Klebsiella_quasipneumoniae,-0.0924605733186696,Value,BL,T24,20,20,84,0.452,-0.461525898100063,0.190252498708919,Wilcoxon,two.sided,0.989705128205128,-2.8889534900311,-2.72619279851054,0.150797084109306,BL/T24,ns,ns,ns/ns,VA
Klebsiella_variicola,-0.0668431420984892,Value,BL,T24,20,20,95,0.729,-0.404653360728821,0.334433843981421,Wilcoxon,two.sided,0.989705128205128,-2.85918223845303,-2.84505532027575,0.0140280631917016,BL/T24,ns,ns,ns/ns,VA
Lachnospira_eligens,-0.0613447008762432,Value,BL,T24,20,20,88,0.546,-0.336586306911848,0.140495605449312,Wilcoxon,two.sided,0.989705128205128,-2.45416070391417,-2.35617287317623,0.0934792599092909,BL/T24,ns,ns,ns/ns,VA
Lachnospira_pectinoschiza,0.141969063616864,Value,BL,T24,20,20,131,0.349,-0.221535136639294,0.565805533372493,Wilcoxon,two.sided,0.989705128205128,-2.50000392328595,-2.71447247231178,-0.194306572892446,BL/T24,ns,ns,ns/ns,VA
Lachnospira_sp_NSJ_43,-0.145334127857842,Value,BL,T24,20,20,79,0.349,-0.401444149662317,0.1831193585861,Wilcoxon,two.sided,0.989705128205128,-2.87468015323283,-2.75545889511628,0.112633138217119,BL/T24,ns,ns,ns/ns,VA
Lachnospiraceae_bacterium_AM48_27BH,-0.0582472413368147,Value,BL,T24,20,20,95,0.729,-0.275605023974385,0.209716608820486,Wilcoxon,two.sided,0.989705128205128,-2.81104602462462,-2.80827904037205,0.0027631631985536,BL/T24,ns,ns,ns/ns,VA
Lachnospiraceae_bacterium_BX3,0.09725766941097,Value,BL,T24,20,20,126,0.452,-0.179738374989717,0.468553366076588,Wilcoxon,two.sided,0.989705128205128,-2.70167666964936,-2.83700292733258,-0.12692006133032,BL/T24,ns,ns,ns/ns,VA
Lachnospiraceae_bacterium_Marseille_Q4251,-0.0822477962267201,Value,BL,T24,20,20,86,0.498,-0.30287679983155,0.119129750178352,Wilcoxon,two.sided,0.989705128205128,-2.72334787339816,-2.61405914631179,0.103719023524217,BL/T24,ns,ns,ns/ns,VA
Lachnospiraceae_bacterium_OM04_12BH,-0.154432211174152,Value,BL,T24,20,20,79,0.349,-0.399453668335229,0.118545953060534,Wilcoxon,two.sided,0.989705128205128,-2.93045475333554,-2.7667226560845,0.15163216581823,BL/T24,ns,ns,ns/ns,VA
Lacrimispora_amygdalina,0.0610089511214728,Value,BL,T24,20,20,123,0.522,-0.130757711845066,0.250385525306327,Wilcoxon,two.sided,0.989705128205128,-2.57902685162451,-2.65065119333196,-0.0691755737228334,BL/T24,ns,ns,ns/ns,VA
Lacrimispora_celerecrescens,-0.255220548597068,Value,BL,T24,20,20,73,0.245,-0.592047243959847,0.182180571663958,Wilcoxon,two.sided,0.989705128205128,-3.01837947882594,-2.73441034463319,0.24995616618814,BL/T24,ns,ns,ns/ns,VA
Lacrimispora_saccharolytica,-0.0905133129272718,Value,BL,T24,20,20,90,0.596,-0.531472690749945,0.203554995648698,Wilcoxon,two.sided,0.989705128205128,-2.96350647590572,-2.73727578666292,0.203944983959202,BL/T24,ns,ns,ns/ns,VA
Lawsonibacter_asaccharolyticus,0.0662649125948429,Value,BL,T24,20,20,115,0.729,-0.225047497463854,0.310990551986004,Wilcoxon,two.sided,0.989705128205128,-2.66865375271856,-2.72644770082327,-0.0561855584239961,BL/T24,ns,ns,ns/ns,VA
Longicatena_caecimuris,-0.164781640564744,Value,BL,T24,20,20,75,0.277,-0.418245481277085,0.120547076757062,Wilcoxon,two.sided,0.989705128205128,-2.8973790603086,-2.78721659214164,0.104506372331512,BL/T24,ns,ns,ns/ns,VA
Megamonas_funiformis,-0.191094796007775,Value,BL,T24,20,20,72,0.231,-0.465361347416714,0.101789634330187,Wilcoxon,two.sided,0.989705128205128,-2.77869774593648,-2.62555245969992,0.142493240492281,BL/T24,ns,ns,ns/ns,VA
Megasphaera_sp_NM10,0.444444240378016,Value,BL,T24,20,20,172,0.0107,0.0993414948547289,0.71295535629954,Wilcoxon,two.sided,0.771611111111111,-2.67124907947442,-3.10520418404288,-0.360436433855009,BL/T24,ns,*,*/ns,VA
Mesosutterella_multiformis,-0.055862779550799,Value,BL,T24,20,20,84,0.452,-0.295676502209848,0.103964592007944,Wilcoxon,two.sided,0.989705128205128,-2.7631414337852,-2.6445174849285,0.112099312846027,BL/T24,ns,ns,ns/ns,VA
Negativibacillus_massiliensis,0.0818858784126314,Value,BL,T24,20,20,114,0.756,-0.147616495677468,0.287581404902885,Wilcoxon,two.sided,0.989705128205128,-2.80893302739235,-2.8641857319629,-0.0537802686438315,BL/T24,ns,ns,ns/ns,VA
Odoribacter_sp_AF15_53,-0.0152504339092311,Value,BL,T24,20,20,101,0.898,-0.345229397392868,0.423441590370266,Wilcoxon,two.sided,0.989705128205128,-2.98518011020074,-2.99425398654196,-0.00903295607596888,BL/T24,ns,ns,ns/ns,VA
Odoribacter_splanchnicus,-0.114933973289676,Value,BL,T24,20,20,87,0.522,-0.318868938953846,0.122519154878039,Wilcoxon,two.sided,0.989705128205128,-2.69202230967353,-2.61176781847015,0.0771966533805207,BL/T24,ns,ns,ns/ns,VA
Oscillibacter_sp_ER4,-0.0645383939056995,Value,BL,T24,20,20,100,0.869,-0.368654002181495,0.19760200753359,Wilcoxon,two.sided,0.989705128205128,-2.65380773788943,-2.59752298514413,0.054757801155378,BL/T24,ns,ns,ns/ns,VA
Oscillospiraceae_bacterium_Marseille_Q3528,-0.277628229107183,Value,BL,T24,20,20,57,0.0759,-0.534784153778729,0.0213581380860517,Wilcoxon,two.sided,0.92055,-3.02257148316629,-2.78694811092242,0.211575597587398,BL/T24,ns,ns,ns/ns,VA
Oscillospiraceae_bacterium_N12,0.076261140814741,Value,BL,T24,20,20,117,0.674,-0.322254731596612,0.309977226519669,Wilcoxon,two.sided,0.989705128205128,-2.87275541829937,-2.9265968575394,-0.0524420016487015,BL/T24,ns,ns,ns/ns,VA
Oscillospiraceae_unclassified_SGB15252,0.0336628894065029,Value,BL,T24,20,20,115,0.729,-0.291790997372165,0.282391955752164,Wilcoxon,two.sided,0.989705128205128,-2.73897277766193,-2.72385077659566,0.0150088033653862,BL/T24,ns,ns,ns/ns,VA
Oscillospiraceae_unclassified_SGB15256,0.157588485538208,Value,BL,T24,20,20,143,0.165,-0.0527136311676293,0.39837518764946,Wilcoxon,two.sided,0.989705128205128,-2.75120854221317,-2.90662916286796,-0.144464451405692,BL/T24,ns,ns,ns/ns,VA
Parabacteroides_distasonis,0.0910774783752584,Value,BL,T24,20,20,128,0.409,-0.161442081696842,0.398959047706156,Wilcoxon,two.sided,0.989705128205128,-2.32292177786488,-2.43640619823295,-0.107494216030571,BL/T24,ns,ns,ns/ns,VA
Parabacteroides_faecis,0.100056555663175,Value,BL,T24,20,20,126,0.452,-0.150403973434388,0.353001735611701,Wilcoxon,two.sided,0.989705128205128,-2.76230442978859,-2.87053790354457,-0.102767282513779,BL/T24,ns,ns,ns/ns,VA
Parabacteroides_goldsteinii,0.0149911289103126,Value,BL,T24,20,20,112,0.812,-0.177998277961813,0.241201914499762,Wilcoxon,two.sided,0.989705128205128,-2.60659396697067,-2.64404953549219,-0.0367711466842485,BL/T24,ns,ns,ns/ns,VA
Parabacteroides_johnsonii,0.0303331053525231,Value,BL,T24,20,20,117,0.674,-0.141654970274446,0.19277383096517,Wilcoxon,two.sided,0.989705128205128,-2.64052490763565,-2.70372644933289,-0.0612846784696832,BL/T24,ns,ns,ns/ns,VA
Parabacteroides_merdae,-0.00117663854927968,Value,BL,T24,20,20,105,1,-0.231817333961239,0.245902064243204,Wilcoxon,two.sided,1,-2.53167714316329,-2.52873240401299,0.00294041189897114,BL/T24,ns,ns,ns/ns,VA
Parabacteroides_sp_TM07_1AC,0.0242360962929783,Value,BL,T24,20,20,113,0.784,-0.24525574408188,0.278335716828956,Wilcoxon,two.sided,0.989705128205128,-2.79443953704269,-2.82797733940319,-0.0329876765007589,BL/T24,ns,ns,ns/ns,VA
Paraprevotella_clara,0.14386270321652,Value,BL,T24,20,20,133,0.312,-0.0970625438620252,0.419725305310831,Wilcoxon,two.sided,0.989705128205128,-2.69667050351819,-2.85416546804891,-0.146258156671352,BL/T24,ns,ns,ns/ns,VA
Parasutterella_excrementihominis,-0.0499355844965155,Value,BL,T24,20,20,92,0.648,-0.27484183313474,0.1552894770406,Wilcoxon,two.sided,0.989705128205128,-2.73340807478128,-2.64798164010681,0.0819729371271472,BL/T24,ns,ns,ns/ns,VA
Parasutterella_SGB9260,-0.0427651407754134,Value,BL,T24,20,20,101,0.898,-0.334058382095382,0.142699593039603,Wilcoxon,two.sided,0.989705128205128,-2.68053329487381,-2.58632211623072,0.0900337188658172,BL/T24,ns,ns,ns/ns,VA
Phascolarctobacterium_faecium,0.04697516727261,Value,BL,T24,20,20,118,0.648,-0.309281333426449,0.260954918914271,Wilcoxon,two.sided,0.989705128205128,-2.44188161927609,-2.46791721852,-0.0257024432654676,BL/T24,ns,ns,ns/ns,VA
Phascolarctobacterium_SGB5790,0.0583248968409353,Value,BL,T24,20,20,112,0.812,-0.281949200618214,0.411380748730347,Wilcoxon,two.sided,0.989705128205128,-2.72488206336521,-2.80244409303479,-0.0747011094776079,BL/T24,ns,ns,ns/ns,VA
Phascolarctobacterium_succinatutens,-0.13563124034072,Value,BL,T24,20,20,76,0.294,-0.384739104777766,0.100456238208931,Wilcoxon,two.sided,0.989705128205128,-2.7660922134863,-2.64614796575672,0.113278905255117,BL/T24,ns,ns,ns/ns,VA
Phocaeicola_coprocola,0.128003617765994,Value,BL,T24,20,20,146,0.133,-0.0621659721924044,0.315095706912773,Wilcoxon,two.sided,0.989705128205128,-2.41352665384819,-2.54610550174503,-0.12449719881846,BL/T24,ns,ns,ns/ns,VA
Phocaeicola_coprophilus,0.0647065564823941,Value,BL,T24,20,20,112,0.812,-0.35911148657509,0.441914332408646,Wilcoxon,two.sided,0.989705128205128,-2.93855740020744,-2.99127646465133,-0.0513764021556993,BL/T24,ns,ns,ns/ns,VA
Phocaeicola_dorei,0.104080031278069,Value,BL,T24,20,20,140,0.202,-0.0674999272151715,0.3845526525916,Wilcoxon,two.sided,0.989705128205128,-2.34712749269043,-2.51340865027526,-0.15382018886527,BL/T24,ns,ns,ns/ns,VA
Phocaeicola_massiliensis,-0.233699019052235,Value,BL,T24,20,20,55,0.0637,-0.519162689590738,0.01778056023957,Wilcoxon,two.sided,0.92055,-2.65332723547236,-2.39283026142193,0.231506067048292,BL/T24,ns,ns,ns/ns,VA
Phocaeicola_plebeius,0.0282770304949538,Value,BL,T24,20,20,108,0.927,-0.518161795164434,0.242045768994291,Wilcoxon,two.sided,0.989705128205128,-2.42047061835338,-2.36238407816843,0.0564621261070234,BL/T24,ns,ns,ns/ns,VA
Phocaeicola_SGB6473,0.0451020195256228,Value,BL,T24,20,20,115,0.729,-0.199974791500827,0.444113211423117,Wilcoxon,two.sided,0.989705128205128,-2.8152355574923,-2.89555566334248,-0.0772573915257338,BL/T24,ns,ns,ns/ns,VA
Phocaeicola_vulgatus,-0.0131175566600626,Value,BL,T24,20,20,100,0.869,-0.282815880837966,0.225786688728273,Wilcoxon,two.sided,0.989705128205128,-1.88871558006308,-1.86878646714472,0.0197331277422827,BL/T24,ns,ns,ns/ns,VA
Prevotella_bivia,-0.0468757601969134,Value,BL,T24,20,20,97,0.784,-0.344904952456087,0.265476192730163,Wilcoxon,two.sided,0.989705128205128,-2.84739272281224,-2.80517688756226,0.0413490574381644,BL/T24,ns,ns,ns/ns,VA
Prevotella_copri_clade_A,0.391227950775627,Value,BL,T24,20,20,167,0.0192,0.0974303204839729,0.642330799084403,Wilcoxon,two.sided,0.771611111111111,-2.56166894536649,-2.88081496641391,-0.276984573481438,BL/T24,ns,*,*/ns,VA
Prevotella_copri_clade_C,0.176793891920221,Value,BL,T24,20,20,131,0.349,-0.176180451752751,0.515255824354352,Wilcoxon,two.sided,0.989705128205128,-2.65185837977291,-2.78591540910954,-0.125801494461347,BL/T24,ns,ns,ns/ns,VA
Prevotella_corporis,0.0958821696470648,Value,BL,T24,20,20,123,0.522,-0.165471623914062,0.521749411107755,Wilcoxon,two.sided,0.989705128205128,-2.70132849927321,-2.96604537284212,-0.234848281768545,BL/T24,ns,ns,ns/ns,VA
Prevotella_disiens,5.13822611268866e-05,Value,BL,T24,20,20,105,1,-0.460975845387861,0.404815388156762,Wilcoxon,two.sided,1,-2.99194574249041,-2.93925909618697,0.0513456070074897,BL/T24,ns,ns,ns/ns,VA
Prevotella_stercorea,0.0446644110900649,Value,BL,T24,20,20,112,0.812,-0.306202296382743,0.394190528882195,Wilcoxon,two.sided,0.989705128205128,-2.849285249533,-2.90781743140598,-0.0568832144116468,BL/T24,ns,ns,ns/ns,VA
Prevotella_timonensis,-0.098829565305785,Value,BL,T24,20,20,85,0.475,-0.279144959989379,0.180874354725689,Wilcoxon,two.sided,0.989705128205128,-2.81392528623545,-2.75841732816948,0.0540221278950327,BL/T24,ns,ns,ns/ns,VA
Pseudoruminococcus_massiliensis,0.220614003232394,Value,BL,T24,20,20,131,0.349,-0.136599357017051,0.510295425361901,Wilcoxon,two.sided,0.989705128205128,-2.7553044601195,-2.92872365978768,-0.159921879799642,BL/T24,ns,ns,ns/ns,VA
Rheinheimera_SGB14999,0.0341086525966514,Value,BL,T24,20,20,115,0.729,-0.222933426236773,0.453830552278814,Wilcoxon,two.sided,0.989705128205128,-2.73220572695514,-2.78242254528769,-0.0489966365026033,BL/T24,ns,ns,ns/ns,VA
Romboutsia_timonensis,-0.149506639602539,Value,BL,T24,20,20,74,0.261,-0.450323271730802,0.108958698009132,Wilcoxon,two.sided,0.989705128205128,-2.79286166600026,-2.65261012551538,0.131248887615015,BL/T24,ns,ns,ns/ns,VA
Roseburia_faecis,0.110086496728999,Value,BL,T24,20,20,122,0.546,-0.216281176741008,0.390607689823209,Wilcoxon,two.sided,0.989705128205128,-2.5426845274682,-2.66116778945569,-0.11197353714004,BL/T24,ns,ns,ns/ns,VA
Roseburia_hominis,-0.235827878575504,Value,BL,T24,20,20,60,0.0973,-0.491770827781395,0.0544188575279965,Wilcoxon,two.sided,0.92055,-2.8445525006363,-2.61858105663632,0.203733545236217,BL/T24,ns,ns,ns/ns,VA
Roseburia_intestinalis,0.0663620756015703,Value,BL,T24,20,20,119,0.622,-0.218223196578766,0.418945937379092,Wilcoxon,two.sided,0.989705128205128,-2.6851678575024,-2.74025806586354,-0.0536262688282221,BL/T24,ns,ns,ns/ns,VA
Roseburia_inulinivorans,-0.0313569408718487,Value,BL,T24,20,20,99,0.841,-0.342233150560946,0.283447787759992,Wilcoxon,two.sided,0.989705128205128,-2.59546314018863,-2.56224222210265,0.0326810279560002,BL/T24,ns,ns,ns/ns,VA
Roseburia_sp_AF02_12,0.249717758914596,Value,BL,T24,20,20,165,0.024,0.0385440510907238,0.551990683611126,Wilcoxon,two.sided,0.7752,-2.53613752552307,-2.88243561280562,-0.297358668280477,BL/T24,ns,*,*/ns,VA
Roseburia_sp_AM16_25,0.0170932097336486,Value,BL,T24,20,20,108,0.927,-0.370364531124091,0.292638638157234,Wilcoxon,two.sided,0.989705128205128,-2.79934828134776,-2.76979824312024,0.029121850702338,BL/T24,ns,ns,ns/ns,VA
Roseburia_sp_AM23_20,-0.211118734193001,Value,BL,T24,20,20,77,0.312,-0.635326718309131,0.183323783177103,Wilcoxon,two.sided,0.989705128205128,-3.02303148919162,-2.79887088057358,0.202255391673247,BL/T24,ns,ns,ns/ns,VA
Roseburia_sp_AM59_24XD,0.0415190728895839,Value,BL,T24,20,20,119,0.622,-0.230752055113554,0.38380925740234,Wilcoxon,two.sided,0.989705128205128,-2.78289412967809,-2.77980501898428,0.00308434919471465,BL/T24,ns,ns,ns/ns,VA
Ruminococcus_bicirculans,0.0947924829752252,Value,BL,T24,20,20,124,0.498,-0.212810592904822,0.503226003312491,Wilcoxon,two.sided,0.989705128205128,-2.44746051943775,-2.57330730665157,-0.118535452265612,BL/T24,ns,ns,ns/ns,VA
Ruminococcus_bovis,-0.0568425448351656,Value,BL,T24,20,20,83,0.43,-0.228850819928563,0.125349762382458,Wilcoxon,two.sided,0.989705128205128,-2.73792787130663,-2.69516263041951,0.0418760700390423,BL/T24,ns,ns,ns/ns,VA
Ruminococcus_bromii,0.156700477277555,Value,BL,T24,20,20,138,0.231,-0.110339214706775,0.407068723650803,Wilcoxon,two.sided,0.989705128205128,-2.42276804065121,-2.55122634437406,-0.120852368185977,BL/T24,ns,ns,ns/ns,VA
Ruminococcus_callidus,-0.216872956143558,Value,BL,T24,20,20,75,0.277,-0.417844265253307,0.1203255527142,Wilcoxon,two.sided,0.989705128205128,-2.7935598758896,-2.60161395017641,0.175587203279591,BL/T24,ns,ns,ns/ns,VA
Ruminococcus_gnavus,-0.109068149752684,Value,BL,T24,20,20,87,0.522,-0.397737507254157,0.247056810787846,Wilcoxon,two.sided,0.989705128205128,-2.80924478518343,-2.72189071269984,0.0837472887549317,BL/T24,ns,ns,ns/ns,VA
Ruminococcus_lactaris,0.0704778324251332,Value,BL,T24,20,20,126,0.452,-0.122602364678061,0.239975604433901,Wilcoxon,two.sided,0.989705128205128,-2.72657947885486,-2.77297172459998,-0.0453482912815673,BL/T24,ns,ns,ns/ns,VA
Ruminococcus_SGB4421,-0.0549059802774495,Value,BL,T24,20,20,93,0.674,-0.376946748414585,0.184831517582557,Wilcoxon,two.sided,0.989705128205128,-2.9403186017957,-2.84694648318452,0.0892666074382354,BL/T24,ns,ns,ns/ns,VA
Ruminococcus_sp_AF13_28,0.170918150099872,Value,BL,T24,20,20,135,0.277,-0.131614977413133,0.555158302958153,Wilcoxon,two.sided,0.989705128205128,-2.61907240854859,-2.85972371997311,-0.215636492869656,BL/T24,ns,ns,ns/ns,VA
Ruminococcus_sp_BSD2780120874_150323_B10,0.271951399099655,Value,BL,T24,20,20,153,0.0759,-0.028940076532074,0.593917859709625,Wilcoxon,two.sided,0.92055,-2.58288430760094,-2.88825156594084,-0.26648442519759,BL/T24,ns,ns,ns/ns,VA
Ruminococcus_torques,-0.0237891178535669,Value,BL,T24,20,20,102,0.927,-0.274928156500831,0.256963475323629,Wilcoxon,two.sided,0.989705128205128,-2.58188321481794,-2.58321625676369,-0.00133215423414553,BL/T24,ns,ns,ns/ns,VA
Ruthenibacterium_lactatiformans,-0.0643053258142736,Value,BL,T24,20,20,88,0.546,-0.283589898184792,0.152129862262217,Wilcoxon,two.sided,0.989705128205128,-2.63547459501939,-2.58574099711113,0.0485364157001649,BL/T24,ns,ns,ns/ns,VA
Sellimonas_intestinalis,-0.0724187551291614,Value,BL,T24,20,20,93,0.674,-0.459333039617317,0.304069112677505,Wilcoxon,two.sided,0.989705128205128,-2.99124451675077,-2.92112175043678,0.0677733767651552,BL/T24,ns,ns,ns/ns,VA
Streptococcus_parasanguinis,-0.0102103662651127,Value,BL,T24,20,20,101,0.898,-0.24523906770661,0.261578028269416,Wilcoxon,two.sided,0.989705128205128,-2.69980204575639,-2.74269462420181,-0.0419981778529743,BL/T24,ns,ns,ns/ns,VA
Streptococcus_pasteurianus,0.049186287693462,Value,BL,T24,20,20,114,0.756,-0.330363646684758,0.43212499688246,Wilcoxon,two.sided,0.989705128205128,-2.8114021016668,-2.86773965624685,-0.0548077881640118,BL/T24,ns,ns,ns/ns,VA
Streptococcus_salivarius,0.0539656801840878,Value,BL,T24,20,20,117,0.674,-0.209219449363116,0.337066199091736,Wilcoxon,two.sided,0.989705128205128,-2.71939727419471,-2.76942733255746,-0.0488187907718384,BL/T24,ns,ns,ns/ns,VA
Streptococcus_thermophilus,-0.0180690757713329,Value,BL,T24,20,20,104,0.985,-0.234464389182243,0.292421982162562,Wilcoxon,two.sided,0.997351097178683,-2.74420003482393,-2.86445772626751,-0.113558740488332,BL/T24,ns,ns,ns/ns,VA
Sutterella_sp_AM11_39,-0.0165358215899376,Value,BL,T24,20,20,102,0.927,-0.317179497130066,0.234584555448273,Wilcoxon,two.sided,0.989705128205128,-2.8282657982093,-2.7735883026776,0.0532350287557332,BL/T24,ns,ns,ns/ns,VA
Sutterella_wadsworthensis,0.165958474273532,Value,BL,T24,20,20,137,0.245,-0.161959063893164,0.496619858075727,Wilcoxon,two.sided,0.989705128205128,-2.7076968905169,-2.84845186662725,-0.131690302955107,BL/T24,ns,ns,ns/ns,VA
Tyzzerella_nexilis,-0.108422313094594,Value,BL,T24,20,20,93,0.674,-0.649234045592484,0.192045962733738,Wilcoxon,two.sided,0.989705128205128,-2.91601109015773,-2.68912352188362,0.204480530131917,BL/T24,ns,ns,ns/ns,VA
Veillonella_atypica,-0.191997698804406,Value,BL,T24,20,20,65,0.143,-0.490567383938806,0.0714964057205634,Wilcoxon,two.sided,0.989705128205128,-2.97375347681437,-2.74904807217614,0.202700329065686,BL/T24,ns,ns,ns/ns,VA
Veillonella_dispar,0.127321331083576,Value,BL,T24,20,20,130,0.368,-0.134528304534069,0.423537362075751,Wilcoxon,two.sided,0.989705128205128,-2.7722326805068,-2.90457861292676,-0.124291527107211,BL/T24,ns,ns,ns/ns,VA
Veillonella_parvula,-0.250981329581327,Value,BL,T24,20,20,60,0.0973,-0.536853036179394,0.0330420343593356,Wilcoxon,two.sided,0.92055,-2.86487035382262,-2.64625164823399,0.197718008778967,BL/T24,ns,ns,ns/ns,VA
Veillonella_rogosae,0.145927651860431,Value,BL,T24,20,20,130,0.368,-0.171106817669205,0.522125777452969,Wilcoxon,two.sided,0.989705128205128,-2.71727014884957,-2.91918196418542,-0.183913468476458,BL/T24,ns,ns,ns/ns,VA
Vescimonas_coprocola,-0.293315010040552,Value,BL,T24,20,20,59,0.0897,-0.596364586396328,0.0468895161680034,Wilcoxon,two.sided,0.92055,-2.83847627356886,-2.57757502269402,0.231826743745758,BL/T24,ns,ns,ns/ns,VA
Vescimonas_SGB15087,0.0785387492624242,Value,BL,T24,20,20,116,0.701,-0.162662517964541,0.393506262317274,Wilcoxon,two.sided,0.989705128205128,-2.79974634081898,-2.92056904445771,-0.11406297247248,BL/T24,ns,ns,ns/ns,VA
Victivallis_lenta,-0.288298479021645,Value,BL,T24,20,20,54,0.0583,-0.591388752312911,0.00694382478959876,Wilcoxon,two.sided,0.92055,-2.98561453198558,-2.70572909845495,0.246770568871517,BL/T24,ns,ns,ns/ns,VA
Waltera_intestinalis,0.0282017936990873,Value,BL,T24,20,20,108,0.927,-0.328717229087536,0.32260375218367,Wilcoxon,two.sided,0.989705128205128,-2.77577227285986,-2.79881941139307,-0.0227855646304888,BL/T24,ns,ns,ns/ns,VA
Adlercreutzia_equolifaciens,-0.132241456836543,Value,BL,T04,20,20,79,0.349,-0.453327143246692,0.162361608339329,Wilcoxon,two.sided,0.900484848484848,-2.90990465884961,-2.80591791352041,0.0989279417404436,BL/T04,ns,ns,ns/ns,UR
Agathobaculum_butyriciproducens,-0.0381781154180851,Value,BL,T04,20,20,97,0.784,-0.276566117219705,0.2701860636108,Wilcoxon,two.sided,1,-2.76239889902768,-2.76141695220397,0.000981465029299569,BL/T04,ns,ns,ns/ns,UR
Akkermansia_muciniphila,-0.328175027840517,Value,BL,T04,20,20,37,0.00944,-0.587307659422843,-0.0753035694471011,Wilcoxon,two.sided,0.717777777777778,-2.73069590438911,-2.39164596353541,0.291960363140995,BL/T04,ns,**,**/ns,UR
Alistipes_communis,-0.092329067837233,Value,BL,T04,20,20,85,0.475,-0.272754329252464,0.221031347689006,Wilcoxon,two.sided,1,-2.73576194228273,-2.71043041867146,0.0250159979652132,BL/T04,ns,ns,ns/ns,UR
Alistipes_finegoldii,-0.0463894026126536,Value,BL,T04,20,20,93,0.674,-0.245432180319701,0.142651266250203,Wilcoxon,two.sided,1,-2.72164628235943,-2.63775342806394,0.0805590552313372,BL/T04,ns,ns,ns/ns,UR
Alistipes_ihumii,-0.00420268461831874,Value,BL,T04,20,20,104,0.985,-0.267714716586583,0.2067493024844,Wilcoxon,two.sided,1,-2.74890087022715,-2.71849780681382,0.0299500493966491,BL/T04,ns,ns,ns/ns,UR
Alistipes_indistinctus,0.0490580706273585,Value,BL,T04,20,20,117,0.674,-0.150514822180111,0.280334949273257,Wilcoxon,two.sided,1,-2.78785872940655,-2.82947293659361,-0.0407716321516746,BL/T04,ns,ns,ns/ns,UR
Alistipes_onderdonkii,-0.0151915505707195,Value,BL,T04,20,20,96,0.756,-0.223638435440509,0.137377271563699,Wilcoxon,two.sided,1,-2.61980227932785,-2.61916733383694,0.000634743998306079,BL/T04,ns,ns,ns/ns,UR
Alistipes_putredinis,-0.0581457745949827,Value,BL,T04,20,20,87,0.522,-0.269469300392781,0.0968905773690412,Wilcoxon,two.sided,1,-2.42541266840907,-2.31801264688866,0.102014944840004,BL/T04,ns,ns,ns/ns,UR
Alistipes_senegalensis,0.0460615960117161,Value,BL,T04,20,20,116,0.701,-0.198836482745598,0.312023953733368,Wilcoxon,two.sided,1,-2.70244399017152,-2.7499703978839,-0.0464315827229959,BL/T04,ns,ns,ns/ns,UR
Alistipes_shahii,-0.035510105377195,Value,BL,T04,20,20,96,0.756,-0.20761766841358,0.170693594057469,Wilcoxon,two.sided,1,-2.60585363607825,-2.58761709755604,0.0180722472500139,BL/T04,ns,ns,ns/ns,UR
Alistipes_sp_AF17_16,0.145892427329959,Value,BL,T04,20,20,132,0.33,-0.158462136918872,0.61442417029245,Wilcoxon,two.sided,0.900484848484848,-2.72265881252767,-2.99039096573503,-0.237229598060761,BL/T04,ns,ns,ns/ns,UR
Anaerobutyricum_hallii,-0.101201129130004,Value,BL,T04,20,20,79,0.349,-0.344921892736742,0.14117054333051,Wilcoxon,two.sided,0.900484848484848,-2.84537255178341,-2.74099618040328,0.0992808058614013,BL/T04,ns,ns,ns/ns,UR
Anaerobutyricum_soehngenii,0.106458080780018,Value,BL,T04,20,20,139,0.216,-0.0641488719969188,0.287064301441164,Wilcoxon,two.sided,0.895867924528302,-2.75597674606092,-2.85786800357161,-0.0970280284667619,BL/T04,ns,ns,ns/ns,UR
Anaerostipes_hadrus,0.0310341046995324,Value,BL,T04,20,20,109,0.898,-0.219733325413088,0.270844661178179,Wilcoxon,two.sided,1,-2.57722566290764,-2.61186650483869,-0.0340543538675107,BL/T04,ns,ns,ns/ns,UR
Anaerotignum_faecicola,0.0552632879286012,Value,BL,T04,20,20,114,0.756,-0.170115180326574,0.224363988470888,Wilcoxon,two.sided,1,-2.63785831898224,-2.65739714251321,-0.0193503912597042,BL/T04,ns,ns,ns/ns,UR
Anaerotignum_lactatifermentans,0.209581999717917,Value,BL,T04,20,20,158,0.0484,0.0100784953913158,0.448462888909905,Wilcoxon,two.sided,0.78166,-2.69887412293219,-2.90174564714983,-0.184711635127866,BL/T04,ns,*,*/ns,UR
Anaerotruncus_colihominis,-0.00133335667264167,Value,BL,T04,20,20,103,0.956,-0.286041169495779,0.225115649054783,Wilcoxon,two.sided,1,-2.76141505070767,-2.72183905356858,0.0388129349644905,BL/T04,ns,ns,ns/ns,UR
Bacteroides_caccae,0.182297041371943,Value,BL,T04,20,20,150,0.0973,-0.0282964899462337,0.419465052066448,Wilcoxon,two.sided,0.849402702702703,-2.45232930403041,-2.62661446936362,-0.160659592534863,BL/T04,ns,ns,ns/ns,UR
Bacteroides_cellulosilyticus,0.0495853262862405,Value,BL,T04,20,20,123,0.522,-0.12832314341482,0.280217695130532,Wilcoxon,two.sided,1,-2.6347965885942,-2.70096114651957,-0.0640676833658931,BL/T04,ns,ns,ns/ns,UR
Bacteroides_clarus,-0.0386439646505555,Value,BL,T04,20,20,97,0.784,-0.319390899672706,0.211528628466643,Wilcoxon,two.sided,1,-2.81740366622689,-2.79424581175566,0.0228937805116014,BL/T04,ns,ns,ns/ns,UR
Bacteroides_congonensis,0.0539255037333051,Value,BL,T04,20,20,122,0.546,-0.222518835128236,0.202931285689532,Wilcoxon,two.sided,1,-2.73418642770289,-2.73275216902786,0.00143323110846827,BL/T04,ns,ns,ns/ns,UR
Bacteroides_eggerthii,0.0481223112794777,Value,BL,T04,20,20,118,0.648,-0.16513899289034,0.288552723883266,Wilcoxon,two.sided,1,-2.515972462596,-2.59596915057332,-0.076957974443763,BL/T04,ns,ns,ns/ns,UR
Bacteroides_faecis,-0.0308727934095318,Value,BL,T04,20,20,92,0.648,-0.26936573225627,0.169094048382417,Wilcoxon,two.sided,1,-2.68994963740649,-2.67413016209198,0.0156956515919508,BL/T04,ns,ns,ns/ns,UR
Bacteroides_finegoldii,0.203788825308983,Value,BL,T04,20,20,156,0.0583,-0.0114420912364823,0.441941970156245,Wilcoxon,two.sided,0.784620833333333,-2.56618989744954,-2.732789041213,-0.154092801378158,BL/T04,ns,ns,ns/ns,UR
Bacteroides_fragilis,0.0680775571485125,Value,BL,T04,20,20,133,0.312,-0.0700594674944151,0.247372968370074,Wilcoxon,two.sided,0.900484848484848,-2.45534407352645,-2.5358226648465,-0.0774040830896987,BL/T04,ns,ns,ns/ns,UR
Bacteroides_intestinalis,0.0936716322096721,Value,BL,T04,20,20,124,0.498,-0.257846757228184,0.437957851235583,Wilcoxon,two.sided,1,-2.71069517524192,-2.80721829568274,-0.0921443743268445,BL/T04,ns,ns,ns/ns,UR
Bacteroides_nordii,-0.0223533631803116,Value,BL,T04,20,20,102,0.927,-0.337211431726768,0.297757671089766,Wilcoxon,two.sided,1,-2.83227128030618,-2.81452958346789,0.0175861500166939,BL/T04,ns,ns,ns/ns,UR
Bacteroides_ovatus,-0.0993073116041884,Value,BL,T04,20,20,76,0.294,-0.275460137730044,0.0961624932209824,Wilcoxon,two.sided,0.895867924528302,-2.44803759232826,-2.37902719549038,0.0667333577560231,BL/T04,ns,ns,ns/ns,UR
Bacteroides_salyersiae,-0.1328403070866,Value,BL,T04,20,20,81,0.388,-0.532094005580208,0.226842971470755,Wilcoxon,two.sided,0.928325925925926,-2.81180394697169,-2.66667288850914,0.135519091995327,BL/T04,ns,ns,ns/ns,UR
Bacteroides_sp_AF16_49,0.178402640000408,Value,BL,T04,20,20,154,0.0696,-0.0290955018828272,0.350583004454037,Wilcoxon,two.sided,0.81719,-2.67966368280182,-2.83911940641744,-0.147950691228102,BL/T04,ns,ns,ns/ns,UR
Bacteroides_stercoris,-0.016173799418285,Value,BL,T04,20,20,101,0.898,-0.239498487861862,0.215522865472831,Wilcoxon,two.sided,1,-2.30689978225385,-2.27587638262462,0.0305519008288957,BL/T04,ns,ns,ns/ns,UR
Bacteroides_thetaiotaomicron,-0.0794364975805006,Value,BL,T04,20,20,86,0.498,-0.31595277598279,0.149994314722421,Wilcoxon,two.sided,1,-2.46072022295179,-2.3846832545429,0.0732848184067252,BL/T04,ns,ns,ns/ns,UR
Bacteroides_uniformis,-0.139411882311579,Value,BL,T04,20,20,62,0.114,-0.27095693527357,0.0452591935831957,Wilcoxon,two.sided,0.895867924528302,-2.09769251532797,-1.95289912746198,0.135224173445028,BL/T04,ns,ns,ns/ns,UR
Bacteroides_xylanisolvens,-0.104339689354556,Value,BL,T04,20,20,83,0.43,-0.302659323263448,0.119432532632497,Wilcoxon,two.sided,0.971258741258741,-2.37985113446071,-2.31151712393694,0.0661004355799294,BL/T04,ns,ns,ns/ns,UR
Barnesiella_intestinihominis,-0.241171861109094,Value,BL,T04,20,20,68,0.177,-0.505769002969527,0.116006096763461,Wilcoxon,two.sided,0.895867924528302,-2.85293213646794,-2.67837662206586,0.160889790412819,BL/T04,ns,ns,ns/ns,UR
Bifidobacterium_adolescentis,0.0671381635009837,Value,BL,T04,20,20,121,0.571,-0.244390329604116,0.324434852595385,Wilcoxon,two.sided,1,-2.84027016702638,-2.87768453707421,-0.0367314348228716,BL/T04,ns,ns,ns/ns,UR
Bifidobacterium_bifidum,-0.198867735444696,Value,BL,T04,20,20,80,0.368,-0.413464761368793,0.19641303664405,Wilcoxon,two.sided,0.900484848484848,-2.78758428948936,-2.64882782885439,0.129936843020478,BL/T04,ns,ns,ns/ns,UR
Bifidobacterium_longum,-0.246328525271064,Value,BL,T04,20,20,54,0.0583,-0.508846574194268,0.00616375502287525,Wilcoxon,two.sided,0.784620833333333,-2.7256720243879,-2.47076999350631,0.227057506494108,BL/T04,ns,ns,ns/ns,UR
Bifidobacterium_pseudocatenulatum,0.177985220266114,Value,BL,T04,20,20,138,0.231,-0.0949550459330504,0.472626563417563,Wilcoxon,two.sided,0.895867924528302,-2.5619915781855,-2.77403676121855,-0.192309166682495,BL/T04,ns,ns,ns/ns,UR
Bilophila_wadsworthia,0.094529318217575,Value,BL,T04,20,20,121,0.571,-0.2103997652742,0.323052138103927,Wilcoxon,two.sided,1,-2.76133011574588,-2.77917970970825,-0.0176921606138785,BL/T04,ns,ns,ns/ns,UR
Blautia_caecimuris,-0.366202086835895,Value,BL,T04,20,20,57,0.0759,-0.613490386028902,0.041451121311038,Wilcoxon,two.sided,0.81719,-2.94141518069834,-2.62119230404548,0.277800568294546,BL/T04,ns,ns,ns/ns,UR
Blautia_faecicola,-0.0471358122844711,Value,BL,T04,20,20,92,0.648,-0.218087676825013,0.15524281555625,Wilcoxon,two.sided,1,-2.71938549867543,-2.69088662226536,0.0281003376553212,BL/T04,ns,ns,ns/ns,UR
Blautia_faecis,0.0730386773115494,Value,BL,T04,20,20,119,0.622,-0.158061462940552,0.301592571039855,Wilcoxon,two.sided,1,-2.67683565825944,-2.75065073600664,-0.0712178003933133,BL/T04,ns,ns,ns/ns,UR
Blautia_glucerasea,0.0626722829430807,Value,BL,T04,20,20,121,0.571,-0.20219579317205,0.299923080888184,Wilcoxon,two.sided,1,-2.71596347455048,-2.75267496933053,-0.0360536791412056,BL/T04,ns,ns,ns/ns,UR
Blautia_hansenii,0.0831505279144366,Value,BL,T04,20,20,123,0.522,-0.226255559507252,0.532553584290434,Wilcoxon,two.sided,1,-2.72464958439229,-2.86848088453271,-0.134383417171364,BL/T04,ns,ns,ns/ns,UR
Blautia_luti,0.303184647351209,Value,BL,T04,20,20,152,0.0826,-0.046405567638546,0.61815659497648,Wilcoxon,two.sided,0.849402702702703,-2.67333751014894,-2.98801378136426,-0.273590453736759,BL/T04,ns,ns,ns/ns,UR
Blautia_massiliensis,0.0495293769034629,Value,BL,T04,20,20,116,0.701,-0.246277376986066,0.339300347854891,Wilcoxon,two.sided,1,-2.6818896767053,-2.69915371460546,-0.0171167076571425,BL/T04,ns,ns,ns/ns,UR
Blautia_obeum,0.149326608731972,Value,BL,T04,20,20,134,0.294,-0.159568946770944,0.400936493517489,Wilcoxon,two.sided,0.895867924528302,-2.68411593336975,-2.83161294377608,-0.137583057638783,BL/T04,ns,ns,ns/ns,UR
Blautia_sp_MSK_20_85,-0.243293347615012,Value,BL,T04,20,20,60,0.0973,-0.590882034586834,0.0363655425599441,Wilcoxon,two.sided,0.849402702702703,-2.95602932999951,-2.62177257522165,0.288374398821955,BL/T04,ns,ns,ns/ns,UR
Blautia_stercoris,0.0490272861637332,Value,BL,T04,20,20,114,0.756,-0.264262441905697,0.310547472866838,Wilcoxon,two.sided,1,-2.76566745321638,-2.76061567899188,0.00503905682539821,BL/T04,ns,ns,ns/ns,UR
Blautia_wexlerae,0.0707628300908806,Value,BL,T04,20,20,138,0.231,-0.058267341023283,0.17799594898244,Wilcoxon,two.sided,0.895867924528302,-2.39493694043099,-2.46189181701547,-0.0648086814389442,BL/T04,ns,ns,ns/ns,UR
Butyricicoccus_sp_AM29_23AC,0.000474253486586917,Value,BL,T04,20,20,105,1,-0.376660522191783,0.411998283007901,Wilcoxon,two.sided,1,-2.73761149500558,-2.743559616314,-0.00593050107188068,BL/T04,ns,ns,ns/ns,UR
Butyricimonas_faecihominis,-0.103435129614591,Value,BL,T04,20,20,89,0.571,-0.325128808342912,0.214095806237668,Wilcoxon,two.sided,1,-2.83419051832719,-2.8052768459429,0.0285035586622808,BL/T04,ns,ns,ns/ns,UR
Butyricimonas_paravirosa,0.00381294771296037,Value,BL,T04,20,20,108,0.927,-0.240269997786624,0.231077749122111,Wilcoxon,two.sided,1,-2.78006086068464,-2.76514339298618,0.0148072965753428,BL/T04,ns,ns,ns/ns,UR
Butyricimonas_SGB15260,-0.0608702803973225,Value,BL,T04,20,20,96,0.756,-0.645678965087291,0.287041439771548,Wilcoxon,two.sided,1,-2.97811570196679,-2.72373244517165,0.22664402294452,BL/T04,ns,ns,ns/ns,UR
Butyricimonas_sp_Marseille_P3923,0.091166602672395,Value,BL,T04,20,20,116,0.701,-0.211775707241903,0.406684611239768,Wilcoxon,two.sided,1,-2.69611140695491,-2.78859208204402,-0.0884509591255468,BL/T04,ns,ns,ns/ns,UR
Butyricimonas_virosa,0.0372048795211218,Value,BL,T04,20,20,113,0.784,-0.237260910790815,0.242248447392037,Wilcoxon,two.sided,1,-2.76606096909201,-2.77350944841427,-0.00742087638203369,BL/T04,ns,ns,ns/ns,UR
Candidatus_Cibionibacter_quicibialis,-0.151859184741356,Value,BL,T04,20,20,67,0.165,-0.336582161704736,0.0624763594772162,Wilcoxon,two.sided,0.895867924528302,-2.60591975832287,-2.46539888951213,0.131485060523814,BL/T04,ns,ns,ns/ns,UR
Catenibacterium_SGB4425,-0.00714654272767568,Value,BL,T04,20,20,103,0.956,-0.459791290881973,0.319641787452575,Wilcoxon,two.sided,1,-2.89756227387417,-2.87333782701105,0.0239356889892554,BL/T04,ns,ns,ns/ns,UR
Clostridiaceae_bacterium,-0.0751311892853187,Value,BL,T04,20,20,92,0.648,-0.270807153689524,0.165218524110257,Wilcoxon,two.sided,1,-2.68799308247764,-2.61397414550214,0.0714076281244356,BL/T04,ns,ns,ns/ns,UR
Clostridiaceae_bacterium_AF18_31LB,0.0340791362800602,Value,BL,T04,20,20,115,0.729,-0.203386845429023,0.216336365914886,Wilcoxon,two.sided,1,-2.65906411035066,-2.66238710027858,-0.00331748099759141,BL/T04,ns,ns,ns/ns,UR
Clostridiaceae_bacterium_Marseille_Q3526,0.107117544917333,Value,BL,T04,20,20,121,0.571,-0.114652659530213,0.361651608048525,Wilcoxon,two.sided,1,-2.73978044903986,-2.89522745190498,-0.144487284570225,BL/T04,ns,ns,ns/ns,UR
Clostridiaceae_bacterium_Marseille_Q4143,0.0881481956480793,Value,BL,T04,20,20,110,0.869,-0.217216155066162,0.404032038235547,Wilcoxon,two.sided,1,-2.71681784683549,-2.79470974435173,-0.0750071868611862,BL/T04,ns,ns,ns/ns,UR
Clostridiaceae_bacterium_Marseille_Q4145,-0.090354522314575,Value,BL,T04,20,20,92,0.648,-0.49699457106738,0.266194924917077,Wilcoxon,two.sided,1,-3.01701762480775,-2.8797129621347,0.128661131973921,BL/T04,ns,ns,ns/ns,UR
Clostridiaceae_bacterium_Marseille_Q4149,0.184589578092042,Value,BL,T04,20,20,136,0.261,-0.164718632732403,0.564812791080121,Wilcoxon,two.sided,0.895867924528302,-2.72311491114968,-2.94945737243336,-0.204036130713327,BL/T04,ns,ns,ns/ns,UR
Clostridiaceae_unclassified_SGB4771,-0.0051625833730008,Value,BL,T04,20,20,104,0.985,-0.346221311857127,0.344014331287144,Wilcoxon,two.sided,1,-2.88673775205007,-2.89846175265498,-0.0116558069936048,BL/T04,ns,ns,ns/ns,UR
Clostridiales_bacterium,0.110820148232617,Value,BL,T04,20,20,127,0.43,-0.170445478356507,0.397014751752997,Wilcoxon,two.sided,0.971258741258741,-2.64585882797112,-2.83034528053248,-0.169309307287783,BL/T04,ns,ns,ns/ns,UR
Clostridiales_bacterium_Choco116,-0.0100853287530951,Value,BL,T04,20,20,102,0.927,-0.26937421398745,0.255253645260223,Wilcoxon,two.sided,1,-2.69992519555597,-2.71355441909639,-0.0135371810421056,BL/T04,ns,ns,ns/ns,UR
Clostridiales_bacterium_KLE1615,0.0895899235717733,Value,BL,T04,20,20,125,0.475,-0.169150674875358,0.398386483828922,Wilcoxon,two.sided,1,-2.60526054957793,-2.70057012344734,-0.0910370391743404,BL/T04,ns,ns,ns/ns,UR
Clostridium_butyricum,0.187113407544389,Value,BL,T04,20,20,135,0.277,-0.129126456155098,0.536043692840872,Wilcoxon,two.sided,0.895867924528302,-2.74725331738334,-2.99915686614925,-0.224665231983443,BL/T04,ns,ns,ns/ns,UR
Clostridium_fessum,0.0798957702798851,Value,BL,T04,20,20,131,0.349,-0.0748385584235682,0.319162872688777,Wilcoxon,two.sided,0.900484848484848,-2.52643590985101,-2.65174262676183,-0.118055635751655,BL/T04,ns,ns,ns/ns,UR
Clostridium_leptum,-0.0379851469782555,Value,BL,T04,20,20,99,0.841,-0.253478176627233,0.26246103115203,Wilcoxon,two.sided,1,-2.76151203882001,-2.73981801393355,0.0214620583906999,BL/T04,ns,ns,ns/ns,UR
Clostridium_SGB4750,0.293849235768873,Value,BL,T04,20,20,151,0.0897,-0.0547344228950395,0.618495020178277,Wilcoxon,two.sided,0.849402702702703,-2.54573046174745,-2.81352334082687,-0.237277498098269,BL/T04,ns,ns,ns/ns,UR
Clostridium_SGB4751,0.235151557867622,Value,BL,T04,20,20,136,0.261,-0.11914247484871,0.559190303587349,Wilcoxon,two.sided,0.895867924528302,-2.74866976861787,-2.96679675104209,-0.197314418717437,BL/T04,ns,ns,ns/ns,UR
Clostridium_SGB6179,0.263062331774105,Value,BL,T04,20,20,142,0.177,-0.08552210432948,0.699330576800117,Wilcoxon,two.sided,0.895867924528302,-2.72354788711031,-3.03946295294136,-0.274532291178295,BL/T04,ns,ns,ns/ns,UR
Clostridium_sp_1001270H_150608_G6,0.0440337417708544,Value,BL,T04,20,20,114,0.756,-0.195328418399031,0.241846193210041,Wilcoxon,two.sided,1,-2.71834235473039,-2.69593638037367,0.0221586480872087,BL/T04,ns,ns,ns/ns,UR
Clostridium_sp_AF12_28,0.0355005622446558,Value,BL,T04,20,20,110,0.869,-0.174612652992982,0.221190547374181,Wilcoxon,two.sided,1,-2.70782659704135,-2.73415089513538,-0.0259837768194825,BL/T04,ns,ns,ns/ns,UR
Clostridium_sp_AF20_17LB,-0.370084509785025,Value,BL,T04,20,20,40,0.0136,-0.643711529706015,-0.0751103479262856,Wilcoxon,two.sided,0.717777777777778,-2.94891467459911,-2.59418409234742,0.303602602275324,BL/T04,ns,*,*/ns,UR
Clostridium_sp_AF27_2AA,0.134938097481606,Value,BL,T04,20,20,134,0.294,-0.159287066545552,0.34062494336844,Wilcoxon,two.sided,0.895867924528302,-2.70698029055129,-2.75787187518284,-0.049638932084532,BL/T04,ns,ns,ns/ns,UR
Clostridium_sp_AF34_10BH,-0.0460447615247053,Value,BL,T04,20,20,92,0.648,-0.311856954482599,0.199235135281296,Wilcoxon,two.sided,1,-2.51297980203263,-2.45058872157056,0.0605221040553865,BL/T04,ns,ns,ns/ns,UR
Clostridium_sp_AF34_13,-0.111464766679092,Value,BL,T04,20,20,86,0.498,-0.445697225717836,0.207282859726444,Wilcoxon,two.sided,1,-2.81832205242209,-2.69511111993107,0.116191487585183,BL/T04,ns,ns,ns/ns,UR
Clostridium_sp_AF36_4,0.114864619537164,Value,BL,T04,20,20,128,0.409,-0.146631741830463,0.441362154617915,Wilcoxon,two.sided,0.957297101449275,-2.66830319603687,-2.81701967066368,-0.13864521004149,BL/T04,ns,ns,ns/ns,UR
Clostridium_sp_AM22_11AC,0.132796898749155,Value,BL,T04,20,20,130,0.368,-0.178706320734897,0.447012839009039,Wilcoxon,two.sided,0.900484848484848,-2.63605233311744,-2.80177903885853,-0.153344674298695,BL/T04,ns,ns,ns/ns,UR
Clostridium_sp_AM33_3,0.133063571795411,Value,BL,T04,20,20,138,0.231,-0.0976913662908838,0.337503647207522,Wilcoxon,two.sided,0.895867924528302,-2.61088160513791,-2.72519838077224,-0.108241459820983,BL/T04,ns,ns,ns/ns,UR
Clostridium_sp_AM42_4,-0.0492119749062557,Value,BL,T04,20,20,83,0.43,-0.23940501448395,0.0738196535653126,Wilcoxon,two.sided,0.971258741258741,-2.93321556765326,-2.82299320553623,0.104560321493182,BL/T04,ns,ns,ns/ns,UR
Clostridium_sp_AM49_4BH,-0.065903476542895,Value,BL,T04,20,20,85,0.475,-0.385023313286476,0.163385123396165,Wilcoxon,two.sided,1,-2.8097595010033,-2.7227054698056,0.0834713136173486,BL/T04,ns,ns,ns/ns,UR
Clostridium_sp_AT4,0.0797151857803442,Value,BL,T04,20,20,115,0.729,-0.251249417473847,0.390830719569663,Wilcoxon,two.sided,1,-2.65914637127402,-2.71726008664995,-0.0564878091121251,BL/T04,ns,ns,ns/ns,UR
Clostridium_symbiosum,0.0243023091539646,Value,BL,T04,20,20,109,0.898,-0.358437591286984,0.226797471343329,Wilcoxon,two.sided,1,-2.74524470113925,-2.64529411810967,0.0952652542766235,BL/T04,ns,ns,ns/ns,UR
Collinsella_aerofaciens,-0.0369989711880166,Value,BL,T04,20,20,91,0.622,-0.247672912180391,0.141352631309406,Wilcoxon,two.sided,1,-2.66247830405039,-2.60241573072752,0.0583279378183609,BL/T04,ns,ns,ns/ns,UR
Collinsella_SGB14861,0.10004547923554,Value,BL,T04,20,20,130,0.368,-0.121434444150896,0.27878964897082,Wilcoxon,two.sided,0.900484848484848,-2.64266229839126,-2.71379497392216,-0.0687166638406384,BL/T04,ns,ns,ns/ns,UR
Collinsella_SGB4121,-0.284032980810159,Value,BL,T04,20,20,44,0.0215,-0.572843796091028,-0.0674439916597953,Wilcoxon,two.sided,0.717777777777778,-2.88530482195617,-2.55425151935369,0.285970585645285,BL/T04,ns,*,*/ns,UR
Coprobacillus_cateniformis,0.214604364865261,Value,BL,T04,20,20,153,0.0759,-0.015626814212889,0.44483554394341,Wilcoxon,two.sided,0.81719,-2.58362011993898,-2.82980075882747,-0.220083384888281,BL/T04,ns,ns,ns/ns,UR
Coprobacter_fastidiosus,-0.181569020976734,Value,BL,T04,20,20,65,0.143,-0.365368757067656,0.0722711629261061,Wilcoxon,two.sided,0.895867924528302,-2.80861597406728,-2.67798992004471,0.122771509414704,BL/T04,ns,ns,ns/ns,UR
Coprobacter_secundus,-0.133548020592709,Value,BL,T04,20,20,84,0.452,-0.513984334277868,0.16610585230253,Wilcoxon,two.sided,1,-2.90285355023561,-2.6919049595357,0.19140401172922,BL/T04,ns,ns,ns/ns,UR
Coprococcus_catus,-0.0116443574036263,Value,BL,T04,20,20,102,0.927,-0.318231082273815,0.26087566788762,Wilcoxon,two.sided,1,-2.8941438295225,-2.8612754059253,0.0323398089340511,BL/T04,ns,ns,ns/ns,UR
Coprococcus_comes,-0.0577814088756368,Value,BL,T04,20,20,95,0.729,-0.313764748863076,0.197684829482397,Wilcoxon,two.sided,1,-2.84453091273763,-2.78288549907791,0.0598199816247665,BL/T04,ns,ns,ns/ns,UR
Coprococcus_eutactus,0.0407025496366048,Value,BL,T04,20,20,115,0.729,-0.19376346954602,0.306047397417726,Wilcoxon,two.sided,1,-2.63537870749697,-2.67493411968552,-0.0387931334738685,BL/T04,ns,ns,ns/ns,UR
Coprococcus_SGB4669,-0.157224734411156,Value,BL,T04,20,20,75,0.277,-0.487579577541976,0.128761120387252,Wilcoxon,two.sided,0.895867924528302,-2.93108198701297,-2.74684604448703,0.16909779239108,BL/T04,ns,ns,ns/ns,UR
Desulfovibrio_piger,-0.184406199017123,Value,BL,T04,20,20,59,0.0897,-0.431580494970194,0.0238523690939538,Wilcoxon,two.sided,0.849402702702703,-2.82776874765744,-2.64380774899306,0.168865595602022,BL/T04,ns,ns,ns/ns,UR
Desulfovibrio_SGB5076,0.0655406022803362,Value,BL,T04,20,20,117,0.674,-0.246136724512183,0.436971815562655,Wilcoxon,two.sided,1,-2.69718868489187,-2.85193540175095,-0.143881027162882,BL/T04,ns,ns,ns/ns,UR
Desulfovibrio_SGB5077,-0.17081081627475,Value,BL,T04,20,20,68,0.177,-0.436164981808567,0.0821644578695901,Wilcoxon,two.sided,0.895867924528302,-2.79863707403791,-2.61443396003792,0.169070070735452,BL/T04,ns,ns,ns/ns,UR
Dialister_hominis,-0.147797904449095,Value,BL,T04,20,20,54,0.0583,-0.320333953561224,0.00612746861428504,Wilcoxon,two.sided,0.784620833333333,-2.77085274065992,-2.61384739864826,0.145835065324182,BL/T04,ns,ns,ns/ns,UR
Dialister_invisus,-0.0844849409663611,Value,BL,T04,20,20,87,0.522,-0.353497894042825,0.187420380554268,Wilcoxon,two.sided,1,-2.78786790523232,-2.70625841594913,0.0784501996438074,BL/T04,ns,ns,ns/ns,UR
Dorea_formicigenerans,0.0697539496003056,Value,BL,T04,20,20,117,0.674,-0.233202576164917,0.396678222659602,Wilcoxon,two.sided,1,-2.81424406900207,-2.90603667860034,-0.0878209413357143,BL/T04,ns,ns,ns/ns,UR
Dorea_longicatena,0.0545185542396169,Value,BL,T04,20,20,116,0.701,-0.177062071448597,0.268105948510295,Wilcoxon,two.sided,1,-2.69203944109277,-2.74367161287517,-0.0503434065802156,BL/T04,ns,ns,ns/ns,UR
Dorea_sp_AF36_15AT,0.101249612467008,Value,BL,T04,20,20,131,0.349,-0.128328206437528,0.420433223550383,Wilcoxon,two.sided,0.900484848484848,-2.76516080405402,-2.9069513169943,-0.132597655650547,BL/T04,ns,ns,ns/ns,UR
Dysosmobacter_sp_BX15,-0.0951401494233801,Value,BL,T04,20,20,91,0.622,-0.412211403115255,0.282478909929796,Wilcoxon,two.sided,1,-2.80742034841124,-2.81046009882582,-0.00303513971451052,BL/T04,ns,ns,ns/ns,UR
Dysosmobacter_sp_NSJ_60,-0.0867250612511505,Value,BL,T04,20,20,75,0.277,-0.28891295101324,0.0845064153359911,Wilcoxon,two.sided,0.895867924528302,-2.84849536979007,-2.77547663089436,0.0704759275181688,BL/T04,ns,ns,ns/ns,UR
Dysosmobacter_welbionis,-0.0183610855140068,Value,BL,T04,20,20,101,0.898,-0.280497678208797,0.194966704439037,Wilcoxon,two.sided,1,-2.65390451855341,-2.61534969104166,0.0378301578482338,BL/T04,ns,ns,ns/ns,UR
Eggerthella_lenta,0.155986185308387,Value,BL,T04,20,20,140,0.202,-0.0778819733541265,0.413239933006441,Wilcoxon,two.sided,0.895867924528302,-2.70124272891089,-2.8552684625963,-0.143256467391357,BL/T04,ns,ns,ns/ns,UR
Eisenbergiella_massiliensis,-0.081136442558871,Value,BL,T04,20,20,89,0.571,-0.33002751364923,0.172004254773399,Wilcoxon,two.sided,1,-2.83540404255948,-2.77242495532184,0.0610754258244582,BL/T04,ns,ns,ns/ns,UR
Eisenbergiella_tayi,-0.226448885336986,Value,BL,T04,20,20,56,0.0696,-0.542920886017152,0.0393441147886424,Wilcoxon,two.sided,0.81719,-2.96480377750222,-2.70908054618533,0.227711686532009,BL/T04,ns,ns,ns/ns,UR
Enterobacter_hormaechei,0.0757149801555057,Value,BL,T04,20,20,116,0.701,-0.242177741031935,0.349924546023462,Wilcoxon,two.sided,1,-2.88175431359493,-2.92285755839417,-0.0402809631964645,BL/T04,ns,ns,ns/ns,UR
Enterobacter_kobei,-0.112060159278784,Value,BL,T04,20,20,79,0.349,-0.406783580795187,0.131525841820761,Wilcoxon,two.sided,0.900484848484848,-2.85421700434593,-2.69512742820796,0.147634848806786,BL/T04,ns,ns,ns/ns,UR
Enterocloster_aldenensis,-0.0368140098694931,Value,BL,T04,20,20,94,0.701,-0.248108564291386,0.19200748152174,Wilcoxon,two.sided,1,-2.60740062276597,-2.63175083636884,-0.0240584736183327,BL/T04,ns,ns,ns/ns,UR
Enterocloster_asparagiformis,-0.249216528314902,Value,BL,T04,20,20,68,0.177,-0.733348450602497,0.089405845089541,Wilcoxon,two.sided,0.895867924528302,-3.03072014911738,-2.68056460500993,0.300219803670638,BL/T04,ns,ns,ns/ns,UR
Enterocloster_bolteae,0.136882276842578,Value,BL,T04,20,20,137,0.245,-0.0860419640937995,0.436177516990567,Wilcoxon,two.sided,0.895867924528302,-2.64732959385797,-2.81149855293372,-0.152007492620591,BL/T04,ns,ns,ns/ns,UR
Enterocloster_citroniae,0.11285887773407,Value,BL,T04,20,20,133,0.312,-0.0961678087849522,0.314125394438424,Wilcoxon,two.sided,0.900484848484848,-2.75108077530281,-2.86095706740682,-0.104248560558441,BL/T04,ns,ns,ns/ns,UR
Enterocloster_clostridioformis,0.0691859185183751,Value,BL,T04,20,20,118,0.648,-0.191246340534073,0.368596637604679,Wilcoxon,two.sided,1,-2.83279100931643,-2.93969953225347,-0.10157101520547,BL/T04,ns,ns,ns/ns,UR
Enterocloster_lavalensis,0.0957042807828433,Value,BL,T04,20,20,118,0.648,-0.303033566509404,0.362841915694589,Wilcoxon,two.sided,1,-2.79720873223473,-2.80781132140552,-0.010546775885837,BL/T04,ns,ns,ns/ns,UR
Enterocloster_SGB14313,-0.0590817517742781,Value,BL,T04,20,20,96,0.756,-0.372400538782062,0.261196731548988,Wilcoxon,two.sided,1,-2.8246933177234,-2.81300669400185,0.0116188625564037,BL/T04,ns,ns,ns/ns,UR
Erysipelatoclostridium_ramosum,-0.21595583095367,Value,BL,T04,20,20,44,0.0215,-0.431153036208887,-0.0541015167654739,Wilcoxon,two.sided,0.717777777777778,-2.86234199989363,-2.62689693856469,0.211431278706689,BL/T04,ns,*,*/ns,UR
Escherichia_coli,0.242431334966987,Value,BL,T04,20,20,145,0.143,-0.0559525695246113,0.540463884058019,Wilcoxon,two.sided,0.895867924528302,-2.43787452282997,-2.6923853391312,-0.226745708788944,BL/T04,ns,ns,ns/ns,UR
Eubacteriaceae_bacterium,-0.199071222833443,Value,BL,T04,20,20,43,0.0192,-0.561180243778328,-0.0302430999012777,Wilcoxon,two.sided,0.717777777777778,-2.90119405212001,-2.60604666864097,0.258624498312,BL/T04,ns,*,*/ns,UR
Eubacteriales_unclassified_SGB15145,-0.153365688154708,Value,BL,T04,20,20,75,0.277,-0.461382793897177,0.15154179997069,Wilcoxon,two.sided,0.895867924528302,-2.86494497357839,-2.69727840691283,0.155007369905404,BL/T04,ns,ns,ns/ns,UR
Eubacterium_ramulus,-0.146093278599621,Value,BL,T04,20,20,77,0.312,-0.429383382847532,0.160089143861526,Wilcoxon,two.sided,0.900484848484848,-2.84410945377314,-2.72362879359799,0.113757754114484,BL/T04,ns,ns,ns/ns,UR
Eubacterium_rectale,-0.0315269894307332,Value,BL,T04,20,20,97,0.784,-0.273893311457313,0.195865646261533,Wilcoxon,two.sided,1,-2.50463716918137,-2.45022097836053,0.0529872401308045,BL/T04,ns,ns,ns/ns,UR
Eubacterium_SGB6276,0.143222519470824,Value,BL,T04,20,20,128,0.409,-0.165386068670041,0.52383803257241,Wilcoxon,two.sided,0.957297101449275,-2.75603188782095,-2.92104966598723,-0.152736347129799,BL/T04,ns,ns,ns/ns,UR
Eubacterium_siraeum,-0.0193258040641776,Value,BL,T04,20,20,102,0.927,-0.373456873614173,0.340073501528669,Wilcoxon,two.sided,1,-2.72415718103723,-2.73282823257574,-0.00863367388475196,BL/T04,ns,ns,ns/ns,UR
Eubacterium_sp_AF16_48,-0.0783880159413152,Value,BL,T04,20,20,92,0.648,-0.348056018081358,0.225725206214937,Wilcoxon,two.sided,1,-2.72672244177978,-2.66251724348867,0.0622282278619739,BL/T04,ns,ns,ns/ns,UR
Eubacterium_sp_AF34_35BH,0.0288046846847952,Value,BL,T04,20,20,111,0.841,-0.288132864874413,0.268744236618603,Wilcoxon,two.sided,1,-2.82281913906911,-2.79782684222249,0.02468509729054,BL/T04,ns,ns,ns/ns,UR
Eubacterium_ventriosum,0.0334880591962764,Value,BL,T04,20,20,113,0.784,-0.200065493369138,0.284157272548947,Wilcoxon,two.sided,1,-2.69447586057206,-2.72387680386946,-0.0289770245926101,BL/T04,ns,ns,ns/ns,UR
Evtepia_gabavorous,-0.00187353634182708,Value,BL,T04,20,20,104,0.985,-0.255376792099861,0.299189090084845,Wilcoxon,two.sided,1,-2.7472075815009,-2.80187930998464,-0.0532295606730715,BL/T04,ns,ns,ns/ns,UR
Faecalibacillus_faecis,-0.0287809094651932,Value,BL,T04,20,20,98,0.812,-0.248107415643234,0.22278422233227,Wilcoxon,two.sided,1,-2.73874259612923,-2.76879904012874,-0.0296136007396093,BL/T04,ns,ns,ns/ns,UR
Faecalibacillus_intestinalis,0.0160069361264733,Value,BL,T04,20,20,109,0.898,-0.247194180493872,0.284714313649497,Wilcoxon,two.sided,1,-2.75103935189488,-2.7945440270526,-0.0425849277912214,BL/T04,ns,ns,ns/ns,UR
Faecalibacterium_prausnitzii,-0.0173363079409206,Value,BL,T04,20,20,100,0.869,-0.387624957303998,0.170729451063593,Wilcoxon,two.sided,1,-2.03310665376615,-1.91009282817433,0.116015986982237,BL/T04,ns,ns,ns/ns,UR
Faecalibacterium_SGB15315,-0.0698204088172804,Value,BL,T04,20,20,71,0.216,-0.264078493418684,0.0419441351690106,Wilcoxon,two.sided,0.895867924528302,-2.83974565864556,-2.71448356600948,0.118015979754874,BL/T04,ns,ns,ns/ns,UR
Faecalibacterium_SGB15346,-0.0323987587565041,Value,BL,T04,20,20,98,0.812,-0.298424130769024,0.146155227308972,Wilcoxon,two.sided,1,-2.56039542457283,-2.49081132640394,0.0672698796128933,BL/T04,ns,ns,ns/ns,UR
Faecalicatena_fissicatena,0.107520398443663,Value,BL,T04,20,20,134,0.294,-0.11548486543288,0.315586313622235,Wilcoxon,two.sided,0.895867924528302,-2.7299613452731,-2.83555820654915,-0.100385335094574,BL/T04,ns,ns,ns/ns,UR
Faecalimonas_umbilicata,-0.198992808854988,Value,BL,T04,20,20,64,0.133,-0.511254537099131,0.0608272968700585,Wilcoxon,two.sided,0.895867924528302,-2.94703804834284,-2.71239004570402,0.210785911348344,BL/T04,ns,ns,ns/ns,UR
Firmicutes_bacterium_AF16_15,0.018615757153342,Value,BL,T04,20,20,108,0.927,-0.288444167886461,0.321321084805394,Wilcoxon,two.sided,1,-2.69420961445217,-2.779738924358,-0.0820677112667761,BL/T04,ns,ns,ns/ns,UR
Flavonifractor_plautii,-0.090234412715569,Value,BL,T04,20,20,89,0.571,-0.339165593272202,0.156034685764831,Wilcoxon,two.sided,1,-2.64941569454344,-2.54620719106075,0.0982227554827427,BL/T04,ns,ns,ns/ns,UR
Fusicatenibacter_saccharivorans,-0.0269030900359533,Value,BL,T04,20,20,94,0.701,-0.247093398200593,0.167375149493799,Wilcoxon,two.sided,1,-2.7026069134085,-2.6493360424663,0.0519004374339986,BL/T04,ns,ns,ns/ns,UR
Fusobacterium_mortiferum,-0.151511984584347,Value,BL,T04,20,20,69,0.189,-0.386678342576613,0.0833966792075751,Wilcoxon,two.sided,0.895867924528302,-2.88873820542425,-2.74739430581017,0.132206427407975,BL/T04,ns,ns,ns/ns,UR
Fusobacterium_ulcerans,-0.0297638108287823,Value,BL,T04,20,20,99,0.841,-0.352187303677918,0.190764532511089,Wilcoxon,two.sided,1,-2.82721069633945,-2.79048960670719,0.0360629341826107,BL/T04,ns,ns,ns/ns,UR
Fusobacterium_varium,-0.159098257373925,Value,BL,T04,20,20,68,0.177,-0.421850882253874,0.150167503324012,Wilcoxon,two.sided,0.895867924528302,-2.87939139936868,-2.82541268080148,0.0525722588026221,BL/T04,ns,ns,ns/ns,UR
Gemmiger_formicilis,0.0241443652308185,Value,BL,T04,20,20,112,0.812,-0.37153324518956,0.244941412390375,Wilcoxon,two.sided,1,-2.79908673303789,-2.70879377643235,0.0864464276575541,BL/T04,ns,ns,ns/ns,UR
Gemmiger_SGB15295,-0.123308999998182,Value,BL,T04,20,20,69,0.189,-0.306522136642414,0.0858728951780645,Wilcoxon,two.sided,0.895867924528302,-2.84740345846999,-2.7595924340608,0.0841674425473773,BL/T04,ns,ns,ns/ns,UR
GGB13493_SGB15238,-0.016450205912371,Value,BL,T04,20,20,102,0.927,-0.298801403558955,0.311696941020972,Wilcoxon,two.sided,1,-2.83100460190113,-2.8423385291701,-0.0112701795378644,BL/T04,ns,ns,ns/ns,UR
GGB1495_SGB2071,-0.162758666995711,Value,BL,T04,20,20,76,0.294,-0.420026383064924,0.197551093334779,Wilcoxon,two.sided,0.895867924528302,-2.7930701885734,-2.79735257035705,-0.00427323848089803,BL/T04,ns,ns,ns/ns,UR
GGB16040_SGB9347,-0.545659876076577,Value,BL,T04,20,20,48,0.0328,-1.0589976684376,-0.0723134977286277,Wilcoxon,two.sided,0.717777777777778,-3.22247729061084,-2.68215640780289,0.43199076018018,BL/T04,ns,*,*/ns,UR
GGB1663_SGB2279,-0.15365091662221,Value,BL,T04,20,20,73,0.245,-0.415332778589491,0.0540038322664134,Wilcoxon,two.sided,0.895867924528302,-2.96109887577344,-2.74503251196713,0.195621357553401,BL/T04,ns,ns,ns/ns,UR
GGB2998_SGB3988,0.234791649989494,Value,BL,T04,20,20,160,0.04,0.015843046259409,0.401111015326486,Wilcoxon,two.sided,0.717777777777778,-2.70080136946714,-2.90953604332469,-0.189574088373073,BL/T04,ns,*,*/ns,UR
GGB3175_SGB4191,0.0128365178922203,Value,BL,T04,20,20,111,0.841,-0.194163964595836,0.211500553903851,Wilcoxon,two.sided,1,-2.67672006058107,-2.66850727912524,0.00817924008635545,BL/T04,ns,ns,ns/ns,UR
GGB3256_SGB4303,0.00220476815029291,Value,BL,T04,20,20,106,0.985,-0.254684059202277,0.29503541245157,Wilcoxon,two.sided,1,-2.68572170569256,-2.66891314583903,0.0166688592816769,BL/T04,ns,ns,ns/ns,UR
GGB3277_SGB4327,0.055871629749903,Value,BL,T04,20,20,121,0.571,-0.106312729054066,0.208551874174891,Wilcoxon,two.sided,1,-2.5906637941776,-2.64157476355489,-0.0496573779140042,BL/T04,ns,ns,ns/ns,UR
GGB3278_SGB4328,0.167252845140457,Value,BL,T04,20,20,132,0.33,-0.147944846787107,0.485593412635441,Wilcoxon,two.sided,0.900484848484848,-2.69819572241348,-2.88091701681679,-0.16781796501968,BL/T04,ns,ns,ns/ns,UR
GGB3304_SGB4367,-0.118231886836064,Value,BL,T04,20,20,74,0.261,-0.396483564311108,0.0939194476014149,Wilcoxon,two.sided,0.895867924528302,-2.81272391961605,-2.68436427841168,0.12076493311505,BL/T04,ns,ns,ns/ns,UR
GGB3321_SGB4394,0.000422095377527465,Value,BL,T04,20,20,105,1,-0.380602196561196,0.312956660230102,Wilcoxon,two.sided,1,-2.71117062090198,-2.68480990945751,0.0260192555707594,BL/T04,ns,ns,ns/ns,UR
GGB33469_SGB15236,-0.034179695865196,Value,BL,T04,20,20,97,0.784,-0.329241770269686,0.325159832212134,Wilcoxon,two.sided,1,-2.85740261062194,-2.80693745596956,0.0492330705027811,BL/T04,ns,ns,ns/ns,UR
GGB3363_SGB4447,-0.0026672072635221,Value,BL,T04,20,20,105,1,-0.192780956458331,0.248723138300522,Wilcoxon,two.sided,1,-2.66361243403021,-2.6950408791149,-0.0309446813553466,BL/T04,ns,ns,ns/ns,UR
GGB3363_SGB4448,0.118182082495277,Value,BL,T04,20,20,130,0.368,-0.153567949324804,0.331038505261752,Wilcoxon,two.sided,0.900484848484848,-2.83379436920679,-2.90504610940925,-0.0688278153882427,BL/T04,ns,ns,ns/ns,UR
GGB33928_SGB15225,-0.0933506440567737,Value,BL,T04,20,20,81,0.388,-0.341017941226528,0.129916925429181,Wilcoxon,two.sided,0.928325925925926,-2.694583331067,-2.58168041705537,0.106971839388665,BL/T04,ns,ns,ns/ns,UR
GGB3486_SGB4658,0.306837930901942,Value,BL,T04,20,20,163,0.0296,0.0186592466520725,0.573373767338074,Wilcoxon,two.sided,0.717777777777778,-2.67699861371657,-2.97862589319285,-0.263615235120613,BL/T04,ns,*,*/ns,UR
GGB3490_SGB4664,0.132483308246323,Value,BL,T04,20,20,134,0.294,-0.178769786452497,0.466681891109072,Wilcoxon,two.sided,0.895867924528302,-2.73130049303243,-2.87274869425853,-0.132297808144792,BL/T04,ns,ns,ns/ns,UR
GGB3612_SGB4882,0.127604771544049,Value,BL,T04,20,20,122,0.546,-0.212055133465826,0.407168784035228,Wilcoxon,two.sided,1,-2.81043988489951,-2.85249393936581,-0.0411938176731017,BL/T04,ns,ns,ns/ns,UR
GGB3619_SGB4894,0.33481925348002,Value,BL,T04,20,20,164,0.0266,0.0389898179983994,0.630002067606965,Wilcoxon,two.sided,0.717777777777778,-2.64142447708092,-2.99274535842902,-0.301082544727309,BL/T04,ns,*,*/ns,UR
GGB3632_SGB4921,0.237686535534308,Value,BL,T04,20,20,148,0.114,-0.0276344458751185,0.535215708909252,Wilcoxon,two.sided,0.895867924528302,-2.55303935176983,-2.80136113097693,-0.221800072616401,BL/T04,ns,ns,ns/ns,UR
GGB3653_SGB4964,0.0946263067863204,Value,BL,T04,20,20,121,0.571,-0.152176065631223,0.339891612155677,Wilcoxon,two.sided,1,-2.72535540862744,-2.80832817544827,-0.0797098216462011,BL/T04,ns,ns,ns/ns,UR
GGB3746_SGB5089,-0.000249548625704921,Value,BL,T04,20,20,105,1,-0.372677237633707,0.382005801039125,Wilcoxon,two.sided,1,-2.74732184297548,-2.76181883064305,-0.014392911001419,BL/T04,ns,ns,ns/ns,UR
GGB3815_SGB5180,-0.0260413192106476,Value,BL,T04,20,20,96,0.756,-0.186053997700844,0.161620365619841,Wilcoxon,two.sided,1,-2.64742045294028,-2.65220145474487,-0.00476960911335046,BL/T04,ns,ns,ns/ns,UR
GGB3819_SGB5184,-0.113421301710469,Value,BL,T04,20,20,73,0.245,-0.344141398763101,0.0917604439126141,Wilcoxon,two.sided,0.895867924528302,-2.78477962845978,-2.65709345659403,0.120167897935424,BL/T04,ns,ns,ns/ns,UR
GGB3828_SGB5197,0.502271943180629,Value,BL,T04,20,20,189,0.000851,0.253487856229685,0.766348667933254,Wilcoxon,two.sided,0.274873,-2.53736995893481,-3.1175667385492,-0.457549383343654,BL/T04,ns,***,***/ns,UR
GGB42994_SGB4746,-0.0361001878320337,Value,BL,T04,20,20,95,0.729,-0.393758996016393,0.293244549931091,Wilcoxon,two.sided,1,-2.78201136884737,-2.72087118443219,0.0593439757063792,BL/T04,ns,ns,ns/ns,UR
GGB4578_SGB6328,-0.093109745823186,Value,BL,T04,20,20,80,0.368,-0.412170349043098,0.128107843407052,Wilcoxon,two.sided,0.900484848484848,-2.90519792093982,-2.82773492325496,0.0746092015103836,BL/T04,ns,ns,ns/ns,UR
GGB4596_SGB6358,-0.120613969065506,Value,BL,T04,20,20,78,0.33,-0.382638834047159,0.116412259724777,Wilcoxon,two.sided,0.900484848484848,-2.85379753225993,-2.72059396758395,0.125048634641694,BL/T04,ns,ns,ns/ns,UR
GGB4599_SGB6362,0.0496635872308456,Value,BL,T04,20,20,117,0.674,-0.172355960386742,0.330841967958234,Wilcoxon,two.sided,1,-2.86612482387446,-2.9470375530002,-0.0778058037845428,BL/T04,ns,ns,ns/ns,UR
GGB4605_SGB6376,0.0141198844163772,Value,BL,T04,20,20,106,0.985,-0.262508857006247,0.321275245181456,Wilcoxon,two.sided,1,-2.8717933123788,-2.8621127007166,0.00963405476612782,BL/T04,ns,ns,ns/ns,UR
GGB4651_SGB6438,-0.272500514988036,Value,BL,T04,20,20,63,0.123,-0.535729619990538,0.0935153963747699,Wilcoxon,two.sided,0.895867924528302,-2.85442402069761,-2.66775012342421,0.171154349385184,BL/T04,ns,ns,ns/ns,UR
GGB4684_SGB6478,-0.0347996597799464,Value,BL,T04,20,20,96,0.756,-0.279727301743569,0.240476634936358,Wilcoxon,two.sided,1,-2.74195235138266,-2.74213401811394,-0.000181650231879775,BL/T04,ns,ns,ns/ns,UR
GGB51269_SGB5062,-0.218479067958723,Value,BL,T04,20,20,46,0.0266,-0.510944799309015,-0.0229315633398239,Wilcoxon,two.sided,0.717777777777778,-2.88482606844666,-2.60446190075013,0.24714454348028,BL/T04,ns,*,*/ns,UR
GGB51647_SGB4348,0.0759710680193285,Value,BL,T04,20,20,116,0.701,-0.37653253390711,0.29756116941347,Wilcoxon,two.sided,1,-2.71350057943009,-2.72610017771139,-0.0125208838335705,BL/T04,ns,ns,ns/ns,UR
GGB51884_SGB49168,0.245677026559637,Value,BL,T04,20,20,141,0.189,-0.213973205628715,0.523544575805154,Wilcoxon,two.sided,0.895867924528302,-2.86148482586034,-2.97593262927312,-0.108359038662497,BL/T04,ns,ns,ns/ns,UR
GGB53985_SGB6367,-0.0485788301736666,Value,BL,T04,20,20,99,0.841,-0.396904907125113,0.350328869509069,Wilcoxon,two.sided,1,-2.96651579391779,-2.93735405294674,0.0287446271735242,BL/T04,ns,ns,ns/ns,UR
GGB58714_SGB5072,-0.0672325172398273,Value,BL,T04,20,20,93,0.674,-0.470397461425079,0.388132373768256,Wilcoxon,two.sided,1,-2.90123626052424,-2.93402846949723,-0.0322660169248071,BL/T04,ns,ns,ns/ns,UR
GGB6569_SGB9281,0.0388992256611691,Value,BL,T04,20,20,113,0.784,-0.327677738502351,0.324864378623368,Wilcoxon,two.sided,1,-2.66735859640541,-2.68022969394371,-0.0127889689351473,BL/T04,ns,ns,ns/ns,UR
GGB79734_SGB15291,0.039252722002952,Value,BL,T04,20,20,110,0.869,-0.214978880489237,0.291896026695069,Wilcoxon,two.sided,1,-2.73546377998247,-2.78840781710361,-0.0515900856057633,BL/T04,ns,ns,ns/ns,UR
GGB79916_SGB4587,0.183435008691589,Value,BL,T04,20,20,147,0.123,-0.0769810411693694,0.439430045274457,Wilcoxon,two.sided,0.895867924528302,-2.63034965613795,-2.8200367311935,-0.173690310404646,BL/T04,ns,ns,ns/ns,UR
GGB80011_SGB15265,-0.310783598060535,Value,BL,T04,20,20,59,0.0897,-0.532210084339523,0.124532636985818,Wilcoxon,two.sided,0.849402702702703,-2.80399255271302,-2.60796365498781,0.179006817214144,BL/T04,ns,ns,ns/ns,UR
GGB80011_SGB15267,0.0325896611747976,Value,BL,T04,20,20,112,0.812,-0.364645029428537,0.307287442442552,Wilcoxon,two.sided,1,-2.84379632074563,-2.82480100643688,0.0188171559068985,BL/T04,ns,ns,ns/ns,UR
GGB9061_SGB13979,0.106101085084049,Value,BL,T04,20,20,128,0.409,-0.189183207714266,0.457114813280587,Wilcoxon,two.sided,0.957297101449275,-2.6798645367492,-2.84365639951618,-0.151683521264606,BL/T04,ns,ns,ns/ns,UR
GGB9062_SGB13981,-0.127387090800066,Value,BL,T04,20,20,86,0.498,-0.53268924969215,0.249014320626157,Wilcoxon,two.sided,1,-2.9263229187153,-2.77357649701251,0.142147287960018,BL/T04,ns,ns,ns/ns,UR
GGB9063_SGB13982,-0.0380390576862789,Value,BL,T04,20,20,95,0.729,-0.276271145293292,0.22459013261946,Wilcoxon,two.sided,1,-2.79843501912564,-2.76911070291848,0.0289025832946139,BL/T04,ns,ns,ns/ns,UR
GGB9302_SGB14263,-0.029935234269165,Value,BL,T04,20,20,101,0.898,-0.326588194733148,0.310707924710567,Wilcoxon,two.sided,1,-2.9060225147788,-2.89022978447831,0.0156693227345635,BL/T04,ns,ns,ns/ns,UR
GGB9342_SGB14306,0.110966277719855,Value,BL,T04,20,20,125,0.475,-0.15345035988375,0.424443785406879,Wilcoxon,two.sided,1,-2.70108110267298,-2.83041553591667,-0.121628462067821,BL/T04,ns,ns,ns/ns,UR
GGB9345_SGB14311,-0.0211985583753926,Value,BL,T04,20,20,101,0.898,-0.362423430492777,0.347576688416716,Wilcoxon,two.sided,1,-2.85929579594082,-2.84599585530668,0.0132122728854746,BL/T04,ns,ns,ns/ns,UR
GGB9480_SGB14874,0.00085638177962033,Value,BL,T04,20,20,105,1,-0.368952160260239,0.425253511363412,Wilcoxon,two.sided,1,-2.79969928120404,-2.86294348864172,-0.061324807159039,BL/T04,ns,ns,ns/ns,UR
GGB9524_SGB14924,-0.0608157607991372,Value,BL,T04,20,20,94,0.701,-0.276624388796193,0.257477052295641,Wilcoxon,two.sided,1,-2.82508871890785,-2.86287403710114,-0.0370889408031387,BL/T04,ns,ns,ns/ns,UR
GGB9593_SGB15015,-0.0563094190160216,Value,BL,T04,20,20,90,0.596,-0.351973525856778,0.256390821225273,Wilcoxon,two.sided,1,-2.96543087390556,-2.93918036438362,0.0259118782734791,BL/T04,ns,ns,ns/ns,UR
GGB9595_SGB15019,-0.185182862234369,Value,BL,T04,20,20,67,0.165,-0.354821329656879,0.10378206284556,Wilcoxon,two.sided,0.895867924528302,-2.84049348846638,-2.69979865002038,0.131637584140975,BL/T04,ns,ns,ns/ns,UR
GGB9602_SGB15028,-0.110196529251809,Value,BL,T04,20,20,79,0.349,-0.377048672357467,0.160259819547697,Wilcoxon,two.sided,0.900484848484848,-2.76354101155737,-2.67740810333937,0.0826235972813449,BL/T04,ns,ns,ns/ns,UR
GGB9602_SGB15031,-0.0148379296928554,Value,BL,T04,20,20,100,0.869,-0.31842358322575,0.269160007634924,Wilcoxon,two.sided,1,-2.96138470130789,-2.8072116155257,0.143384144518424,BL/T04,ns,ns,ns/ns,UR
GGB9614_SGB15049,0.0169090488453584,Value,BL,T04,20,20,110,0.869,-0.316384289125042,0.371080537209853,Wilcoxon,two.sided,1,-2.73537895312723,-2.83565443850644,-0.0955605897029763,BL/T04,ns,ns,ns/ns,UR
GGB9616_SGB15051,0.377719843894963,Value,BL,T04,20,20,154,0.0696,-0.0244258204549914,0.667077588312518,Wilcoxon,two.sided,0.81719,-2.78432276037609,-3.11524885777163,-0.2858750137509,BL/T04,ns,ns,ns/ns,UR
GGB9616_SGB15052,-0.0189734568297589,Value,BL,T04,20,20,101,0.898,-0.281126960101812,0.229664575385941,Wilcoxon,two.sided,1,-2.75317196407803,-2.71891994150501,0.0336784819514059,BL/T04,ns,ns,ns/ns,UR
GGB9627_SGB15081,-0.188974658796065,Value,BL,T04,20,20,63,0.123,-0.388689996053125,0.14181178689258,Wilcoxon,two.sided,0.895867924528302,-2.85715831097316,-2.71318821895622,0.134504749274031,BL/T04,ns,ns,ns/ns,UR
GGB9634_SGB15093,0.0870835552609742,Value,BL,T04,20,20,130,0.368,-0.144683490858453,0.346545669980977,Wilcoxon,two.sided,0.900484848484848,-2.76124308841793,-2.83678279538377,-0.0728225885846634,BL/T04,ns,ns,ns/ns,UR
GGB9635_SGB15103,-0.0221489293182824,Value,BL,T04,20,20,98,0.812,-0.373354705847692,0.376725926426324,Wilcoxon,two.sided,1,-2.75664304272167,-2.77672756240458,-0.0198854862974971,BL/T04,ns,ns,ns/ns,UR
GGB9635_SGB15106,0.00634300703422075,Value,BL,T04,20,20,106,0.985,-0.359751373714474,0.36250553475263,Wilcoxon,two.sided,1,-2.87808076758885,-2.89829292117404,-0.0200105993794658,BL/T04,ns,ns,ns/ns,UR
GGB9677_SGB15180,-0.0153776692910561,Value,BL,T04,20,20,103,0.956,-0.367379802557369,0.322675764979787,Wilcoxon,two.sided,1,-2.93129573454555,-2.90266546617184,0.0282280806938651,BL/T04,ns,ns,ns/ns,UR
GGB9691_SGB15198,-0.100977594399473,Value,BL,T04,20,20,94,0.701,-0.613719997631166,0.203188880246752,Wilcoxon,two.sided,1,-2.93034093634842,-2.69895020945249,0.208144202928961,BL/T04,ns,ns,ns/ns,UR
GGB9699_SGB15216,0.233098373142624,Value,BL,T04,20,20,139,0.216,-0.140451218186629,0.51350209421677,Wilcoxon,two.sided,0.895867924528302,-2.62472235978344,-2.795889528221,-0.158000831418711,BL/T04,ns,ns,ns/ns,UR
GGB9707_SGB15229,0.332912760582545,Value,BL,T04,20,20,161,0.0362,0.0384457994353167,0.506143519801849,Wilcoxon,two.sided,0.717777777777778,-2.63290534168637,-2.90109375571878,-0.23758943648462,BL/T04,ns,*,*/ns,UR
GGB9708_SGB15233,-0.0942681713191519,Value,BL,T04,20,20,90,0.596,-0.389961860141248,0.273590921609386,Wilcoxon,two.sided,1,-2.84703646842042,-2.78936054011094,0.0560739805691862,BL/T04,ns,ns,ns/ns,UR
GGB9708_SGB15234,-0.0705767202008854,Value,BL,T04,20,20,88,0.546,-0.295148647161733,0.171060996867151,Wilcoxon,two.sided,1,-2.80510146789371,-2.77677108297873,0.027936501503585,BL/T04,ns,ns,ns/ns,UR
GGB9712_SGB15244,0.0598066311158878,Value,BL,T04,20,20,123,0.522,-0.167914188731037,0.356814197686726,Wilcoxon,two.sided,1,-2.69404076799475,-2.79824798939151,-0.0991276307819096,BL/T04,ns,ns,ns/ns,UR
GGB9713_SGB15249,-0.32705151394258,Value,BL,T04,20,20,49,0.0362,-0.626122877303805,-0.0261287667983547,Wilcoxon,two.sided,0.717777777777778,-2.97206021131648,-2.64587873086312,0.282303745485774,BL/T04,ns,*,*/ns,UR
GGB9747_SGB15356,0.0689819899896683,Value,BL,T04,20,20,124,0.498,-0.217210935611155,0.314852516673881,Wilcoxon,two.sided,1,-2.6452348030356,-2.71808243918904,-0.0703164555728303,BL/T04,ns,ns,ns/ns,UR
GGB9758_SGB15368,-0.175034204498594,Value,BL,T04,20,20,68,0.177,-0.530198282643311,0.0970954764114165,Wilcoxon,two.sided,0.895867924528302,-2.91829338532264,-2.6145739723662,0.265221266238031,BL/T04,ns,ns,ns/ns,UR
GGB9760_SGB15373,0.044387206284245,Value,BL,T04,20,20,118,0.648,-0.17593610362684,0.218504378950702,Wilcoxon,two.sided,1,-2.76481108779794,-2.69344286288589,0.0689365464853091,BL/T04,ns,ns,ns/ns,UR
GGB9760_SGB15374,0.303358238608808,Value,BL,T04,20,20,159,0.0441,0.00586636414383834,0.577889586637729,Wilcoxon,two.sided,0.7497,-2.62339338958368,-2.90773762947555,-0.250248268939752,BL/T04,ns,*,*/ns,UR
GGB9813_SGB15447,0.00327817844503475,Value,BL,T04,20,20,106,0.985,-0.327434214008476,0.309414762204476,Wilcoxon,two.sided,1,-2.74996465377621,-2.79650453019219,-0.0454893667321648,BL/T04,ns,ns,ns/ns,UR
Haemophilus_parainfluenzae,0.0144895393394778,Value,BL,T04,20,20,107,0.956,-0.246458381726705,0.283474571377853,Wilcoxon,two.sided,1,-2.7275252269641,-2.7028072728823,0.0244174079755879,BL/T04,ns,ns,ns/ns,UR
Holdemanella_biformis,-0.0197498572957943,Value,BL,T04,20,20,102,0.927,-0.290538243367154,0.219719789947729,Wilcoxon,two.sided,1,-2.78814035580769,-2.8166430054383,-0.028104006316215,BL/T04,ns,ns,ns/ns,UR
Holdemanella_porci,0.205818216688263,Value,BL,T04,20,20,145,0.143,-0.105913989992342,0.564273067194146,Wilcoxon,two.sided,0.895867924528302,-2.68643628545368,-2.941843810677,-0.227460241166679,BL/T04,ns,ns,ns/ns,UR
Holdemania_filiformis,0.13581743570646,Value,BL,T04,20,20,135,0.277,-0.183562384207691,0.446678920686893,Wilcoxon,two.sided,0.895867924528302,-2.70476695734418,-2.84758802845347,-0.133499829347037,BL/T04,ns,ns,ns/ns,UR
Holdemania_massiliensis,-0.208933419326369,Value,BL,T04,20,20,73,0.245,-0.492869342565883,0.129415941072961,Wilcoxon,two.sided,0.895867924528302,-2.90785601967176,-2.72213422448007,0.170351699021377,BL/T04,ns,ns,ns/ns,UR
Hungatella_hathewayi,-0.0509309389639929,Value,BL,T04,20,20,88,0.546,-0.269449450401763,0.194918855257424,Wilcoxon,two.sided,1,-2.66937767803888,-2.64292662000871,0.026107277850348,BL/T04,ns,ns,ns/ns,UR
Hydrogenoanaerobacterium_saccharovorans,-0.0537769401956331,Value,BL,T04,20,20,94,0.701,-0.420842337986913,0.354982148695665,Wilcoxon,two.sided,1,-2.94321380964652,-2.91064170621932,0.032052877242575,BL/T04,ns,ns,ns/ns,UR
Intestinibacter_bartlettii,0.170132412524037,Value,BL,T04,20,20,133,0.312,-0.172283955964568,0.53096308139202,Wilcoxon,two.sided,0.900484848484848,-2.76594588151138,-2.96842049907996,-0.18438161472392,BL/T04,ns,ns,ns/ns,UR
Intestinimonas_butyriciproducens,0.123999380616641,Value,BL,T04,20,20,140,0.202,-0.0534432685637072,0.326416927759752,Wilcoxon,two.sided,0.895867924528302,-2.73026964600923,-2.93195387955405,-0.183724100723244,BL/T04,ns,ns,ns/ns,UR
Intestinimonas_massiliensis,-0.15641885571506,Value,BL,T04,20,20,83,0.43,-0.546657158122525,0.244382137614668,Wilcoxon,two.sided,0.971258741258741,-2.95344575865687,-2.78725911629853,0.153739145751582,BL/T04,ns,ns,ns/ns,UR
Klebsiella_pneumoniae,-0.0261311694184923,Value,BL,T04,20,20,101,0.898,-0.488429572035441,0.409893366415285,Wilcoxon,two.sided,1,-2.91456050333842,-2.85662537727382,0.0563190140368306,BL/T04,ns,ns,ns/ns,UR
Klebsiella_quasipneumoniae,0.124211872705319,Value,BL,T04,20,20,125,0.475,-0.185371420834227,0.586494842191385,Wilcoxon,two.sided,1,-2.82414882083067,-2.99316692863126,-0.156164172361914,BL/T04,ns,ns,ns/ns,UR
Klebsiella_variicola,0.1815855319665,Value,BL,T04,20,20,137,0.245,-0.127605573451937,0.431336332816751,Wilcoxon,two.sided,0.895867924528302,-2.80216727201828,-2.9404428110087,-0.129514432047092,BL/T04,ns,ns,ns/ns,UR
Lachnospira_eligens,-0.0758060214358041,Value,BL,T04,20,20,86,0.498,-0.419451222519895,0.182243778876425,Wilcoxon,two.sided,1,-2.41247874722286,-2.23949864629487,0.159547605271675,BL/T04,ns,ns,ns/ns,UR
Lachnospira_pectinoschiza,-0.0254355192898656,Value,BL,T04,20,20,99,0.841,-0.256691201956941,0.284423480898309,Wilcoxon,two.sided,1,-2.3356403499249,-2.34819473738237,-0.01247623456329,BL/T04,ns,ns,ns/ns,UR
Lachnospira_sp_NSJ_43,-0.00814195253782435,Value,BL,T04,20,20,104,0.985,-0.261267802644568,0.292127834487656,Wilcoxon,two.sided,1,-2.73205040716395,-2.71244305430764,0.0194176050045239,BL/T04,ns,ns,ns/ns,UR
Lachnospiraceae_bacterium_AM48_27BH,-0.211992090394249,Value,BL,T04,20,20,67,0.165,-0.547754651209617,0.113981657341577,Wilcoxon,two.sided,0.895867924528302,-2.88602938188724,-2.68564633338672,0.182640712941984,BL/T04,ns,ns,ns/ns,UR
Lachnospiraceae_bacterium_BX3,-0.0678771170876279,Value,BL,T04,20,20,86,0.498,-0.276691719562785,0.179576289172904,Wilcoxon,two.sided,1,-2.76067704519876,-2.7275637164933,0.0325768924505366,BL/T04,ns,ns,ns/ns,UR
Lachnospiraceae_bacterium_Marseille_Q4251,0.165405658018683,Value,BL,T04,20,20,131,0.349,-0.183487034413978,0.343178275306229,Wilcoxon,two.sided,0.900484848484848,-2.68303696585157,-2.78022547949608,-0.0927510112373291,BL/T04,ns,ns,ns/ns,UR
Lachnospiraceae_bacterium_OM04_12BH,-0.217228106467405,Value,BL,T04,20,20,76,0.294,-0.486354945058507,0.121661777283018,Wilcoxon,two.sided,0.895867924528302,-2.95749071303408,-2.68554812881542,0.240545325706293,BL/T04,ns,ns,ns/ns,UR
Lacrimispora_amygdalina,0.170296672642252,Value,BL,T04,20,20,148,0.114,-0.0362254669832203,0.381627735919557,Wilcoxon,two.sided,0.895867924528302,-2.59325120232923,-2.74465485382722,-0.140981764609404,BL/T04,ns,ns,ns/ns,UR
Lacrimispora_celerecrescens,-0.00331949637013329,Value,BL,T04,20,20,104,0.985,-0.31344400558338,0.31874704652656,Wilcoxon,two.sided,1,-2.75108141920053,-2.7497010964529,0.00137937097791722,BL/T04,ns,ns,ns/ns,UR
Lacrimispora_saccharolytica,-0.144080511819648,Value,BL,T04,20,20,72,0.231,-0.539438709151122,0.0931952721531042,Wilcoxon,two.sided,0.895867924528302,-2.88766777754958,-2.66212355904101,0.203385005349429,BL/T04,ns,ns,ns/ns,UR
Lawsonibacter_asaccharolyticus,0.0324835851551776,Value,BL,T04,20,20,113,0.784,-0.209979347054592,0.281994373474548,Wilcoxon,two.sided,1,-2.74013681138224,-2.76191266427388,-0.0215421457030834,BL/T04,ns,ns,ns/ns,UR
Longicatena_caecimuris,0.00805050990776313,Value,BL,T04,20,20,107,0.956,-0.235643572907617,0.230448730211227,Wilcoxon,two.sided,1,-2.74222139837922,-2.73456926204925,0.00762300724023382,BL/T04,ns,ns,ns/ns,UR
Megamonas_funiformis,-0.0128533570379948,Value,BL,T04,20,20,102,0.927,-0.208369957567693,0.236487200301648,Wilcoxon,two.sided,1,-2.6440814456921,-2.63974047965867,0.00433157121894931,BL/T04,ns,ns,ns/ns,UR
Megasphaera_sp_NM10,0.323646512399616,Value,BL,T04,20,20,160,0.04,0.0309601634323964,0.623932237628973,Wilcoxon,two.sided,0.717777777777778,-2.76770050907358,-2.97948844150262,-0.192096899094153,BL/T04,ns,*,*/ns,UR
Mesosutterella_multiformis,0.0228297616963425,Value,BL,T04,20,20,106,0.985,-0.214720855159588,0.277433177533274,Wilcoxon,two.sided,1,-2.65297106871551,-2.72725346647164,-0.0716529017065747,BL/T04,ns,ns,ns/ns,UR
Negativibacillus_massiliensis,-0.0544832755273826,Value,BL,T04,20,20,90,0.596,-0.276207539478582,0.120191119775474,Wilcoxon,two.sided,1,-2.75041527408449,-2.66747624785368,0.0796786656313278,BL/T04,ns,ns,ns/ns,UR
Odoribacter_sp_AF15_53,0.0829861488789646,Value,BL,T04,20,20,125,0.475,-0.0884600836327363,0.271474622182076,Wilcoxon,two.sided,1,-2.69893749357523,-2.79652437034435,-0.0931140216216543,BL/T04,ns,ns,ns/ns,UR
Odoribacter_splanchnicus,-0.086026033905514,Value,BL,T04,20,20,84,0.452,-0.365673351199363,0.137069264349031,Wilcoxon,two.sided,1,-2.78326903070163,-2.66622840381667,0.110682890853532,BL/T04,ns,ns,ns/ns,UR
Oscillibacter_sp_ER4,0.0960133742025494,Value,BL,T04,20,20,131,0.349,-0.136435519382506,0.356752229489332,Wilcoxon,two.sided,0.900484848484848,-2.53918108527382,-2.64906980828824,-0.104259760762366,BL/T04,ns,ns,ns/ns,UR
Oscillospiraceae_bacterium_Marseille_Q3528,-0.182722576980623,Value,BL,T04,20,20,76,0.294,-0.446915593670004,0.143663110625891,Wilcoxon,two.sided,0.895867924528302,-2.80512146768713,-2.70913986114226,0.0916504060354278,BL/T04,ns,ns,ns/ns,UR
Oscillospiraceae_bacterium_N12,-0.10908462364274,Value,BL,T04,20,20,85,0.475,-0.423227068168165,0.232734547009664,Wilcoxon,two.sided,1,-2.80402431146611,-2.72762646226117,0.0736201417312568,BL/T04,ns,ns,ns/ns,UR
Oscillospiraceae_unclassified_SGB15252,0.0447936309026069,Value,BL,T04,20,20,114,0.756,-0.292370500740015,0.480726081512082,Wilcoxon,two.sided,1,-2.75386429576481,-2.97292055559568,-0.19807700187948,BL/T04,ns,ns,ns/ns,UR
Oscillospiraceae_unclassified_SGB15256,-0.106569936755608,Value,BL,T04,20,20,88,0.546,-0.422778543996681,0.208395006156561,Wilcoxon,two.sided,1,-2.84586853271302,-2.73427099333878,0.105798205294559,BL/T04,ns,ns,ns/ns,UR
Parabacteroides_distasonis,0.149925023408407,Value,BL,T04,20,20,160,0.04,0.00652658957085839,0.303588692028589,Wilcoxon,two.sided,0.717777777777778,-2.25966947766503,-2.43042836598026,-0.157652161036669,BL/T04,ns,*,*/ns,UR
Parabacteroides_faecis,-0.0636564898223814,Value,BL,T04,20,20,100,0.869,-0.407426461482513,0.392799458830833,Wilcoxon,two.sided,1,-2.83691874515447,-2.83017272076916,0.00672337178241351,BL/T04,ns,ns,ns/ns,UR
Parabacteroides_goldsteinii,0.00529834258410067,Value,BL,T04,20,20,105,1,-0.271427463556511,0.334118655943016,Wilcoxon,two.sided,1,-2.67934710977154,-2.73383986137082,-0.0530598471333464,BL/T04,ns,ns,ns/ns,UR
Parabacteroides_johnsonii,0.194570716045446,Value,BL,T04,20,20,135,0.277,-0.147063910289941,0.547581386197196,Wilcoxon,two.sided,0.895867924528302,-2.64080042727679,-2.8568758490763,-0.195628806126715,BL/T04,ns,ns,ns/ns,UR
Parabacteroides_merdae,-0.0263100005718738,Value,BL,T04,20,20,95,0.729,-0.21815732447112,0.152133654131381,Wilcoxon,two.sided,1,-2.53254940064766,-2.46285675334125,0.0673713617028973,BL/T04,ns,ns,ns/ns,UR
Parabacteroides_sp_TM07_1AC,-0.0697890390318704,Value,BL,T04,20,20,91,0.622,-0.308928100773979,0.21613855118927,Wilcoxon,two.sided,1,-2.83506971049747,-2.83744480390439,-0.00237227733065755,BL/T04,ns,ns,ns/ns,UR
Paraprevotella_clara,-0.173437317013188,Value,BL,T04,20,20,57,0.0759,-0.357435040211399,0.0156892663726442,Wilcoxon,two.sided,0.81719,-2.76924766677277,-2.59858343176672,0.157571309943762,BL/T04,ns,ns,ns/ns,UR
Parasutterella_excrementihominis,-0.0660126996517503,Value,BL,T04,20,20,75,0.277,-0.172590067211824,0.060192565731036,Wilcoxon,two.sided,0.895867924528302,-2.63996691200131,-2.60117394245303,0.0380594329247559,BL/T04,ns,ns,ns/ns,UR
Parasutterella_SGB9260,0.000273750990981592,Value,BL,T04,20,20,105,1,-0.333293908335843,0.38577861745156,Wilcoxon,two.sided,1,-2.77479928445545,-2.75716912662371,0.0174765493985993,BL/T04,ns,ns,ns/ns,UR
Phascolarctobacterium_faecium,0.00379341667923572,Value,BL,T04,20,20,107,0.956,-0.154303279124226,0.145312266052692,Wilcoxon,two.sided,1,-2.38498970569382,-2.40599290397339,-0.0207856716747555,BL/T04,ns,ns,ns/ns,UR
Phascolarctobacterium_SGB5790,0.16617279462891,Value,BL,T04,20,20,137,0.245,-0.121239148089508,0.449530842242975,Wilcoxon,two.sided,0.895867924528302,-2.70345800265825,-2.86514271854732,-0.149871292774384,BL/T04,ns,ns,ns/ns,UR
Phascolarctobacterium_succinatutens,-0.0616554088126544,Value,BL,T04,20,20,95,0.729,-0.33118518626836,0.254898088915727,Wilcoxon,two.sided,1,-2.82140607876903,-2.69041047645809,0.123098308807183,BL/T04,ns,ns,ns/ns,UR
Phocaeicola_coprocola,0.0226439834640488,Value,BL,T04,20,20,110,0.869,-0.207276506828872,0.239090978422097,Wilcoxon,two.sided,1,-2.38574083448883,-2.39266422776398,-0.00689953663722335,BL/T04,ns,ns,ns/ns,UR
Phocaeicola_coprophilus,-0.16138220000681,Value,BL,T04,20,20,76,0.294,-0.53518772685212,0.159907749159583,Wilcoxon,two.sided,0.895867924528302,-2.82346405269281,-2.643024945143,0.165886494298437,BL/T04,ns,ns,ns/ns,UR
Phocaeicola_dorei,-0.108129280599813,Value,BL,T04,20,20,88,0.546,-0.337622069863035,0.235937868093431,Wilcoxon,two.sided,1,-2.46531848528783,-2.4170604407103,0.0471297813321819,BL/T04,ns,ns,ns/ns,UR
Phocaeicola_massiliensis,-0.111706847150948,Value,BL,T04,20,20,78,0.33,-0.329803176372535,0.103036236472804,Wilcoxon,two.sided,0.900484848484848,-2.61491780314778,-2.5220581910635,0.0887977582041012,BL/T04,ns,ns,ns/ns,UR
Phocaeicola_plebeius,0.0205118419941339,Value,BL,T04,20,20,109,0.898,-0.311893179517921,0.25041891730408,Wilcoxon,two.sided,1,-2.3384180697782,-2.2889357319192,0.0482970310364145,BL/T04,ns,ns,ns/ns,UR
Phocaeicola_SGB6473,0.250860674875,Value,BL,T04,20,20,139,0.216,-0.122272144773895,0.555205071372471,Wilcoxon,two.sided,0.895867924528302,-2.59313726251804,-2.79755270872533,-0.185994342358297,BL/T04,ns,ns,ns/ns,UR
Phocaeicola_vulgatus,0.0892020363086732,Value,BL,T04,20,20,134,0.294,-0.0632998252828602,0.25977187024136,Wilcoxon,two.sided,0.895867924528302,-1.82538443936363,-1.95284969917521,-0.119971980222965,BL/T04,ns,ns,ns/ns,UR
Prevotella_bivia,-0.322540600392201,Value,BL,T04,20,20,54,0.0583,-0.629170907605513,0.026144151985168,Wilcoxon,two.sided,0.784620833333333,-3.10070219230843,-2.79613171378627,0.265873851365711,BL/T04,ns,ns,ns/ns,UR
Prevotella_copri_clade_A,0.030994689420033,Value,BL,T04,20,20,110,0.869,-0.27427923509974,0.235119854908258,Wilcoxon,two.sided,1,-2.63001991461283,-2.63429274985301,-0.00426373259986783,BL/T04,ns,ns,ns/ns,UR
Prevotella_copri_clade_C,0.165596144343985,Value,BL,T04,20,20,131,0.349,-0.231553473829817,0.474580438920678,Wilcoxon,two.sided,0.900484848484848,-2.62726625026667,-2.7446561590037,-0.11099552698104,BL/T04,ns,ns,ns/ns,UR
Prevotella_corporis,0.0592468815252701,Value,BL,T04,20,20,114,0.756,-0.2727183098525,0.415592830862859,Wilcoxon,two.sided,1,-2.95912586926122,-3.03711668580115,-0.0750989534708637,BL/T04,ns,ns,ns/ns,UR
Prevotella_disiens,0.143184164396266,Value,BL,T04,20,20,129,0.388,-0.14155554457477,0.41637262441193,Wilcoxon,two.sided,0.928325925925926,-2.79336488271091,-2.90973875497722,-0.110085818846785,BL/T04,ns,ns,ns/ns,UR
Prevotella_stercorea,0.138213898246339,Value,BL,T04,20,20,137,0.245,-0.097916919154788,0.368157328434832,Wilcoxon,two.sided,0.895867924528302,-2.60855617025427,-2.72687053616415,-0.111822521173448,BL/T04,ns,ns,ns/ns,UR
Prevotella_timonensis,-0.0283793202424862,Value,BL,T04,20,20,101,0.898,-0.45510342049235,0.365601672922711,Wilcoxon,two.sided,1,-3.00287851831151,-2.95772625565928,0.04416258069001,BL/T04,ns,ns,ns/ns,UR
Pseudoruminococcus_massiliensis,0.359381084839639,Value,BL,T04,20,20,160,0.04,0.0158026181855357,0.710126195105111,Wilcoxon,two.sided,0.717777777777778,-2.65130137150315,-3.04567834166548,-0.332447699139438,BL/T04,ns,*,*/ns,UR
Rheinheimera_SGB14999,0.00180095679433256,Value,BL,T04,20,20,106,0.985,-0.266482661246959,0.363332649588818,Wilcoxon,two.sided,1,-2.6477302249515,-2.69379579150142,-0.0450360468043467,BL/T04,ns,ns,ns/ns,UR
Romboutsia_timonensis,0.0989995075563052,Value,BL,T04,20,20,118,0.648,-0.237051388817869,0.404702378682136,Wilcoxon,two.sided,1,-2.7775323104448,-2.86146195658803,-0.0805929988293341,BL/T04,ns,ns,ns/ns,UR
Roseburia_faecis,-0.114109630722754,Value,BL,T04,20,20,80,0.368,-0.381305494011022,0.164271227641285,Wilcoxon,two.sided,0.900484848484848,-2.62564468950818,-2.53747354745708,0.0844984357427756,BL/T04,ns,ns,ns/ns,UR
Roseburia_hominis,-0.0397009856843958,Value,BL,T04,20,20,99,0.841,-0.337756569981428,0.254225983294758,Wilcoxon,two.sided,1,-2.73727241924341,-2.70104358847709,0.0355879985651634,BL/T04,ns,ns,ns/ns,UR
Roseburia_intestinalis,0.0839358594947844,Value,BL,T04,20,20,134,0.294,-0.075323421574484,0.234697232189139,Wilcoxon,two.sided,0.895867924528302,-2.442084105041,-2.50039432852447,-0.0566735073595161,BL/T04,ns,ns,ns/ns,UR
Roseburia_inulinivorans,-0.226408816178429,Value,BL,T04,20,20,46,0.0266,-0.462592708587549,-0.0289974746007947,Wilcoxon,two.sided,0.717777777777778,-2.70797209324997,-2.46087657855748,0.220817259347998,BL/T04,ns,*,*/ns,UR
Roseburia_sp_AF02_12,-0.163885658597406,Value,BL,T04,20,20,83,0.43,-0.601625897837067,0.231997289677806,Wilcoxon,two.sided,0.971258741258741,-2.95323361497411,-2.75348021573155,0.18211603504461,BL/T04,ns,ns,ns/ns,UR
Roseburia_sp_AM16_25,-0.0832380337411478,Value,BL,T04,20,20,93,0.674,-0.394595678453797,0.245165443253981,Wilcoxon,two.sided,1,-2.87534332569231,-2.83460168427803,0.0399335757508515,BL/T04,ns,ns,ns/ns,UR
Roseburia_sp_AM23_20,-0.022341668844039,Value,BL,T04,20,20,98,0.812,-0.199751858401999,0.259320623698112,Wilcoxon,two.sided,1,-2.57983150125528,-2.68077851997182,-0.096170735525953,BL/T04,ns,ns,ns/ns,UR
Roseburia_sp_AM59_24XD,-0.00308776910621833,Value,BL,T04,20,20,104,0.985,-0.230635009997165,0.214757664433158,Wilcoxon,two.sided,1,-2.78142985857084,-2.71357398117445,0.0656527851738749,BL/T04,ns,ns,ns/ns,UR
Ruminococcus_bicirculans,-0.103187991825147,Value,BL,T04,20,20,75,0.277,-0.297297318462244,0.0956631266468131,Wilcoxon,two.sided,0.895867924528302,-2.54416292921591,-2.43501853529941,0.103588901801172,BL/T04,ns,ns,ns/ns,UR
Ruminococcus_bovis,-0.0499311447807284,Value,BL,T04,20,20,96,0.756,-0.324697952355021,0.289917666535221,Wilcoxon,two.sided,1,-2.81743310312717,-2.82719438616043,-0.00971394948487525,BL/T04,ns,ns,ns/ns,UR
Ruminococcus_bromii,0.0153626234261996,Value,BL,T04,20,20,107,0.956,-0.221860719936071,0.252295250870318,Wilcoxon,two.sided,1,-2.31619801057475,-2.34420040155553,-0.0276174928870589,BL/T04,ns,ns,ns/ns,UR
Ruminococcus_callidus,0.00913469586608917,Value,BL,T04,20,20,109,0.898,-0.178775601456172,0.340267316401096,Wilcoxon,two.sided,1,-2.72591407326053,-2.83424929737957,-0.102859091410318,BL/T04,ns,ns,ns/ns,UR
Ruminococcus_gnavus,0.05356429213886,Value,BL,T04,20,20,115,0.729,-0.245735252090987,0.320216118696858,Wilcoxon,two.sided,1,-2.62656754554287,-2.68720295127331,-0.0588681679003058,BL/T04,ns,ns,ns/ns,UR
Ruminococcus_lactaris,0.112386049752484,Value,BL,T04,20,20,137,0.245,-0.0822719140642711,0.375453637654658,Wilcoxon,two.sided,0.895867924528302,-2.6718510840751,-2.84767242339201,-0.161966915585496,BL/T04,ns,ns,ns/ns,UR
Ruminococcus_SGB4421,-0.185039990783147,Value,BL,T04,20,20,73,0.245,-0.452705808063355,0.115181430532469,Wilcoxon,two.sided,0.895867924528302,-2.89544448398404,-2.69647287297226,0.181464198543859,BL/T04,ns,ns,ns/ns,UR
Ruminococcus_sp_AF13_28,-0.171381387101261,Value,BL,T04,20,20,60,0.0973,-0.372628827418841,0.0197016820017577,Wilcoxon,two.sided,0.849402702702703,-2.74961611928932,-2.5836678636429,0.15353470928185,BL/T04,ns,ns,ns/ns,UR
Ruminococcus_sp_BSD2780120874_150323_B10,-0.0295513455775086,Value,BL,T04,20,20,97,0.784,-0.361627993119984,0.428794591170188,Wilcoxon,two.sided,1,-2.97076602581724,-2.93754072434697,0.0326852703933289,BL/T04,ns,ns,ns/ns,UR
Ruminococcus_torques,0.0375928027547247,Value,BL,T04,20,20,119,0.622,-0.203184684490616,0.304947881800495,Wilcoxon,two.sided,1,-2.56736144200286,-2.63889004011617,-0.0690862253684256,BL/T04,ns,ns,ns/ns,UR
Ruthenibacterium_lactatiformans,0.0880357364876136,Value,BL,T04,20,20,135,0.277,-0.115892430324928,0.289000202061155,Wilcoxon,two.sided,0.895867924528302,-2.71924422636038,-2.7806450356618,-0.059589553896212,BL/T04,ns,ns,ns/ns,UR
Sellimonas_intestinalis,-0.22427091590736,Value,BL,T04,20,20,72,0.231,-0.477832689593436,0.112516150542378,Wilcoxon,two.sided,0.895867924528302,-2.87605108383703,-2.69372900740574,0.167480366157242,BL/T04,ns,ns,ns/ns,UR
Streptococcus_parasanguinis,-0.242837186901878,Value,BL,T04,20,20,66,0.154,-0.574923078753458,0.133571965068387,Wilcoxon,two.sided,0.895867924528302,-2.88321817676295,-2.65697590174748,0.203954432196021,BL/T04,ns,ns,ns/ns,UR
Streptococcus_pasteurianus,0.129181422407652,Value,BL,T04,20,20,132,0.33,-0.151560169103181,0.402979004011655,Wilcoxon,two.sided,0.900484848484848,-2.70513647162686,-2.80608214444511,-0.0961695130337808,BL/T04,ns,ns,ns/ns,UR
Streptococcus_salivarius,0.01832750088692,Value,BL,T04,20,20,110,0.869,-0.287051707314101,0.3457374978398,Wilcoxon,two.sided,1,-2.70944074204938,-2.7451578914246,-0.0350940847214522,BL/T04,ns,ns,ns/ns,UR
Streptococcus_thermophilus,0.244258330824049,Value,BL,T04,20,20,165,0.024,0.0163156929351054,0.603318166221943,Wilcoxon,two.sided,0.717777777777778,-2.70219929354634,-3.08333595561977,-0.322906828309785,BL/T04,ns,*,*/ns,UR
Sutterella_sp_AM11_39,0.0433141236066371,Value,BL,T04,20,20,115,0.729,-0.117744441750678,0.219961658052113,Wilcoxon,two.sided,1,-2.62941049546797,-2.75041124651297,-0.114221814067498,BL/T04,ns,ns,ns/ns,UR
Sutterella_wadsworthensis,0.033323594456612,Value,BL,T04,20,20,112,0.812,-0.188368291466822,0.231014433575004,Wilcoxon,two.sided,1,-2.64341458584833,-2.67740905613876,-0.0334294281903486,BL/T04,ns,ns,ns/ns,UR
Tyzzerella_nexilis,-0.178630821584169,Value,BL,T04,20,20,69,0.189,-0.551132027369452,0.0730470595866295,Wilcoxon,two.sided,0.895867924528302,-2.86528478411444,-2.61924024436227,0.219974165915924,BL/T04,ns,ns,ns/ns,UR
Veillonella_atypica,0.119743159142477,Value,BL,T04,20,20,133,0.312,-0.10796652419009,0.364367744766745,Wilcoxon,two.sided,0.900484848484848,-2.70559848839504,-2.86690271892312,-0.149543710187313,BL/T04,ns,ns,ns/ns,UR
Veillonella_dispar,-0.176054999017144,Value,BL,T04,20,20,73,0.245,-0.437939320358691,0.0924303930004486,Wilcoxon,two.sided,0.895867924528302,-2.87850120720194,-2.67349824916009,0.186482021746119,BL/T04,ns,ns,ns/ns,UR
Veillonella_parvula,-0.026703542547782,Value,BL,T04,20,20,99,0.841,-0.209417968800661,0.204586051369286,Wilcoxon,two.sided,1,-2.78028299614878,-2.80630812328099,-0.0256922368309645,BL/T04,ns,ns,ns/ns,UR
Veillonella_rogosae,0.0180200628096852,Value,BL,T04,20,20,110,0.869,-0.355632643665053,0.359037164169326,Wilcoxon,two.sided,1,-2.8497073115274,-2.82392458502943,0.0254559567768243,BL/T04,ns,ns,ns/ns,UR
Vescimonas_coprocola,-0.126907032069844,Value,BL,T04,20,20,87,0.522,-0.460992866344257,0.212438937664555,Wilcoxon,two.sided,1,-2.87482744356578,-2.74736986952188,0.119965163344297,BL/T04,ns,ns,ns/ns,UR
Vescimonas_SGB15087,-0.0354876067740038,Value,BL,T04,20,20,100,0.869,-0.464594310738405,0.221245697116035,Wilcoxon,two.sided,1,-2.91386815743886,-2.77403058757558,0.130885769678726,BL/T04,ns,ns,ns/ns,UR
Victivallis_lenta,0.0378483348095026,Value,BL,T04,20,20,116,0.701,-0.187301078490069,0.219729800684361,Wilcoxon,two.sided,1,-2.7013251883593,-2.78634130099613,-0.0815948372386886,BL/T04,ns,ns,ns/ns,UR
Waltera_intestinalis,-0.161626824805868,Value,BL,T04,20,20,63,0.123,-0.374345131404593,0.0606729803512009,Wilcoxon,two.sided,0.895867924528302,-2.68357302097216,-2.52079566505222,0.15081141575991,BL/T04,ns,ns,ns/ns,UR
Adlercreutzia_equolifaciens,-0.248468604492429,Value,BL,T12,20,20,45,0.024,-0.510608894094117,-0.0549723331205723,Wilcoxon,two.sided,0.7752,-2.90990465884961,-2.60314007191658,0.267554301305842,BL/T12,ns,*,*/ns,UR
Agathobaculum_butyriciproducens,-0.0932051104449255,Value,BL,T12,20,20,84,0.452,-0.306141283513986,0.163217994321564,Wilcoxon,two.sided,0.95890625,-2.76239889902768,-2.67351163390836,0.0851563171222427,BL/T12,ns,ns,ns/ns,UR
Akkermansia_muciniphila,-0.244823610858767,Value,BL,T12,20,20,54,0.0583,-0.538169329638789,0.0132695392634784,Wilcoxon,two.sided,0.86063870967742,-2.73069590438911,-2.44870762362815,0.248412217084589,BL/T12,ns,ns,ns/ns,UR
Alistipes_communis,0.019347287318821,Value,BL,T12,20,20,113,0.784,-0.369366912872572,0.236161914032615,Wilcoxon,two.sided,0.981519379844961,-2.73576194228273,-2.68308722145048,0.0513342783383382,BL/T12,ns,ns,ns/ns,UR
Alistipes_finegoldii,0.141918290893965,Value,BL,T12,20,20,130,0.368,-0.155021147642918,0.335833768491756,Wilcoxon,two.sided,0.95890625,-2.72164628235943,-2.78326988852344,-0.0597994401903055,BL/T12,ns,ns,ns/ns,UR
Alistipes_ihumii,0.132517558973719,Value,BL,T12,20,20,142,0.177,-0.0632075902614031,0.293359029451448,Wilcoxon,two.sided,0.893296875,-2.74890087022715,-2.85659009425245,-0.102276065250499,BL/T12,ns,ns,ns/ns,UR
Alistipes_indistinctus,-0.106845156069832,Value,BL,T12,20,20,81,0.388,-0.299031927337718,0.149949470500585,Wilcoxon,two.sided,0.95890625,-2.78785872940655,-2.71020563913903,0.0747856120380645,BL/T12,ns,ns,ns/ns,UR
Alistipes_onderdonkii,-0.0245166058719388,Value,BL,T12,20,20,95,0.729,-0.22091704600834,0.156630378180036,Wilcoxon,two.sided,0.969,-2.61980227932785,-2.5738491665921,0.0449285393376188,BL/T12,ns,ns,ns/ns,UR
Alistipes_putredinis,-0.0745779540915933,Value,BL,T12,20,20,84,0.452,-0.242927103892199,0.17852910969698,Wilcoxon,two.sided,0.95890625,-2.42541266840907,-2.4092991534919,0.0159850701959389,BL/T12,ns,ns,ns/ns,UR
Alistipes_senegalensis,-0.0247688762951863,Value,BL,T12,20,20,99,0.841,-0.227114089309848,0.196202311845591,Wilcoxon,two.sided,0.98340127388535,-2.70244399017152,-2.68987099815389,0.0124946082817446,BL/T12,ns,ns,ns/ns,UR
Alistipes_shahii,0.0132560157054213,Value,BL,T12,20,20,107,0.956,-0.242888260066285,0.247726377921257,Wilcoxon,two.sided,0.98340127388535,-2.60585363607825,-2.6005520853793,0.00528754695162294,BL/T12,ns,ns,ns/ns,UR
Alistipes_sp_AF17_16,-0.0408285557088458,Value,BL,T12,20,20,96,0.756,-0.294602057631179,0.210238758116648,Wilcoxon,two.sided,0.969,-2.72265881252767,-2.69665951336361,0.0256670636723786,BL/T12,ns,ns,ns/ns,UR
Anaerobutyricum_hallii,-0.0267936674102207,Value,BL,T12,20,20,98,0.812,-0.32908978696715,0.197415968150372,Wilcoxon,two.sided,0.98340127388535,-2.84537255178341,-2.78728949936703,0.0564588298035615,BL/T12,ns,ns,ns/ns,UR
Anaerobutyricum_soehngenii,0.0456304755786487,Value,BL,T12,20,20,113,0.784,-0.243207707428508,0.362413239306816,Wilcoxon,two.sided,0.981519379844961,-2.75597674606092,-2.79539559685403,-0.0386617596535582,BL/T12,ns,ns,ns/ns,UR
Anaerostipes_hadrus,0.119228366797314,Value,BL,T12,20,20,140,0.202,-0.0579326745293973,0.347992605994793,Wilcoxon,two.sided,0.893780821917808,-2.57722566290764,-2.7261911807501,-0.138861987835316,BL/T12,ns,ns,ns/ns,UR
Anaerotignum_faecicola,0.0425924060283097,Value,BL,T12,20,20,114,0.756,-0.176226988567728,0.237777632548491,Wilcoxon,two.sided,0.969,-2.63785831898224,-2.66375751585772,-0.0255694932624775,BL/T12,ns,ns,ns/ns,UR
Anaerotignum_lactatifermentans,0.00896407664371601,Value,BL,T12,20,20,106,0.985,-0.265078549843007,0.27390431535489,Wilcoxon,two.sided,0.997351097178683,-2.69887412293219,-2.75261954935272,-0.0523508900355676,BL/T12,ns,ns,ns/ns,UR
Anaerotruncus_colihominis,0.0598440288660725,Value,BL,T12,20,20,120,0.596,-0.178688926159904,0.332239574331725,Wilcoxon,two.sided,0.967564444444444,-2.76141505070767,-2.8025520716803,-0.0403134053444242,BL/T12,ns,ns,ns/ns,UR
Bacteroides_caccae,0.20585184963923,Value,BL,T12,20,20,149,0.105,-0.0501418636334565,0.390542335129587,Wilcoxon,two.sided,0.8925,-2.45232930403041,-2.59885423631425,-0.13673556951098,BL/T12,ns,ns,ns/ns,UR
Bacteroides_cellulosilyticus,0.141764211779509,Value,BL,T12,20,20,137,0.245,-0.113988133482963,0.40217449227557,Wilcoxon,two.sided,0.906483870967742,-2.6347965885942,-2.83999083068256,-0.186640750705641,BL/T12,ns,ns,ns/ns,UR
Bacteroides_clarus,0.0678314519840537,Value,BL,T12,20,20,123,0.522,-0.208430552215967,0.296668049112151,Wilcoxon,two.sided,0.967564444444444,-2.81740366622689,-2.86398868587999,-0.0455325015085165,BL/T12,ns,ns,ns/ns,UR
Bacteroides_congonensis,0.00842988924819643,Value,BL,T12,20,20,106,0.985,-0.239632633472283,0.275856833339823,Wilcoxon,two.sided,0.997351097178683,-2.73418642770289,-2.75819680118311,-0.0237266569177819,BL/T12,ns,ns,ns/ns,UR
Bacteroides_eggerthii,0.142723519967949,Value,BL,T12,20,20,140,0.202,-0.0943473235990271,0.330099788464906,Wilcoxon,two.sided,0.893780821917808,-2.515972462596,-2.64738792423598,-0.123469469769535,BL/T12,ns,ns,ns/ns,UR
Bacteroides_faecis,0.117711982237581,Value,BL,T12,20,20,126,0.452,-0.166975678227669,0.36641999688398,Wilcoxon,two.sided,0.95890625,-2.68994963740649,-2.78316180659089,-0.0891203067189376,BL/T12,ns,ns,ns/ns,UR
Bacteroides_finegoldii,0.00745949084694125,Value,BL,T12,20,20,109,0.898,-0.135611807746662,0.166714414947409,Wilcoxon,two.sided,0.98340127388535,-2.56618989744954,-2.51730312362426,0.0477293863390186,BL/T12,ns,ns,ns/ns,UR
Bacteroides_fragilis,0.0112823971566146,Value,BL,T12,20,20,107,0.956,-0.186836228535447,0.30349669022568,Wilcoxon,two.sided,0.98340127388535,-2.45534407352645,-2.50637075839411,-0.0497674815512412,BL/T12,ns,ns,ns/ns,UR
Bacteroides_intestinalis,0.0637932451563498,Value,BL,T12,20,20,118,0.648,-0.242102499181311,0.417956826221027,Wilcoxon,two.sided,0.967564444444444,-2.71069517524192,-2.82629337361246,-0.10939076182774,BL/T12,ns,ns,ns/ns,UR
Bacteroides_nordii,-0.174598025506196,Value,BL,T12,20,20,82,0.409,-0.493884517937281,0.252680749946815,Wilcoxon,two.sided,0.95890625,-2.83227128030618,-2.73800488903311,0.0900841764357289,BL/T12,ns,ns,ns/ns,UR
Bacteroides_ovatus,-0.0350937304779267,Value,BL,T12,20,20,89,0.571,-0.242260113303348,0.173488892381904,Wilcoxon,two.sided,0.967564444444444,-2.44803759232826,-2.40888262408175,0.0384078523392241,BL/T12,ns,ns,ns/ns,UR
Bacteroides_salyersiae,-0.171552246945827,Value,BL,T12,20,20,68,0.177,-0.438258634233134,0.0890396100170527,Wilcoxon,two.sided,0.893296875,-2.81180394697169,-2.58781382254754,0.202116115776659,BL/T12,ns,ns,ns/ns,UR
Bacteroides_sp_AF16_49,0.048562459743186,Value,BL,T12,20,20,122,0.546,-0.133198530293819,0.270866714091099,Wilcoxon,two.sided,0.967564444444444,-2.67966368280182,-2.6984536226335,-0.018615589547209,BL/T12,ns,ns,ns/ns,UR
Bacteroides_stercoris,-0.131747266508657,Value,BL,T12,20,20,75,0.277,-0.304389010682604,0.150407137286886,Wilcoxon,two.sided,0.940217821782178,-2.30689978225385,-2.20154508818775,0.100166273568476,BL/T12,ns,ns,ns/ns,UR
Bacteroides_thetaiotaomicron,-0.0155258637698828,Value,BL,T12,20,20,96,0.756,-0.22473940664817,0.175563381723218,Wilcoxon,two.sided,0.969,-2.46072022295179,-2.43879891396762,0.0216844917370131,BL/T12,ns,ns,ns/ns,UR
Bacteroides_uniformis,-0.0330241276748911,Value,BL,T12,20,20,84,0.452,-0.186094317162612,0.0869310460986331,Wilcoxon,two.sided,0.95890625,-2.09769251532797,-2.0264176147963,0.0688494350299991,BL/T12,ns,ns,ns/ns,UR
Bacteroides_xylanisolvens,0.0541727989502506,Value,BL,T12,20,20,117,0.674,-0.129260341295646,0.247483236586293,Wilcoxon,two.sided,0.967564444444444,-2.37985113446071,-2.5426143856486,-0.15079928547759,BL/T12,ns,ns,ns/ns,UR
Barnesiella_intestinihominis,-0.0753331491797808,Value,BL,T12,20,20,94,0.701,-0.328325943788882,0.222116823556288,Wilcoxon,two.sided,0.969,-2.85293213646794,-2.73008306054088,0.115869273071119,BL/T12,ns,ns,ns/ns,UR
Bifidobacterium_adolescentis,-0.056463459491518,Value,BL,T12,20,20,95,0.729,-0.309541353559703,0.244225577204917,Wilcoxon,two.sided,0.969,-2.84027016702638,-2.82892819406019,0.0112781350360355,BL/T12,ns,ns,ns/ns,UR
Bifidobacterium_bifidum,-0.039149976523877,Value,BL,T12,20,20,97,0.784,-0.320000898994558,0.254887410832361,Wilcoxon,two.sided,0.981519379844961,-2.78758428948936,-2.79729988059216,-0.00966869823089031,BL/T12,ns,ns,ns/ns,UR
Bifidobacterium_longum,-0.0495328779014887,Value,BL,T12,20,20,98,0.812,-0.333867623109261,0.351911782669481,Wilcoxon,two.sided,0.98340127388535,-2.7256720243879,-2.71884408039985,0.00680473914618521,BL/T12,ns,ns,ns/ns,UR
Bifidobacterium_pseudocatenulatum,0.19421683664257,Value,BL,T12,20,20,153,0.0759,-0.00987617359413329,0.462843240168853,Wilcoxon,two.sided,0.86063870967742,-2.5619915781855,-2.82646188603977,-0.23465330551907,BL/T12,ns,ns,ns/ns,UR
Bilophila_wadsworthia,-0.105580553772371,Value,BL,T12,20,20,79,0.349,-0.325364533777016,0.0976316770999501,Wilcoxon,two.sided,0.95890625,-2.76133011574588,-2.56072758164383,0.18282354252974,BL/T12,ns,ns,ns/ns,UR
Blautia_caecimuris,-0.183061724964214,Value,BL,T12,20,20,65,0.143,-0.450992648984302,0.0663446028639445,Wilcoxon,two.sided,0.893296875,-2.94141518069834,-2.75722036751835,0.169063061085676,BL/T12,ns,ns,ns/ns,UR
Blautia_faecicola,-0.0556719925968779,Value,BL,T12,20,20,94,0.701,-0.256286782785601,0.209568202146416,Wilcoxon,two.sided,0.969,-2.71938549867543,-2.68663151295588,0.0322290066138982,BL/T12,ns,ns,ns/ns,UR
Blautia_faecis,0.136450740315262,Value,BL,T12,20,20,136,0.261,-0.101519227554657,0.342576177593498,Wilcoxon,two.sided,0.906483870967742,-2.67683565825944,-2.8130022340048,-0.127659943127969,BL/T12,ns,ns,ns/ns,UR
Blautia_glucerasea,0.0730779568032699,Value,BL,T12,20,20,119,0.622,-0.200931444443298,0.347180948250274,Wilcoxon,two.sided,0.967564444444444,-2.71596347455048,-2.77038778904545,-0.0529949445296017,BL/T12,ns,ns,ns/ns,UR
Blautia_hansenii,0.0773227945526678,Value,BL,T12,20,20,126,0.452,-0.114364939794815,0.273981671544592,Wilcoxon,two.sided,0.95890625,-2.72464958439229,-2.80548068993161,-0.0777302873564121,BL/T12,ns,ns,ns/ns,UR
Blautia_luti,0.0292882714151401,Value,BL,T12,20,20,111,0.841,-0.280742418233696,0.408504167935686,Wilcoxon,two.sided,0.98340127388535,-2.67333751014894,-2.72545646027107,-0.0508061783818329,BL/T12,ns,ns,ns/ns,UR
Blautia_massiliensis,0.109335125547087,Value,BL,T12,20,20,120,0.596,-0.176802077389728,0.333248249328977,Wilcoxon,two.sided,0.967564444444444,-2.6818896767053,-2.7349890196514,-0.0517375714806586,BL/T12,ns,ns,ns/ns,UR
Blautia_obeum,-0.0766060508099433,Value,BL,T12,20,20,85,0.475,-0.332400633204851,0.197925924613673,Wilcoxon,two.sided,0.95890625,-2.68411593336975,-2.63777773100873,0.0452966426001354,BL/T12,ns,ns,ns/ns,UR
Blautia_sp_MSK_20_85,0.0939205930856153,Value,BL,T12,20,20,110,0.869,-0.491154437251991,0.46418119532946,Wilcoxon,two.sided,0.98340127388535,-2.95602932999951,-2.93881665757146,0.0170662126361309,BL/T12,ns,ns,ns/ns,UR
Blautia_stercoris,0.00884362286855245,Value,BL,T12,20,20,105,1,-0.313336269624977,0.258555937517022,Wilcoxon,two.sided,1,-2.76566745321638,-2.76483424560642,0.000832860685195074,BL/T12,ns,ns,ns/ns,UR
Blautia_wexlerae,0.00732370791773795,Value,BL,T12,20,20,109,0.898,-0.121233103864809,0.142292048968691,Wilcoxon,two.sided,0.98340127388535,-2.39493694043099,-2.43173049019844,-0.036132825307412,BL/T12,ns,ns,ns/ns,UR
Butyricicoccus_sp_AM29_23AC,-0.144564320344935,Value,BL,T12,20,20,70,0.202,-0.414516171354649,0.101159831901236,Wilcoxon,two.sided,0.893780821917808,-2.73761149500558,-2.59498311935173,0.133331201284693,BL/T12,ns,ns,ns/ns,UR
Butyricimonas_faecihominis,0.110794215843623,Value,BL,T12,20,20,122,0.546,-0.248820303110603,0.463635700250215,Wilcoxon,two.sided,0.967564444444444,-2.83419051832719,-2.97090514506799,-0.128142195350797,BL/T12,ns,ns,ns/ns,UR
Butyricimonas_paravirosa,0.00742984731494545,Value,BL,T12,20,20,107,0.956,-0.352955530675493,0.340902372167751,Wilcoxon,two.sided,0.98340127388535,-2.78006086068464,-2.78301327840281,-0.00294806789254938,BL/T12,ns,ns,ns/ns,UR
Butyricimonas_SGB15260,-0.30001997411798,Value,BL,T12,20,20,53,0.0532,-0.715531071637511,0.00107160832409026,Wilcoxon,two.sided,0.86063870967742,-2.97811570196679,-2.55462475994646,0.353112264540666,BL/T12,ns,ns,ns/ns,UR
Butyricimonas_sp_Marseille_P3923,-0.0849803553151357,Value,BL,T12,20,20,84,0.452,-0.285861231213318,0.12184247417637,Wilcoxon,two.sided,0.95890625,-2.69611140695491,-2.68913901613518,0.00694819610110984,BL/T12,ns,ns,ns/ns,UR
Butyricimonas_virosa,-0.210447663421384,Value,BL,T12,20,20,42,0.0172,-0.36734570461794,-0.0458192020851493,Wilcoxon,two.sided,0.7752,-2.76606096909201,-2.55795383431545,0.189054783309038,BL/T12,ns,*,*/ns,UR
Candidatus_Cibionibacter_quicibialis,-0.130415856427427,Value,BL,T12,20,20,65,0.143,-0.334194185722296,0.0796678105662845,Wilcoxon,two.sided,0.893296875,-2.60591975832287,-2.4306106539451,0.161531180555473,BL/T12,ns,ns,ns/ns,UR
Catenibacterium_SGB4425,0.144412474725307,Value,BL,T12,20,20,120,0.596,-0.234208089037439,0.506280290573131,Wilcoxon,two.sided,0.967564444444444,-2.89756227387417,-3.00430720874661,-0.101423216041766,BL/T12,ns,ns,ns/ns,UR
Clostridiaceae_bacterium,-0.0548257018543449,Value,BL,T12,20,20,88,0.546,-0.295557280030248,0.159490951580829,Wilcoxon,two.sided,0.967564444444444,-2.68799308247764,-2.6152241522154,0.0702430912145708,BL/T12,ns,ns,ns/ns,UR
Clostridiaceae_bacterium_AF18_31LB,0.00154847779103917,Value,BL,T12,20,20,105,1,-0.287331646039563,0.292800477335955,Wilcoxon,two.sided,1,-2.65906411035066,-2.66827986384988,-0.00917354755117817,BL/T12,ns,ns,ns/ns,UR
Clostridiaceae_bacterium_Marseille_Q3526,0.190591799275079,Value,BL,T12,20,20,139,0.216,-0.111331669980613,0.468965928962559,Wilcoxon,two.sided,0.906483870967742,-2.73978044903986,-2.94272507582435,-0.184772406660087,BL/T12,ns,ns,ns/ns,UR
Clostridiaceae_bacterium_Marseille_Q4143,-0.0305124059935952,Value,BL,T12,20,20,99,0.841,-0.342044208759671,0.375775418610779,Wilcoxon,two.sided,0.98340127388535,-2.71681784683549,-2.80920099678756,-0.0883616857017352,BL/T12,ns,ns,ns/ns,UR
Clostridiaceae_bacterium_Marseille_Q4145,-0.205111661283828,Value,BL,T12,20,20,74,0.261,-0.62530055055555,0.172813457302975,Wilcoxon,two.sided,0.906483870967742,-3.01701762480775,-2.80113767670949,0.19546805177727,BL/T12,ns,ns,ns/ns,UR
Clostridiaceae_bacterium_Marseille_Q4149,0.187112788303798,Value,BL,T12,20,20,154,0.0696,-0.0121147768007028,0.336589112650448,Wilcoxon,two.sided,0.86063870967742,-2.72311491114968,-2.87413902491734,-0.140652079796273,BL/T12,ns,ns,ns/ns,UR
Clostridiaceae_unclassified_SGB4771,-0.118966481764329,Value,BL,T12,20,20,85,0.475,-0.505013624189488,0.227330697989476,Wilcoxon,two.sided,0.95890625,-2.88673775205007,-2.76452926666256,0.115298605692274,BL/T12,ns,ns,ns/ns,UR
Clostridiales_bacterium,-0.0217085483052972,Value,BL,T12,20,20,96,0.756,-0.158354199882659,0.142369212370085,Wilcoxon,two.sided,0.969,-2.64585882797112,-2.67738643597831,-0.0310408180834465,BL/T12,ns,ns,ns/ns,UR
Clostridiales_bacterium_Choco116,0.0240296598836771,Value,BL,T12,20,20,115,0.729,-0.18706656946311,0.251952765310681,Wilcoxon,two.sided,0.969,-2.69992519555597,-2.72174826132678,-0.0215883513246915,BL/T12,ns,ns,ns/ns,UR
Clostridiales_bacterium_KLE1615,0.043325020686875,Value,BL,T12,20,20,109,0.898,-0.247943460968792,0.307374529268132,Wilcoxon,two.sided,0.98340127388535,-2.60526054957793,-2.6423220430167,-0.036391226851615,BL/T12,ns,ns,ns/ns,UR
Clostridium_butyricum,-0.0337423669693757,Value,BL,T12,20,20,93,0.674,-0.21059444341987,0.205763092736857,Wilcoxon,two.sided,0.967564444444444,-2.74725331738334,-2.77268408905242,-0.0251127893467576,BL/T12,ns,ns,ns/ns,UR
Clostridium_fessum,0.108628317804545,Value,BL,T12,20,20,141,0.189,-0.0457751556308488,0.273296382300605,Wilcoxon,two.sided,0.893780821917808,-2.52643590985101,-2.64622211527705,-0.113137779073097,BL/T12,ns,ns,ns/ns,UR
Clostridium_leptum,-0.00406857686205075,Value,BL,T12,20,20,103,0.956,-0.193081280562103,0.239576525372269,Wilcoxon,two.sided,0.98340127388535,-2.76151203882001,-2.79843419592647,-0.0362568609587218,BL/T12,ns,ns,ns/ns,UR
Clostridium_SGB4750,0.263500472479123,Value,BL,T12,20,20,166,0.0215,0.0426473714752147,0.458473496396336,Wilcoxon,two.sided,0.7752,-2.54573046174745,-2.77917769339153,-0.209812876699764,BL/T12,ns,*,*/ns,UR
Clostridium_SGB4751,-0.0626758855518056,Value,BL,T12,20,20,86,0.498,-0.434657791593174,0.323939587632661,Wilcoxon,two.sided,0.967564444444444,-2.74866976861787,-2.71902092085078,0.0292178196156069,BL/T12,ns,ns,ns/ns,UR
Clostridium_SGB6179,-0.0250991712804283,Value,BL,T12,20,20,96,0.756,-0.184555600351532,0.130508048419304,Wilcoxon,two.sided,0.969,-2.72354788711031,-2.70579177041061,0.0176003184047048,BL/T12,ns,ns,ns/ns,UR
Clostridium_sp_1001270H_150608_G6,0.332224336815288,Value,BL,T12,20,20,165,0.024,0.0503610123031204,0.609147046397744,Wilcoxon,two.sided,0.7752,-2.71834235473039,-3.04241255030047,-0.280710473911599,BL/T12,ns,*,*/ns,UR
Clostridium_sp_AF12_28,-0.0708342660480449,Value,BL,T12,20,20,87,0.522,-0.233581554648902,0.210483829199844,Wilcoxon,two.sided,0.967564444444444,-2.70782659704135,-2.71985252807767,-0.011954194090665,BL/T12,ns,ns,ns/ns,UR
Clostridium_sp_AF20_17LB,-0.327215165042144,Value,BL,T12,20,20,52,0.0484,-0.643142065233015,-0.00587071676170714,Wilcoxon,two.sided,0.86063870967742,-2.94891467459911,-2.64286270560255,0.267008822556072,BL/T12,ns,*,*/ns,UR
Clostridium_sp_AF27_2AA,0.0551572088507324,Value,BL,T12,20,20,113,0.784,-0.215653722847787,0.300893523135132,Wilcoxon,two.sided,0.981519379844961,-2.70698029055129,-2.74096364061114,-0.0334186734999608,BL/T12,ns,ns,ns/ns,UR
Clostridium_sp_AF34_10BH,-0.0979926859939454,Value,BL,T12,20,20,83,0.43,-0.326069147379798,0.144817062765678,Wilcoxon,two.sided,0.95890625,-2.51297980203263,-2.48753021733308,0.025131135644158,BL/T12,ns,ns,ns/ns,UR
Clostridium_sp_AF34_13,-0.144972938723013,Value,BL,T12,20,20,73,0.245,-0.438661074080949,0.147709503267812,Wilcoxon,two.sided,0.906483870967742,-2.81832205242209,-2.6668261039842,0.141061921764284,BL/T12,ns,ns,ns/ns,UR
Clostridium_sp_AF36_4,-0.0575818499023206,Value,BL,T12,20,20,72,0.231,-0.241680514540802,0.0454093429432281,Wilcoxon,two.sided,0.906483870967742,-2.66830319603687,-2.59485499262317,0.0708760869757861,BL/T12,ns,ns,ns/ns,UR
Clostridium_sp_AM22_11AC,0.0435928916503976,Value,BL,T12,20,20,118,0.648,-0.179665719204025,0.26377838729132,Wilcoxon,two.sided,0.967564444444444,-2.63605233311744,-2.69425633719104,-0.0565731353340681,BL/T12,ns,ns,ns/ns,UR
Clostridium_sp_AM33_3,0.131608534564635,Value,BL,T12,20,20,135,0.277,-0.0965177693490142,0.407400704719412,Wilcoxon,two.sided,0.940217821782178,-2.61088160513791,-2.79551078663792,-0.169429798611007,BL/T12,ns,ns,ns/ns,UR
Clostridium_sp_AM42_4,-0.139079267597191,Value,BL,T12,20,20,67,0.165,-0.390526161922657,0.0537420914963966,Wilcoxon,two.sided,0.893296875,-2.93321556765326,-2.76282216969853,0.157339929862628,BL/T12,ns,ns,ns/ns,UR
Clostridium_sp_AM49_4BH,0.209954110109706,Value,BL,T12,20,20,144,0.154,-0.0838817495621373,0.4979798753877,Wilcoxon,two.sided,0.893296875,-2.8097595010033,-3.01011775453554,-0.182620056848582,BL/T12,ns,ns,ns/ns,UR
Clostridium_sp_AT4,-0.0258731559437348,Value,BL,T12,20,20,98,0.812,-0.248015674450133,0.176708242082629,Wilcoxon,two.sided,0.98340127388535,-2.65914637127402,-2.61789006225734,0.0404279735601958,BL/T12,ns,ns,ns/ns,UR
Clostridium_symbiosum,0.0112042116090796,Value,BL,T12,20,20,107,0.956,-0.185378310727844,0.23111005968243,Wilcoxon,two.sided,0.98340127388535,-2.74524470113925,-2.7933677130814,-0.0470009568180048,BL/T12,ns,ns,ns/ns,UR
Collinsella_aerofaciens,0.0891007504547348,Value,BL,T12,20,20,127,0.43,-0.101825873912919,0.28017443430303,Wilcoxon,two.sided,0.95890625,-2.66247830405039,-2.74611744529475,-0.080324952064403,BL/T12,ns,ns,ns/ns,UR
Collinsella_SGB14861,0.069796271686713,Value,BL,T12,20,20,134,0.294,-0.07666062693675,0.291214534695943,Wilcoxon,two.sided,0.940217821782178,-2.64266229839126,-2.78884181141761,-0.136434249154745,BL/T12,ns,ns,ns/ns,UR
Collinsella_SGB4121,0.0169260717696099,Value,BL,T12,20,20,110,0.869,-0.273004537579402,0.327060482888364,Wilcoxon,two.sided,0.98340127388535,-2.88530482195617,-2.91946030597371,-0.0335851361718626,BL/T12,ns,ns,ns/ns,UR
Coprobacillus_cateniformis,0.213007589822385,Value,BL,T12,20,20,150,0.0973,-0.0387872750350682,0.496048708386277,Wilcoxon,two.sided,0.8925,-2.58362011993898,-2.83019730650748,-0.220401544702528,BL/T12,ns,ns,ns/ns,UR
Coprobacter_fastidiosus,0.0616204331562387,Value,BL,T12,20,20,120,0.596,-0.242084223161178,0.418988881864556,Wilcoxon,two.sided,0.967564444444444,-2.80861597406728,-2.9230577518628,-0.108353631829144,BL/T12,ns,ns,ns/ns,UR
Coprobacter_secundus,-0.21834735049548,Value,BL,T12,20,20,73,0.245,-0.550622037627279,0.167906107897697,Wilcoxon,two.sided,0.906483870967742,-2.90285355023561,-2.72147452493496,0.166682421628639,BL/T12,ns,ns,ns/ns,UR
Coprococcus_catus,0.141334426783933,Value,BL,T12,20,20,124,0.498,-0.240518577679765,0.447381348000934,Wilcoxon,two.sided,0.967564444444444,-2.8941438295225,-2.97882778369197,-0.0812886580805251,BL/T12,ns,ns,ns/ns,UR
Coprococcus_comes,-0.223113837812939,Value,BL,T12,20,20,58,0.0826,-0.466441577594507,0.0277586328587409,Wilcoxon,two.sided,0.86063870967742,-2.84453091273763,-2.59537624372097,0.222467057757366,BL/T12,ns,ns,ns/ns,UR
Coprococcus_eutactus,0.061743776639385,Value,BL,T12,20,20,115,0.729,-0.237377854402972,0.383927907189576,Wilcoxon,two.sided,0.969,-2.63537870749697,-2.73300318424162,-0.0931482779819497,BL/T12,ns,ns,ns/ns,UR
Coprococcus_SGB4669,-0.185798707258817,Value,BL,T12,20,20,70,0.202,-0.472518700754581,0.120590037334641,Wilcoxon,two.sided,0.893780821917808,-2.93108198701297,-2.77056625106617,0.148864506267137,BL/T12,ns,ns,ns/ns,UR
Desulfovibrio_piger,-0.0881591017827383,Value,BL,T12,20,20,89,0.571,-0.366689300464434,0.203382325043123,Wilcoxon,two.sided,0.967564444444444,-2.82776874765744,-2.74049967962688,0.0836691101947196,BL/T12,ns,ns,ns/ns,UR
Desulfovibrio_SGB5076,0.0404173106525881,Value,BL,T12,20,20,115,0.729,-0.207506035682348,0.305853943155321,Wilcoxon,two.sided,0.969,-2.69718868489187,-2.74836663827527,-0.0499113957194928,BL/T12,ns,ns,ns/ns,UR
Desulfovibrio_SGB5077,-0.313713409240022,Value,BL,T12,20,20,37,0.00944,-0.524448783453674,-0.0753908288911133,Wilcoxon,two.sided,0.7752,-2.79863707403791,-2.49177938088699,0.267625548186952,BL/T12,ns,**,**/ns,UR
Dialister_hominis,-0.124122946753509,Value,BL,T12,20,20,78,0.33,-0.29804777743952,0.129328443763845,Wilcoxon,two.sided,0.95890625,-2.77085274065992,-2.67015268907019,0.0959463879171317,BL/T12,ns,ns,ns/ns,UR
Dialister_invisus,0.0230795085477942,Value,BL,T12,20,20,111,0.841,-0.304110352873694,0.347916272181994,Wilcoxon,two.sided,0.98340127388535,-2.78786790523232,-2.81063052159369,-0.0225074134749464,BL/T12,ns,ns,ns/ns,UR
Dorea_formicigenerans,-0.0142981373865647,Value,BL,T12,20,20,101,0.898,-0.36288000555684,0.335873646781193,Wilcoxon,two.sided,0.98340127388535,-2.81424406900207,-2.80095308225339,0.0132034364840781,BL/T12,ns,ns,ns/ns,UR
Dorea_longicatena,0.0232631354600923,Value,BL,T12,20,20,111,0.841,-0.265497207930006,0.257261290553522,Wilcoxon,two.sided,0.98340127388535,-2.69203944109277,-2.69047899759007,0.0015592272758103,BL/T12,ns,ns,ns/ns,UR
Dorea_sp_AF36_15AT,0.0761115879541705,Value,BL,T12,20,20,118,0.648,-0.353625714913142,0.304702831797282,Wilcoxon,two.sided,0.967564444444444,-2.76516080405402,-2.75965751389495,0.00548820238739831,BL/T12,ns,ns,ns/ns,UR
Dysosmobacter_sp_BX15,-0.0660590387101534,Value,BL,T12,20,20,89,0.571,-0.31441481091792,0.158806565746424,Wilcoxon,two.sided,0.967564444444444,-2.80742034841124,-2.72030957766778,0.0835235079548941,BL/T12,ns,ns,ns/ns,UR
Dysosmobacter_sp_NSJ_60,-0.23531865574615,Value,BL,T12,20,20,56,0.0696,-0.516700377967751,0.0518684857188898,Wilcoxon,two.sided,0.86063870967742,-2.84849536979007,-2.61314103453496,0.21135784006655,BL/T12,ns,ns,ns/ns,UR
Dysosmobacter_welbionis,0.00136173955647989,Value,BL,T12,20,20,106,0.985,-0.194419849663135,0.216711878252434,Wilcoxon,two.sided,0.997351097178683,-2.65390451855341,-2.66110617675533,-0.0071758500948539,BL/T12,ns,ns,ns/ns,UR
Eggerthella_lenta,0.0767686801252486,Value,BL,T12,20,20,128,0.409,-0.105371148159654,0.367081409974914,Wilcoxon,two.sided,0.95890625,-2.70124272891089,-2.89642090789152,-0.178295278018095,BL/T12,ns,ns,ns/ns,UR
Eisenbergiella_massiliensis,0.0448139415040665,Value,BL,T12,20,20,117,0.674,-0.298122856341942,0.565160322646471,Wilcoxon,two.sided,0.967564444444444,-2.83540404255948,-2.99947163528643,-0.151920416976336,BL/T12,ns,ns,ns/ns,UR
Eisenbergiella_tayi,-0.203329322571699,Value,BL,T12,20,20,52,0.0484,-0.440212477784992,-0.000939550087057706,Wilcoxon,two.sided,0.86063870967742,-2.96480377750222,-2.75642467370893,0.189279877922481,BL/T12,ns,*,*/ns,UR
Enterobacter_hormaechei,-0.0322755758125512,Value,BL,T12,20,20,100,0.869,-0.447217289021973,0.293222696590042,Wilcoxon,two.sided,0.98340127388535,-2.88175431359493,-2.78377193554192,0.0934742938265057,BL/T12,ns,ns,ns/ns,UR
Enterobacter_kobei,-0.022333960948436,Value,BL,T12,20,20,101,0.898,-0.394788703213625,0.240940980616287,Wilcoxon,two.sided,0.98340127388535,-2.85421700434593,-2.78378435241126,0.0680629143498462,BL/T12,ns,ns,ns/ns,UR
Enterocloster_aldenensis,0.152801689467489,Value,BL,T12,20,20,145,0.143,-0.0427821427881421,0.351912804207792,Wilcoxon,two.sided,0.893296875,-2.60740062276597,-2.77598763943129,-0.15579534091503,BL/T12,ns,ns,ns/ns,UR
Enterocloster_asparagiformis,-0.0376466923523904,Value,BL,T12,20,20,101,0.898,-0.551011908074952,0.422742389249637,Wilcoxon,two.sided,0.98340127388535,-3.03072014911738,-2.93794644447419,0.0887191471759092,BL/T12,ns,ns,ns/ns,UR
Enterocloster_bolteae,0.113219987552429,Value,BL,T12,20,20,130,0.368,-0.189282716947702,0.394996405978938,Wilcoxon,two.sided,0.95890625,-2.64732959385797,-2.71355543772309,-0.0641251643409695,BL/T12,ns,ns,ns/ns,UR
Enterocloster_citroniae,0.100365662100814,Value,BL,T12,20,20,127,0.43,-0.226169646381331,0.348743160392032,Wilcoxon,two.sided,0.95890625,-2.75108077530281,-2.80834844622224,-0.0556879112713909,BL/T12,ns,ns,ns/ns,UR
Enterocloster_clostridioformis,-0.190687631224194,Value,BL,T12,20,20,46,0.0266,-0.41380978380354,-0.0313056563827199,Wilcoxon,two.sided,0.781072727272727,-2.83279100931643,-2.60697187544379,0.203609301241716,BL/T12,ns,*,*/ns,UR
Enterocloster_lavalensis,-0.0739870832942452,Value,BL,T12,20,20,96,0.756,-0.348794623919917,0.346446793143338,Wilcoxon,two.sided,0.969,-2.79720873223473,-2.85784796376308,-0.0588717749748898,BL/T12,ns,ns,ns/ns,UR
Enterocloster_SGB14313,-0.0594558235635944,Value,BL,T12,20,20,92,0.648,-0.39306788789563,0.162372116495123,Wilcoxon,two.sided,0.967564444444444,-2.8246933177234,-2.69945264488307,0.117996944189949,BL/T12,ns,ns,ns/ns,UR
Erysipelatoclostridium_ramosum,-0.207775353974579,Value,BL,T12,20,20,56,0.0696,-0.439092765233128,0.0184769108926766,Wilcoxon,two.sided,0.86063870967742,-2.86234199989363,-2.69363730352835,0.15589603840127,BL/T12,ns,ns,ns/ns,UR
Escherichia_coli,0.0592482622131436,Value,BL,T12,20,20,121,0.571,-0.157293406917641,0.308866736408191,Wilcoxon,two.sided,0.967564444444444,-2.43787452282997,-2.524521511869,-0.0830967983002595,BL/T12,ns,ns,ns/ns,UR
Eubacteriaceae_bacterium,-0.209769694387428,Value,BL,T12,20,20,61,0.105,-0.539260445814183,0.043762943445506,Wilcoxon,two.sided,0.8925,-2.90119405212001,-2.63111416987399,0.23907979789873,BL/T12,ns,ns,ns/ns,UR
Eubacteriales_unclassified_SGB15145,-0.0714289969460343,Value,BL,T12,20,20,87,0.522,-0.417049778360165,0.262532437826489,Wilcoxon,two.sided,0.967564444444444,-2.86494497357839,-2.78532713642979,0.076607124022818,BL/T12,ns,ns,ns/ns,UR
Eubacterium_ramulus,-0.0582029597686549,Value,BL,T12,20,20,95,0.729,-0.352668601801324,0.214940908291243,Wilcoxon,two.sided,0.969,-2.84410945377314,-2.77728146344734,0.0646897506322472,BL/T12,ns,ns,ns/ns,UR
Eubacterium_rectale,-0.0821237985746495,Value,BL,T12,20,20,89,0.571,-0.406370619813539,0.204054259971495,Wilcoxon,two.sided,0.967564444444444,-2.50463716918137,-2.40586333247071,0.0941948641716125,BL/T12,ns,ns,ns/ns,UR
Eubacterium_SGB6276,0.0674531147783254,Value,BL,T12,20,20,117,0.674,-0.296635307762339,0.41871540943579,Wilcoxon,two.sided,0.967564444444444,-2.75603188782095,-2.83340174336109,-0.0745227519793753,BL/T12,ns,ns,ns/ns,UR
Eubacterium_siraeum,0.0525101053471142,Value,BL,T12,20,20,111,0.841,-0.283937916480148,0.370638810599978,Wilcoxon,two.sided,0.98340127388535,-2.72415718103723,-2.75711864497432,-0.0324298844436737,BL/T12,ns,ns,ns/ns,UR
Eubacterium_sp_AF16_48,0.0575120091872896,Value,BL,T12,20,20,121,0.571,-0.200263428253771,0.325949568764054,Wilcoxon,two.sided,0.967564444444444,-2.72672244177978,-2.80627706812701,-0.0765485730710404,BL/T12,ns,ns,ns/ns,UR
Eubacterium_sp_AF34_35BH,0.127043041669619,Value,BL,T12,20,20,121,0.571,-0.329224455721882,0.59504451767066,Wilcoxon,two.sided,0.967564444444444,-2.82281913906911,-2.95226295305623,-0.121725311542662,BL/T12,ns,ns,ns/ns,UR
Eubacterium_ventriosum,-0.0595965762043945,Value,BL,T12,20,20,93,0.674,-0.292757100181373,0.172770555240389,Wilcoxon,two.sided,0.967564444444444,-2.69447586057206,-2.62494197872906,0.0672229291161309,BL/T12,ns,ns,ns/ns,UR
Evtepia_gabavorous,0.19120374131786,Value,BL,T12,20,20,145,0.143,-0.114819706335897,0.504268290726345,Wilcoxon,two.sided,0.893296875,-2.7472075815009,-3.01899608616778,-0.240424181177585,BL/T12,ns,ns,ns/ns,UR
Faecalibacillus_faecis,0.172762202774362,Value,BL,T12,20,20,143,0.165,-0.0807230085016877,0.387538116506977,Wilcoxon,two.sided,0.893296875,-2.73874259612923,-2.85508707201621,-0.110059486479914,BL/T12,ns,ns,ns/ns,UR
Faecalibacillus_intestinalis,-0.112531915676357,Value,BL,T12,20,20,82,0.409,-0.394560012809213,0.155960574245964,Wilcoxon,two.sided,0.95890625,-2.75103935189488,-2.63743372900919,0.107603059871986,BL/T12,ns,ns,ns/ns,UR
Faecalibacterium_prausnitzii,-0.0862568107644448,Value,BL,T12,20,20,80,0.368,-0.42641042396255,0.119117550466015,Wilcoxon,two.sided,0.95890625,-2.03310665376615,-1.85262125779278,0.165925706415129,BL/T12,ns,ns,ns/ns,UR
Faecalibacterium_SGB15315,-0.0838706017812909,Value,BL,T12,20,20,87,0.522,-0.329879542970924,0.196858971706929,Wilcoxon,two.sided,0.967564444444444,-2.83974565864556,-2.75201634423524,0.084092325577636,BL/T12,ns,ns,ns/ns,UR
Faecalibacterium_SGB15346,-0.015507037292578,Value,BL,T12,20,20,99,0.841,-0.253896083839925,0.1420967265316,Wilcoxon,two.sided,0.98340127388535,-2.56039542457283,-2.51140964982471,0.047823768548252,BL/T12,ns,ns,ns/ns,UR
Faecalicatena_fissicatena,0.0119010565699381,Value,BL,T12,20,20,109,0.898,-0.200852886285384,0.235518178400462,Wilcoxon,two.sided,0.98340127388535,-2.7299613452731,-2.75109675176656,-0.0209151518322278,BL/T12,ns,ns,ns/ns,UR
Faecalimonas_umbilicata,-0.146519579556932,Value,BL,T12,20,20,79,0.349,-0.396872538381751,0.186979570692372,Wilcoxon,two.sided,0.95890625,-2.94703804834284,-2.86804025507543,0.0760326411093188,BL/T12,ns,ns,ns/ns,UR
Firmicutes_bacterium_AF16_15,0.0377555264768298,Value,BL,T12,20,20,117,0.674,-0.276725155960382,0.256795916517299,Wilcoxon,two.sided,0.967564444444444,-2.69420961445217,-2.66826671569252,0.0256120909694608,BL/T12,ns,ns,ns/ns,UR
Flavonifractor_plautii,-0.0528640949501865,Value,BL,T12,20,20,90,0.596,-0.288904024386349,0.180230584296045,Wilcoxon,two.sided,0.967564444444444,-2.64941569454344,-2.59395612996826,0.0539762783115764,BL/T12,ns,ns,ns/ns,UR
Fusicatenibacter_saccharivorans,-0.227476857933772,Value,BL,T12,20,20,68,0.177,-0.470160042503178,0.0441053480712974,Wilcoxon,two.sided,0.893296875,-2.7026069134085,-2.45866711014611,0.21828360348571,BL/T12,ns,ns,ns/ns,UR
Fusobacterium_mortiferum,-0.193626823938584,Value,BL,T12,20,20,67,0.165,-0.432759427144101,0.0893296630908014,Wilcoxon,two.sided,0.893296875,-2.88873820542425,-2.7331194846556,0.144635889520827,BL/T12,ns,ns,ns/ns,UR
Fusobacterium_ulcerans,0.105613210668259,Value,BL,T12,20,20,130,0.368,-0.181421891178609,0.351497852540959,Wilcoxon,two.sided,0.95890625,-2.82721069633945,-2.90724691209804,-0.0769945736837034,BL/T12,ns,ns,ns/ns,UR
Fusobacterium_varium,-0.240233145353596,Value,BL,T12,20,20,63,0.123,-0.517378306438382,0.0720512889039095,Wilcoxon,two.sided,0.893296875,-2.87939139936868,-2.67180483551555,0.188623792466306,BL/T12,ns,ns,ns/ns,UR
Gemmiger_formicilis,-0.181642328519481,Value,BL,T12,20,20,74,0.261,-0.489856891521011,0.121296065733214,Wilcoxon,two.sided,0.906483870967742,-2.79908673303789,-2.58735097080553,0.19205384591765,BL/T12,ns,ns,ns/ns,UR
Gemmiger_SGB15295,0.0332499449288318,Value,BL,T12,20,20,118,0.648,-0.153691970230322,0.268950600467667,Wilcoxon,two.sided,0.967564444444444,-2.84740345846999,-2.90819355049149,-0.059014000305447,BL/T12,ns,ns,ns/ns,UR
GGB13493_SGB15238,-0.0908968422818243,Value,BL,T12,20,20,90,0.596,-0.419801690000653,0.271728752788437,Wilcoxon,two.sided,0.967564444444444,-2.83100460190113,-2.77225528734245,0.0570883195777047,BL/T12,ns,ns,ns/ns,UR
GGB1495_SGB2071,0.0293632112935165,Value,BL,T12,20,20,109,0.898,-0.285395229166985,0.292082663315441,Wilcoxon,two.sided,0.98340127388535,-2.7930701885734,-2.82349339619967,-0.0299695990435397,BL/T12,ns,ns,ns/ns,UR
GGB16040_SGB9347,-0.458223277879513,Value,BL,T12,20,20,48,0.0328,-0.938604058007975,-0.0254561856535682,Wilcoxon,two.sided,0.814953846153846,-3.22247729061084,-2.73501056327365,0.397074490010797,BL/T12,ns,*,*/ns,UR
GGB1663_SGB2279,-0.177723205964185,Value,BL,T12,20,20,61,0.105,-0.458131310314069,0.0468760115473053,Wilcoxon,two.sided,0.8925,-2.96109887577344,-2.72089153369645,0.215278576991096,BL/T12,ns,ns,ns/ns,UR
GGB2998_SGB3988,0.0290336760045566,Value,BL,T12,20,20,115,0.729,-0.214888253534272,0.240864861781385,Wilcoxon,two.sided,0.969,-2.70080136946714,-2.71981644063772,-0.0188365442887982,BL/T12,ns,ns,ns/ns,UR
GGB3175_SGB4191,0.000140983372602044,Value,BL,T12,20,20,105,1,-0.177100254483572,0.154517493641865,Wilcoxon,two.sided,1,-2.67672006058107,-2.66379802805478,0.0128392554004825,BL/T12,ns,ns,ns/ns,UR
GGB3256_SGB4303,0.131044428471157,Value,BL,T12,20,20,146,0.133,-0.0467720301293291,0.37926393982438,Wilcoxon,two.sided,0.893296875,-2.68572170569256,-2.889309039115,-0.185306541808805,BL/T12,ns,ns,ns/ns,UR
GGB3277_SGB4327,0.00532264926560733,Value,BL,T12,20,20,107,0.956,-0.177853025878141,0.230147408170344,Wilcoxon,two.sided,0.98340127388535,-2.5906637941776,-2.59837068198078,-0.00767734145321385,BL/T12,ns,ns,ns/ns,UR
GGB3278_SGB4328,-0.000372508903826674,Value,BL,T12,20,20,105,1,-0.25320466402222,0.213033459435344,Wilcoxon,two.sided,1,-2.69819572241348,-2.67215825178873,0.0257042671584508,BL/T12,ns,ns,ns/ns,UR
GGB3304_SGB4367,0.0230419687963814,Value,BL,T12,20,20,110,0.869,-0.22631987678006,0.243534300782204,Wilcoxon,two.sided,0.98340127388535,-2.81272391961605,-2.82307567716078,-0.0102985450163469,BL/T12,ns,ns,ns/ns,UR
GGB3321_SGB4394,0.259373640539588,Value,BL,T12,20,20,159,0.0441,0.00350529985945425,0.536540804614397,Wilcoxon,two.sided,0.86063870967742,-2.71117062090198,-3.00329348767464,-0.256286498960119,BL/T12,ns,*,*/ns,UR
GGB33469_SGB15236,0.00766879972807488,Value,BL,T12,20,20,107,0.956,-0.276607246630943,0.244127543268903,Wilcoxon,two.sided,0.98340127388535,-2.85740261062194,-2.82066561128,0.036078280246041,BL/T12,ns,ns,ns/ns,UR
GGB3363_SGB4447,-0.0273006441962825,Value,BL,T12,20,20,94,0.701,-0.165058044199313,0.135786269635092,Wilcoxon,two.sided,0.969,-2.66361243403021,-2.68479644425964,-0.0209627484379175,BL/T12,ns,ns,ns/ns,UR
GGB3363_SGB4448,0.00516980615171958,Value,BL,T12,20,20,106,0.985,-0.198359413951488,0.177693059012806,Wilcoxon,two.sided,0.997351097178683,-2.83379436920679,-2.81390000618645,0.0196990562665536,BL/T12,ns,ns,ns/ns,UR
GGB33928_SGB15225,0.146215616527269,Value,BL,T12,20,20,132,0.33,-0.150763515542049,0.671558933620603,Wilcoxon,two.sided,0.95890625,-2.694583331067,-2.94971986049477,-0.227244355055382,BL/T12,ns,ns,ns/ns,UR
GGB3486_SGB4658,0.0789498252786668,Value,BL,T12,20,20,119,0.622,-0.220227721567038,0.28035073111185,Wilcoxon,two.sided,0.967564444444444,-2.67699861371657,-2.72887228075166,-0.0505730187346453,BL/T12,ns,ns,ns/ns,UR
GGB3490_SGB4664,-0.0510876874156665,Value,BL,T12,20,20,100,0.869,-0.230654419530114,0.303991906427287,Wilcoxon,two.sided,0.98340127388535,-2.73130049303243,-2.76376265240908,-0.0319463956673051,BL/T12,ns,ns,ns/ns,UR
GGB3612_SGB4882,0.133756470559882,Value,BL,T12,20,20,126,0.452,-0.261223399997628,0.598552361199773,Wilcoxon,two.sided,0.95890625,-2.81043988489951,-2.97401827807275,-0.151500078519477,BL/T12,ns,ns,ns/ns,UR
GGB3619_SGB4894,0.232523069313638,Value,BL,T12,20,20,152,0.0826,-0.045883663576924,0.470438665134247,Wilcoxon,two.sided,0.86063870967742,-2.64142447708092,-2.88258876688707,-0.216049882477391,BL/T12,ns,ns,ns/ns,UR
GGB3632_SGB4921,0.232354480826552,Value,BL,T12,20,20,155,0.0637,-0.0210166708501831,0.445729919868438,Wilcoxon,two.sided,0.86063870967742,-2.55303935176983,-2.75158155017827,-0.181105983624531,BL/T12,ns,ns,ns/ns,UR
GGB3653_SGB4964,0.122734280133379,Value,BL,T12,20,20,127,0.43,-0.145175381542537,0.388930817797581,Wilcoxon,two.sided,0.95890625,-2.72535540862744,-2.85557152881254,-0.122408871237971,BL/T12,ns,ns,ns/ns,UR
GGB3746_SGB5089,-0.125425443659409,Value,BL,T12,20,20,85,0.475,-0.411908119962491,0.141647208388948,Wilcoxon,two.sided,0.95890625,-2.74732184297548,-2.64400155337876,0.0983240785332073,BL/T12,ns,ns,ns/ns,UR
GGB3815_SGB5180,0.349414246879735,Value,BL,T12,20,20,180,0.00365,0.0972647232607722,0.59145723967237,Wilcoxon,two.sided,0.7752,-2.64742045294028,-3.00880280710462,-0.308500620411306,BL/T12,ns,**,**/ns,UR
GGB3819_SGB5184,0.100470192894216,Value,BL,T12,20,20,131,0.349,-0.150247525613505,0.329438856450965,Wilcoxon,two.sided,0.95890625,-2.78477962845978,-2.85387564166709,-0.066813443919256,BL/T12,ns,ns,ns/ns,UR
GGB3828_SGB5197,0.255065880700784,Value,BL,T12,20,20,156,0.0583,-0.0054955935131058,0.573302237429275,Wilcoxon,two.sided,0.86063870967742,-2.53736995893481,-2.90133396523614,-0.310395170730963,BL/T12,ns,ns,ns/ns,UR
GGB42994_SGB4746,-0.0508042980951493,Value,BL,T12,20,20,92,0.648,-0.267841903222831,0.201564556798716,Wilcoxon,two.sided,0.967564444444444,-2.78201136884737,-2.74270035483601,0.0385580070845743,BL/T12,ns,ns,ns/ns,UR
GGB4578_SGB6328,-0.0898244314589677,Value,BL,T12,20,20,88,0.546,-0.380155570588175,0.254549521897226,Wilcoxon,two.sided,0.967564444444444,-2.90519792093982,-2.86858985546382,0.0359539074454981,BL/T12,ns,ns,ns/ns,UR
GGB4596_SGB6358,-0.142504027239662,Value,BL,T12,20,20,80,0.368,-0.410968745967283,0.229481922623951,Wilcoxon,two.sided,0.95890625,-2.85379753225993,-2.7992364039213,0.0531246882832348,BL/T12,ns,ns,ns/ns,UR
GGB4599_SGB6362,0.0987501580187091,Value,BL,T12,20,20,128,0.409,-0.153740002986461,0.398598583974822,Wilcoxon,two.sided,0.95890625,-2.86612482387446,-3.05448201267139,-0.17257183972058,BL/T12,ns,ns,ns/ns,UR
GGB4605_SGB6376,0.0252789840813897,Value,BL,T12,20,20,108,0.927,-0.370446351882834,0.41458261779213,Wilcoxon,two.sided,0.98340127388535,-2.8717933123788,-2.94833764501027,-0.0737562191679692,BL/T12,ns,ns,ns/ns,UR
GGB4651_SGB6438,0.0510019351955175,Value,BL,T12,20,20,110,0.869,-0.207473495561486,0.298432890911933,Wilcoxon,two.sided,0.98340127388535,-2.85442402069761,-2.8894809506002,-0.0344564299414314,BL/T12,ns,ns,ns/ns,UR
GGB4684_SGB6478,0.118867716507423,Value,BL,T12,20,20,134,0.294,-0.112642245130825,0.557415664202734,Wilcoxon,two.sided,0.940217821782178,-2.74195235138266,-2.93186448057353,-0.173879463380977,BL/T12,ns,ns,ns/ns,UR
GGB51269_SGB5062,0.0233137892966695,Value,BL,T12,20,20,114,0.756,-0.260931625720855,0.204989620372704,Wilcoxon,two.sided,0.969,-2.88482606844666,-2.85492887275879,0.0294589872484183,BL/T12,ns,ns,ns/ns,UR
GGB51647_SGB4348,-0.063485867717812,Value,BL,T12,20,20,96,0.756,-0.485113254926165,0.354030205600888,Wilcoxon,two.sided,0.969,-2.71350057943009,-2.63405961825863,0.0764432785752773,BL/T12,ns,ns,ns/ns,UR
GGB51884_SGB49168,-0.13149565524254,Value,BL,T12,20,20,86,0.498,-0.54448885161992,0.173173788706471,Wilcoxon,two.sided,0.967564444444444,-2.86148482586034,-2.66604383616699,0.178515146341095,BL/T12,ns,ns,ns/ns,UR
GGB53985_SGB6367,-0.105819892605743,Value,BL,T12,20,20,84,0.452,-0.321169602270105,0.145721256107636,Wilcoxon,two.sided,0.95890625,-2.96651579391779,-2.81251984671949,0.143230656119862,BL/T12,ns,ns,ns/ns,UR
GGB58714_SGB5072,-0.147503146800985,Value,BL,T12,20,20,72,0.231,-0.449958270324617,0.096826550911193,Wilcoxon,two.sided,0.906483870967742,-2.90123626052424,-2.71525171551171,0.170573269303892,BL/T12,ns,ns,ns/ns,UR
GGB6569_SGB9281,0.179586483706133,Value,BL,T12,20,20,142,0.177,-0.056040873926642,0.455675571718804,Wilcoxon,two.sided,0.893296875,-2.66735859640541,-2.86907452804951,-0.183750478435732,BL/T12,ns,ns,ns/ns,UR
GGB79734_SGB15291,0.132701271388051,Value,BL,T12,20,20,138,0.231,-0.103599526081407,0.44243584696844,Wilcoxon,two.sided,0.906483870967742,-2.73546377998247,-2.85894537824018,-0.116432433566264,BL/T12,ns,ns,ns/ns,UR
GGB79916_SGB4587,0.162733291171612,Value,BL,T12,20,20,140,0.202,-0.139400131508845,0.396557835534047,Wilcoxon,two.sided,0.893780821917808,-2.63034965613795,-2.77417632823406,-0.134379371073246,BL/T12,ns,ns,ns/ns,UR
GGB80011_SGB15265,-0.12224178936498,Value,BL,T12,20,20,76,0.294,-0.339854319791977,0.0875369612048424,Wilcoxon,two.sided,0.940217821782178,-2.80399255271302,-2.66394996213176,0.131065621867531,BL/T12,ns,ns,ns/ns,UR
GGB80011_SGB15267,-0.116142254395503,Value,BL,T12,20,20,85,0.475,-0.468686766670563,0.204629628040033,Wilcoxon,two.sided,0.95890625,-2.84379632074563,-2.68608224133432,0.146447439692532,BL/T12,ns,ns,ns/ns,UR
GGB9061_SGB13979,0.0906675449656096,Value,BL,T12,20,20,126,0.452,-0.155089257418009,0.329730120777733,Wilcoxon,two.sided,0.95890625,-2.6798645367492,-2.78247531301553,-0.0976808006304309,BL/T12,ns,ns,ns/ns,UR
GGB9062_SGB13981,-0.0820950955697928,Value,BL,T12,20,20,94,0.701,-0.444968086889697,0.336214846876938,Wilcoxon,two.sided,0.969,-2.9263229187153,-2.90076662904287,0.0252351870018906,BL/T12,ns,ns,ns/ns,UR
GGB9063_SGB13982,0.0146686308951898,Value,BL,T12,20,20,109,0.898,-0.20302305695641,0.22138883536001,Wilcoxon,two.sided,0.98340127388535,-2.79843501912564,-2.80786029286298,-0.0093811329871697,BL/T12,ns,ns,ns/ns,UR
GGB9302_SGB14263,-0.0223188630984696,Value,BL,T12,20,20,101,0.898,-0.364392079190596,0.1558474012417,Wilcoxon,two.sided,0.98340127388535,-2.9060225147788,-2.85178569202113,0.0528171144036683,BL/T12,ns,ns,ns/ns,UR
GGB9342_SGB14306,0.0221064727726132,Value,BL,T12,20,20,107,0.956,-0.215971398648124,0.31013988605329,Wilcoxon,two.sided,0.98340127388535,-2.70108110267298,-2.76668497836036,-0.0635416578913868,BL/T12,ns,ns,ns/ns,UR
GGB9345_SGB14311,-0.0297649647825955,Value,BL,T12,20,20,101,0.898,-0.369851832236637,0.397750776593525,Wilcoxon,two.sided,0.98340127388535,-2.85929579594082,-2.89398968695342,-0.0341056254967133,BL/T12,ns,ns,ns/ns,UR
GGB9480_SGB14874,0.143757033476237,Value,BL,T12,20,20,127,0.43,-0.16560238986617,0.512499644125832,Wilcoxon,two.sided,0.95890625,-2.79969928120404,-2.97996289903748,-0.165737818470002,BL/T12,ns,ns,ns/ns,UR
GGB9524_SGB14924,-0.180082347515452,Value,BL,T12,20,20,70,0.202,-0.485305451124834,0.151804547241007,Wilcoxon,two.sided,0.893780821917808,-2.82508871890785,-2.6642383433035,0.149152818962157,BL/T12,ns,ns,ns/ns,UR
GGB9593_SGB15015,-0.182045498070631,Value,BL,T12,20,20,68,0.177,-0.42061991480475,0.0840963007614179,Wilcoxon,two.sided,0.893296875,-2.96543087390556,-2.79427661367261,0.157989809699442,BL/T12,ns,ns,ns/ns,UR
GGB9595_SGB15019,-0.108281767216169,Value,BL,T12,20,20,78,0.33,-0.358998575921206,0.106450834694412,Wilcoxon,two.sided,0.95890625,-2.84049348846638,-2.68168872541479,0.147389097235637,BL/T12,ns,ns,ns/ns,UR
GGB9602_SGB15028,0.162053611244872,Value,BL,T12,20,20,130,0.368,-0.158384627214838,0.610060786371822,Wilcoxon,two.sided,0.95890625,-2.76354101155737,-2.99733295575945,-0.210092308514575,BL/T12,ns,ns,ns/ns,UR
GGB9602_SGB15031,-0.116642654912985,Value,BL,T12,20,20,81,0.388,-0.438449228807184,0.12919402984808,Wilcoxon,two.sided,0.95890625,-2.96138470130789,-2.69529595131498,0.235932423944935,BL/T12,ns,ns,ns/ns,UR
GGB9614_SGB15049,0.0690799857126176,Value,BL,T12,20,20,119,0.622,-0.281851126002344,0.509553529108149,Wilcoxon,two.sided,0.967564444444444,-2.73537895312723,-2.8865987428009,-0.140822066917267,BL/T12,ns,ns,ns/ns,UR
GGB9616_SGB15051,0.0410566590926228,Value,BL,T12,20,20,114,0.756,-0.264620919467966,0.397863483017582,Wilcoxon,two.sided,0.969,-2.78432276037609,-2.87667884370288,-0.0883369078015947,BL/T12,ns,ns,ns/ns,UR
GGB9616_SGB15052,0.0789817326703516,Value,BL,T12,20,20,119,0.622,-0.215086634608451,0.308666077376344,Wilcoxon,two.sided,0.967564444444444,-2.75317196407803,-2.79142099275901,-0.0375356679934717,BL/T12,ns,ns,ns/ns,UR
GGB9627_SGB15081,0.00599314464477851,Value,BL,T12,20,20,107,0.956,-0.226470085098241,0.240156205803863,Wilcoxon,two.sided,0.98340127388535,-2.85715831097316,-2.8554651779539,0.00169170128540164,BL/T12,ns,ns,ns/ns,UR
GGB9634_SGB15093,0.0263823007649925,Value,BL,T12,20,20,109,0.898,-0.231854392692758,0.298574765635264,Wilcoxon,two.sided,0.98340127388535,-2.76124308841793,-2.81039233563332,-0.0479795949997388,BL/T12,ns,ns,ns/ns,UR
GGB9635_SGB15103,-0.040340389201033,Value,BL,T12,20,20,98,0.812,-0.322908146501946,0.213761012985938,Wilcoxon,two.sided,0.98340127388535,-2.75664304272167,-2.69860774284262,0.0564136976045158,BL/T12,ns,ns,ns/ns,UR
GGB9635_SGB15106,-0.124951064309032,Value,BL,T12,20,20,80,0.368,-0.44103863708223,0.166825631654056,Wilcoxon,two.sided,0.95890625,-2.87808076758885,-2.7429621087499,0.126737190701445,BL/T12,ns,ns,ns/ns,UR
GGB9677_SGB15180,-0.217095692105747,Value,BL,T12,20,20,61,0.105,-0.531052038934865,0.0783318998374072,Wilcoxon,two.sided,0.8925,-2.93129573454555,-2.69333077262556,0.213468871697106,BL/T12,ns,ns,ns/ns,UR
GGB9691_SGB15198,-0.0728277307396924,Value,BL,T12,20,20,89,0.571,-0.425881364775554,0.172382639618839,Wilcoxon,two.sided,0.967564444444444,-2.93034093634842,-2.75047476024363,0.165401021965474,BL/T12,ns,ns,ns/ns,UR
GGB9699_SGB15216,0.201500019719909,Value,BL,T12,20,20,146,0.133,-0.073490968666944,0.442583839987891,Wilcoxon,two.sided,0.893296875,-2.62472235978344,-2.783487039113,-0.147354506063261,BL/T12,ns,ns,ns/ns,UR
GGB9707_SGB15229,0.134639677950334,Value,BL,T12,20,20,152,0.0826,-0.0154124801727251,0.339731109559083,Wilcoxon,two.sided,0.86063870967742,-2.63290534168637,-2.77320068924917,-0.131287305661274,BL/T12,ns,ns,ns/ns,UR
GGB9708_SGB15233,-0.0259335509204711,Value,BL,T12,20,20,99,0.841,-0.278228629070155,0.247566286096966,Wilcoxon,two.sided,0.98340127388535,-2.84703646842042,-2.81928201613002,0.0273762788617711,BL/T12,ns,ns,ns/ns,UR
GGB9708_SGB15234,-0.0296022071518265,Value,BL,T12,20,20,97,0.784,-0.404233605996145,0.207643394268157,Wilcoxon,two.sided,0.981519379844961,-2.80510146789371,-2.71730797112464,0.0841513296555835,BL/T12,ns,ns,ns/ns,UR
GGB9712_SGB15244,0.0689906603721856,Value,BL,T12,20,20,121,0.571,-0.136721741219217,0.321224864095523,Wilcoxon,two.sided,0.967564444444444,-2.69404076799475,-2.83098035400724,-0.128340078803049,BL/T12,ns,ns,ns/ns,UR
GGB9713_SGB15249,-0.209122218456984,Value,BL,T12,20,20,65,0.143,-0.417731190490589,0.0362222728761088,Wilcoxon,two.sided,0.893296875,-2.97206021131648,-2.84887147918716,0.116171722302942,BL/T12,ns,ns,ns/ns,UR
GGB9747_SGB15356,0.0777756820113994,Value,BL,T12,20,20,122,0.546,-0.208147879556993,0.529455756462559,Wilcoxon,two.sided,0.967564444444444,-2.6452348030356,-2.82555307488992,-0.165784124019602,BL/T12,ns,ns,ns/ns,UR
GGB9758_SGB15368,-0.0551138636473542,Value,BL,T12,20,20,92,0.648,-0.536034401120185,0.284082801964678,Wilcoxon,two.sided,0.967564444444444,-2.91829338532264,-2.74935661190357,0.156094594987083,BL/T12,ns,ns,ns/ns,UR
GGB9760_SGB15373,0.238388546752415,Value,BL,T12,20,20,143,0.165,-0.130350069979101,0.642493991219429,Wilcoxon,two.sided,0.893296875,-2.76481108779794,-3.04180966884264,-0.244512465886662,BL/T12,ns,ns,ns/ns,UR
GGB9760_SGB15374,-0.0191516561957388,Value,BL,T12,20,20,103,0.956,-0.244870280808757,0.29904943870454,Wilcoxon,two.sided,0.98340127388535,-2.62339338958368,-2.67054739100315,-0.04607600934272,BL/T12,ns,ns,ns/ns,UR
GGB9813_SGB15447,0.0259288457437326,Value,BL,T12,20,20,114,0.756,-0.176901420105337,0.256576467233636,Wilcoxon,two.sided,0.969,-2.74996465377621,-2.78236509694467,-0.0318866181226534,BL/T12,ns,ns,ns/ns,UR
Haemophilus_parainfluenzae,0.0732141928681561,Value,BL,T12,20,20,125,0.475,-0.11373157388858,0.24768520541912,Wilcoxon,two.sided,0.95890625,-2.7275252269641,-2.72721322905605,0.000311949246814489,BL/T12,ns,ns,ns/ns,UR
Holdemanella_biformis,-0.129598801869834,Value,BL,T12,20,20,80,0.368,-0.454161472499118,0.127279595728202,Wilcoxon,two.sided,0.95890625,-2.78814035580769,-2.71393097635533,0.0715849300209826,BL/T12,ns,ns,ns/ns,UR
Holdemanella_porci,0.0952482835590462,Value,BL,T12,20,20,125,0.475,-0.163151603770568,0.387742403901095,Wilcoxon,two.sided,0.95890625,-2.68643628545368,-2.84295699891649,-0.145416113002641,BL/T12,ns,ns,ns/ns,UR
Holdemania_filiformis,0.18828973785723,Value,BL,T12,20,20,142,0.177,-0.136250749087415,0.491469780987557,Wilcoxon,two.sided,0.893296875,-2.70476695734418,-2.88623851716576,-0.166760746108037,BL/T12,ns,ns,ns/ns,UR
Holdemania_massiliensis,-0.138733716989493,Value,BL,T12,20,20,87,0.522,-0.393019638821759,0.117353347921346,Wilcoxon,two.sided,0.967564444444444,-2.90785601967176,-2.77287741870692,0.126613796980159,BL/T12,ns,ns,ns/ns,UR
Hungatella_hathewayi,0.142343464742587,Value,BL,T12,20,20,132,0.33,-0.217800423935733,0.42153452786392,Wilcoxon,two.sided,0.95890625,-2.66937767803888,-2.78053188613195,-0.105399302189383,BL/T12,ns,ns,ns/ns,UR
Hydrogenoanaerobacterium_saccharovorans,-0.247466148736709,Value,BL,T12,20,20,57,0.0759,-0.451884845113878,0.0239309597462436,Wilcoxon,two.sided,0.86063870967742,-2.94321380964652,-2.7377441515658,0.186869248750137,BL/T12,ns,ns,ns/ns,UR
Intestinibacter_bartlettii,0.106953329067005,Value,BL,T12,20,20,130,0.368,-0.14674608389669,0.326980077615355,Wilcoxon,two.sided,0.95890625,-2.76594588151138,-2.87088589009891,-0.0997910426249013,BL/T12,ns,ns,ns/ns,UR
Intestinimonas_butyriciproducens,0.107074026714174,Value,BL,T12,20,20,132,0.33,-0.0913804892541192,0.282680924585366,Wilcoxon,two.sided,0.95890625,-2.73026964600923,-2.82515477945426,-0.0906494568025289,BL/T12,ns,ns,ns/ns,UR
Intestinimonas_massiliensis,-0.235093162615199,Value,BL,T12,20,20,62,0.114,-0.554612006104936,0.0568496927183919,Wilcoxon,two.sided,0.893296875,-2.95344575865687,-2.6940812260696,0.230607254525127,BL/T12,ns,ns,ns/ns,UR
Klebsiella_pneumoniae,-0.196750202085085,Value,BL,T12,20,20,74,0.261,-0.519286063863531,0.129863874358455,Wilcoxon,two.sided,0.906483870967742,-2.91456050333842,-2.72835641842672,0.170758364112146,BL/T12,ns,ns,ns/ns,UR
Klebsiella_quasipneumoniae,0.0285762842245573,Value,BL,T12,20,20,117,0.674,-0.202990065289158,0.299590818233998,Wilcoxon,two.sided,0.967564444444444,-2.82414882083067,-2.80603498120396,0.0179517386214857,BL/T12,ns,ns,ns/ns,UR
Klebsiella_variicola,-0.0183557358593543,Value,BL,T12,20,20,103,0.956,-0.354518775405424,0.403425653025752,Wilcoxon,two.sided,0.98340127388535,-2.80216727201828,-2.88179269264012,-0.0766141482181796,BL/T12,ns,ns,ns/ns,UR
Lachnospira_eligens,0.012801969029751,Value,BL,T12,20,20,108,0.927,-0.245700841614314,0.239224928609209,Wilcoxon,two.sided,0.98340127388535,-2.41247874722286,-2.3656414620518,0.0457735092770787,BL/T12,ns,ns,ns/ns,UR
Lachnospira_pectinoschiza,0.105579968468352,Value,BL,T12,20,20,133,0.312,-0.120162979799386,0.298613339170365,Wilcoxon,two.sided,0.95890625,-2.3356403499249,-2.45623860453628,-0.113862698599544,BL/T12,ns,ns,ns/ns,UR
Lachnospira_sp_NSJ_43,-0.123048975096089,Value,BL,T12,20,20,80,0.368,-0.459917439231073,0.120485574386163,Wilcoxon,two.sided,0.95890625,-2.73205040716395,-2.54669957298671,0.170038793366036,BL/T12,ns,ns,ns/ns,UR
Lachnospiraceae_bacterium_AM48_27BH,-0.250593143320603,Value,BL,T12,20,20,57,0.0759,-0.535513516022265,0.0384812104915575,Wilcoxon,two.sided,0.86063870967742,-2.88602938188724,-2.65644725913028,0.206674374064472,BL/T12,ns,ns,ns/ns,UR
Lachnospiraceae_bacterium_BX3,0.0481405485494458,Value,BL,T12,20,20,118,0.648,-0.218913849409013,0.523927535003277,Wilcoxon,two.sided,0.967564444444444,-2.76067704519876,-2.95056813541379,-0.17386178210745,BL/T12,ns,ns,ns/ns,UR
Lachnospiraceae_bacterium_Marseille_Q4251,0.384048997531547,Value,BL,T12,20,20,167,0.0192,0.096075650584927,0.637174374301248,Wilcoxon,two.sided,0.7752,-2.68303696585157,-3.08723412014031,-0.33946571902777,BL/T12,ns,*,*/ns,UR
Lachnospiraceae_bacterium_OM04_12BH,-0.222069027143344,Value,BL,T12,20,20,70,0.202,-0.546399655519461,0.145203988741623,Wilcoxon,two.sided,0.893780821917808,-2.95749071303408,-2.69941343444154,0.229584586115316,BL/T12,ns,ns,ns/ns,UR
Lacrimispora_amygdalina,-0.0474390819159444,Value,BL,T12,20,20,96,0.756,-0.359592020092641,0.321654884296299,Wilcoxon,two.sided,0.969,-2.59325120232923,-2.58900950323683,0.00423272844505027,BL/T12,ns,ns,ns/ns,UR
Lacrimispora_celerecrescens,-0.0715194010789908,Value,BL,T12,20,20,83,0.43,-0.297151158395469,0.119180283893055,Wilcoxon,two.sided,0.95890625,-2.75108141920053,-2.71163743134858,0.0386859431238362,BL/T12,ns,ns,ns/ns,UR
Lacrimispora_saccharolytica,-0.17365273845475,Value,BL,T12,20,20,68,0.177,-0.516896060754364,0.0835960464342027,Wilcoxon,two.sided,0.893296875,-2.88766777754958,-2.66625246378808,0.200010279604098,BL/T12,ns,ns,ns/ns,UR
Lawsonibacter_asaccharolyticus,0.0439562390991105,Value,BL,T12,20,20,117,0.674,-0.218053870325165,0.260726255578315,Wilcoxon,two.sided,0.967564444444444,-2.74013681138224,-2.76404815961473,-0.0236299488778571,BL/T12,ns,ns,ns/ns,UR
Longicatena_caecimuris,-0.0731677949962283,Value,BL,T12,20,20,87,0.522,-0.334271939107151,0.232701519699824,Wilcoxon,two.sided,0.967564444444444,-2.74222139837922,-2.71874597673779,0.0232041118019688,BL/T12,ns,ns,ns/ns,UR
Megamonas_funiformis,-0.0458393008049272,Value,BL,T12,20,20,94,0.701,-0.258846789507524,0.18876773510257,Wilcoxon,two.sided,0.969,-2.6440814456921,-2.61271198177851,0.0308874957523814,BL/T12,ns,ns,ns/ns,UR
Megasphaera_sp_NM10,0.177668819013332,Value,BL,T12,20,20,145,0.143,-0.0771602061909973,0.514700432417403,Wilcoxon,two.sided,0.893296875,-2.76770050907358,-2.9194592406863,-0.141290105975298,BL/T12,ns,ns,ns/ns,UR
Mesosutterella_multiformis,0.098083245019742,Value,BL,T12,20,20,129,0.388,-0.123257145477593,0.403968605489855,Wilcoxon,two.sided,0.95890625,-2.65297106871551,-2.76872518136155,-0.109530510512864,BL/T12,ns,ns,ns/ns,UR
Negativibacillus_massiliensis,-0.0139038410614435,Value,BL,T12,20,20,102,0.927,-0.297609795742501,0.388279930232991,Wilcoxon,two.sided,0.98340127388535,-2.75041527408449,-2.83458806106385,-0.0808172878974455,BL/T12,ns,ns,ns/ns,UR
Odoribacter_sp_AF15_53,0.223137419329668,Value,BL,T12,20,20,153,0.0759,-0.023793993763878,0.526141812355908,Wilcoxon,two.sided,0.86063870967742,-2.69893749357523,-3.02802914035725,-0.284495736557459,BL/T12,ns,ns,ns/ns,UR
Odoribacter_splanchnicus,-0.0956547911275777,Value,BL,T12,20,20,74,0.261,-0.460051936238137,0.0914805205025497,Wilcoxon,two.sided,0.906483870967742,-2.78326903070163,-2.60850926619371,0.161063670954259,BL/T12,ns,ns,ns/ns,UR
Oscillibacter_sp_ER4,0.0724750266082047,Value,BL,T12,20,20,122,0.546,-0.173437458803861,0.359662317266728,Wilcoxon,two.sided,0.967564444444444,-2.53918108527382,-2.65868190476509,-0.112882889071831,BL/T12,ns,ns,ns/ns,UR
Oscillospiraceae_bacterium_Marseille_Q3528,-0.0805095627704956,Value,BL,T12,20,20,93,0.674,-0.362821865658842,0.296914852260247,Wilcoxon,two.sided,0.967564444444444,-2.80512146768713,-2.76550607046153,0.03885083439657,BL/T12,ns,ns,ns/ns,UR
Oscillospiraceae_bacterium_N12,0.194759233546016,Value,BL,T12,20,20,134,0.294,-0.109844153507283,0.505014396074976,Wilcoxon,two.sided,0.940217821782178,-2.80402431146611,-3.01016725567062,-0.187427618813923,BL/T12,ns,ns,ns/ns,UR
Oscillospiraceae_unclassified_SGB15252,0.0531819842533997,Value,BL,T12,20,20,118,0.648,-0.183674803199905,0.304950509000161,Wilcoxon,two.sided,0.967564444444444,-2.75386429576481,-2.80025032825532,-0.0453423534766152,BL/T12,ns,ns,ns/ns,UR
Oscillospiraceae_unclassified_SGB15256,-0.0121607326551214,Value,BL,T12,20,20,98,0.812,-0.314365114561694,0.303808412713704,Wilcoxon,two.sided,0.98340127388535,-2.84586853271302,-2.91572368706305,-0.0675232695441707,BL/T12,ns,ns,ns/ns,UR
Parabacteroides_distasonis,0.141501157362028,Value,BL,T12,20,20,153,0.0759,-0.0044328797246187,0.431332715652554,Wilcoxon,two.sided,0.86063870967742,-2.25966947766503,-2.47514954494872,-0.195139115860226,BL/T12,ns,ns,ns/ns,UR
Parabacteroides_faecis,0.128953106549025,Value,BL,T12,20,20,121,0.571,-0.217299052132672,0.619591574037559,Wilcoxon,two.sided,0.967564444444444,-2.83691874515447,-3.11432268238119,-0.244829844359736,BL/T12,ns,ns,ns/ns,UR
Parabacteroides_goldsteinii,0.173760349240407,Value,BL,T12,20,20,138,0.231,-0.13360338442854,0.430517994338655,Wilcoxon,two.sided,0.906483870967742,-2.67934710977154,-2.79989944264315,-0.113821718096013,BL/T12,ns,ns,ns/ns,UR
Parabacteroides_johnsonii,0.390994478626381,Value,BL,T12,20,20,170,0.0136,0.0778236599434001,0.724190924769833,Wilcoxon,two.sided,0.7752,-2.64080042727679,-3.01900195729354,-0.320779410096176,BL/T12,ns,*,*/ns,UR
Parabacteroides_merdae,-0.0753754705240838,Value,BL,T12,20,20,85,0.475,-0.304610798436419,0.131421497087855,Wilcoxon,two.sided,0.95890625,-2.53254940064766,-2.51310932190108,0.0192535341668215,BL/T12,ns,ns,ns/ns,UR
Parabacteroides_sp_TM07_1AC,-0.0461963088210932,Value,BL,T12,20,20,93,0.674,-0.24300010780046,0.195184386260407,Wilcoxon,two.sided,0.967564444444444,-2.83506971049747,-2.83613653779092,-0.00106625863761362,BL/T12,ns,ns,ns/ns,UR
Paraprevotella_clara,0.0067812835406621,Value,BL,T12,20,20,106,0.985,-0.351747382757202,0.371660389722451,Wilcoxon,two.sided,0.997351097178683,-2.76924766677277,-2.82743170654255,-0.0565542689415148,BL/T12,ns,ns,ns/ns,UR
Parasutterella_excrementihominis,0.0486055395258683,Value,BL,T12,20,20,125,0.475,-0.0753990948542773,0.20658721034678,Wilcoxon,two.sided,0.95890625,-2.63996691200131,-2.74894434274865,-0.103438357166855,BL/T12,ns,ns,ns/ns,UR
Parasutterella_SGB9260,0.0954302402457153,Value,BL,T12,20,20,129,0.388,-0.261877142103909,0.429037826249509,Wilcoxon,two.sided,0.95890625,-2.77479928445545,-2.87786469496831,-0.0980930408819135,BL/T12,ns,ns,ns/ns,UR
Phascolarctobacterium_faecium,-0.0668283103266163,Value,BL,T12,20,20,92,0.648,-0.293197104554652,0.190833288435892,Wilcoxon,two.sided,0.967564444444444,-2.38498970569382,-2.34168291188145,0.0423952783198826,BL/T12,ns,ns,ns/ns,UR
Phascolarctobacterium_SGB5790,0.0254376356534338,Value,BL,T12,20,20,115,0.729,-0.144935997978311,0.210393402325077,Wilcoxon,two.sided,0.969,-2.70345800265825,-2.78665953473102,-0.0799210375699782,BL/T12,ns,ns,ns/ns,UR
Phascolarctobacterium_succinatutens,0.20052938732266,Value,BL,T12,20,20,129,0.388,-0.193680088420852,0.507942509495555,Wilcoxon,two.sided,0.95890625,-2.82140607876903,-3.04472234447116,-0.201565421558914,BL/T12,ns,ns,ns/ns,UR
Phocaeicola_coprocola,0.25262091263137,Value,BL,T12,20,20,162,0.0328,0.0118547671376448,0.456459631798703,Wilcoxon,two.sided,0.814953846153846,-2.38574083448883,-2.6024859740496,-0.196179375115492,BL/T12,ns,*,*/ns,UR
Phocaeicola_coprophilus,0.0391037701131368,Value,BL,T12,20,20,111,0.841,-0.420898050989619,0.39828287447178,Wilcoxon,two.sided,0.98340127388535,-2.82346405269281,-2.78549441391428,0.0372665345842506,BL/T12,ns,ns,ns/ns,UR
Phocaeicola_dorei,0.130906749211432,Value,BL,T12,20,20,137,0.245,-0.0922518291338855,0.343478509655782,Wilcoxon,two.sided,0.906483870967742,-2.46531848528783,-2.58469500911724,-0.112771855153552,BL/T12,ns,ns,ns/ns,UR
Phocaeicola_massiliensis,-0.0883771845477352,Value,BL,T12,20,20,73,0.245,-0.277219963479329,0.0710314555869409,Wilcoxon,two.sided,0.906483870967742,-2.61491780314778,-2.50407109994599,0.105122520220769,BL/T12,ns,ns,ns/ns,UR
Phocaeicola_plebeius,0.0451242486333062,Value,BL,T12,20,20,117,0.674,-0.301527170211465,0.321798671288308,Wilcoxon,two.sided,0.967564444444444,-2.3384180697782,-2.30877112171878,0.0292159746085176,BL/T12,ns,ns,ns/ns,UR
Phocaeicola_SGB6473,0.218820552044475,Value,BL,T12,20,20,134,0.294,-0.173650370555092,0.440502932285852,Wilcoxon,two.sided,0.940217821782178,-2.59313726251804,-2.71678650517766,-0.116581641079393,BL/T12,ns,ns,ns/ns,UR
Phocaeicola_vulgatus,0.0346093471979436,Value,BL,T12,20,20,120,0.596,-0.0865490815573503,0.289743774906349,Wilcoxon,two.sided,0.967564444444444,-1.82538443936363,-1.8982190318604,-0.0703042975221248,BL/T12,ns,ns,ns/ns,UR
Prevotella_bivia,-0.348422835475093,Value,BL,T12,20,20,34,0.00639,-0.706273824326939,-0.107698153149444,Wilcoxon,two.sided,0.7752,-3.10070219230843,-2.66300774358193,0.36304075322069,BL/T12,ns,**,**/ns,UR
Prevotella_copri_clade_A,0.0398866689481609,Value,BL,T12,20,20,116,0.701,-0.204560667855716,0.319349683076628,Wilcoxon,two.sided,0.969,-2.63001991461283,-2.6855123042933,-0.0540073781243685,BL/T12,ns,ns,ns/ns,UR
Prevotella_copri_clade_C,0.0415978033071353,Value,BL,T12,20,20,115,0.729,-0.213969235179705,0.292862351448524,Wilcoxon,two.sided,0.969,-2.62726625026667,-2.68177265932093,-0.0530727987316461,BL/T12,ns,ns,ns/ns,UR
Prevotella_corporis,-0.153398679824439,Value,BL,T12,20,20,88,0.546,-0.439646255380153,0.25776835027642,Wilcoxon,two.sided,0.967564444444444,-2.95912586926122,-2.85943730064061,0.0950270202826357,BL/T12,ns,ns,ns/ns,UR
Prevotella_disiens,0.107458538994125,Value,BL,T12,20,20,125,0.475,-0.232678539748411,0.423183437681247,Wilcoxon,two.sided,0.95890625,-2.79336488271091,-2.89302783781171,-0.0950037283990679,BL/T12,ns,ns,ns/ns,UR
Prevotella_stercorea,0.197738615856737,Value,BL,T12,20,20,137,0.245,-0.120282102514208,0.595735936546866,Wilcoxon,two.sided,0.906483870967742,-2.60855617025427,-2.87023696911061,-0.232444799365706,BL/T12,ns,ns,ns/ns,UR
Prevotella_timonensis,-0.279038268727051,Value,BL,T12,20,20,64,0.133,-0.604474840143792,0.0569798905525241,Wilcoxon,two.sided,0.893296875,-3.00287851831151,-2.73094320537176,0.240539609017683,BL/T12,ns,ns,ns/ns,UR
Pseudoruminococcus_massiliensis,0.0241002571559387,Value,BL,T12,20,20,111,0.841,-0.223517833871905,0.27604395592296,Wilcoxon,two.sided,0.98340127388535,-2.65130137150315,-2.67088110632649,-0.0193905177076869,BL/T12,ns,ns,ns/ns,UR
Rheinheimera_SGB14999,0.212615939435994,Value,BL,T12,20,20,140,0.202,-0.111678122276421,0.476261024334958,Wilcoxon,two.sided,0.893780821917808,-2.6477302249515,-2.8174186445689,-0.156737405324068,BL/T12,ns,ns,ns/ns,UR
Romboutsia_timonensis,0.113277145326072,Value,BL,T12,20,20,132,0.33,-0.120206715574943,0.329458433751277,Wilcoxon,two.sided,0.95890625,-2.7775323104448,-2.89266016882359,-0.108969069529584,BL/T12,ns,ns,ns/ns,UR
Roseburia_faecis,-0.0910805867721514,Value,BL,T12,20,20,85,0.475,-0.305779258359401,0.125889678673248,Wilcoxon,two.sided,0.95890625,-2.62564468950818,-2.57925256008278,0.045348180118925,BL/T12,ns,ns,ns/ns,UR
Roseburia_hominis,-0.101629936144137,Value,BL,T12,20,20,77,0.312,-0.344495685497878,0.0872727461870435,Wilcoxon,two.sided,0.95890625,-2.73727241924341,-2.63670762245586,0.0958234996581951,BL/T12,ns,ns,ns/ns,UR
Roseburia_intestinalis,0.0602591764476315,Value,BL,T12,20,20,119,0.622,-0.134648297314924,0.276564060891445,Wilcoxon,two.sided,0.967564444444444,-2.442084105041,-2.5179465345661,-0.0731225999644101,BL/T12,ns,ns,ns/ns,UR
Roseburia_inulinivorans,-0.267578155388072,Value,BL,T12,20,20,43,0.0192,-0.508480309231233,-0.048810756441084,Wilcoxon,two.sided,0.7752,-2.70797209324997,-2.40695749317807,0.263144421659482,BL/T12,ns,*,*/ns,UR
Roseburia_sp_AF02_12,-0.134343448648142,Value,BL,T12,20,20,82,0.409,-0.587258764023115,0.167488013995249,Wilcoxon,two.sided,0.95890625,-2.95323361497411,-2.75866551551834,0.177784697004858,BL/T12,ns,ns,ns/ns,UR
Roseburia_sp_AM16_25,-0.0553892177796154,Value,BL,T12,20,20,93,0.674,-0.359270653318833,0.234151673825841,Wilcoxon,two.sided,0.967564444444444,-2.87534332569231,-2.81914795613538,0.0546731772221339,BL/T12,ns,ns,ns/ns,UR
Roseburia_sp_AM23_20,0.115972865371065,Value,BL,T12,20,20,131,0.349,-0.130101774908468,0.356527799749186,Wilcoxon,two.sided,0.95890625,-2.57983150125528,-2.66575774724283,-0.0824333057502223,BL/T12,ns,ns,ns/ns,UR
Roseburia_sp_AM59_24XD,0.101497569246419,Value,BL,T12,20,20,123,0.522,-0.275676733899683,0.334726661761221,Wilcoxon,two.sided,0.967564444444444,-2.78142985857084,-2.79868132174618,-0.0171043462621952,BL/T12,ns,ns,ns/ns,UR
Ruminococcus_bicirculans,-0.121934662491907,Value,BL,T12,20,20,63,0.123,-0.323076865272068,0.0396442601670548,Wilcoxon,two.sided,0.893296875,-2.54416292921591,-2.40006239424019,0.134618769319894,BL/T12,ns,ns,ns/ns,UR
Ruminococcus_bovis,-0.00857746222334788,Value,BL,T12,20,20,103,0.956,-0.281902985673684,0.213643660514402,Wilcoxon,two.sided,0.98340127388535,-2.81743310312717,-2.75604548823311,0.0595771226927934,BL/T12,ns,ns,ns/ns,UR
Ruminococcus_bromii,0.0183980351059999,Value,BL,T12,20,20,107,0.956,-0.266341329471874,0.277661536386807,Wilcoxon,two.sided,0.98340127388535,-2.31619801057475,-2.32579721706192,-0.00955342683696795,BL/T12,ns,ns,ns/ns,UR
Ruminococcus_callidus,-0.0321819481029909,Value,BL,T12,20,20,94,0.701,-0.363025189794451,0.263127544527399,Wilcoxon,two.sided,0.969,-2.72591407326053,-2.68448353920584,0.0405952815153053,BL/T12,ns,ns,ns/ns,UR
Ruminococcus_gnavus,-0.0184715919347449,Value,BL,T12,20,20,103,0.956,-0.295507859104502,0.243097902886514,Wilcoxon,two.sided,0.98340127388535,-2.62656754554287,-2.62217077047914,0.00438713748742517,BL/T12,ns,ns,ns/ns,UR
Ruminococcus_lactaris,0.137116917934564,Value,BL,T12,20,20,139,0.216,-0.0927474967617237,0.335047050954689,Wilcoxon,two.sided,0.906483870967742,-2.6718510840751,-2.86971546313668,-0.180540287159401,BL/T12,ns,ns,ns/ns,UR
Ruminococcus_SGB4421,-0.155127888793995,Value,BL,T12,20,20,76,0.294,-0.443185497168597,0.17112604694614,Wilcoxon,two.sided,0.940217821782178,-2.89544448398404,-2.73726578537904,0.146848683829851,BL/T12,ns,ns,ns/ns,UR
Ruminococcus_sp_AF13_28,0.020168710427003,Value,BL,T12,20,20,107,0.956,-0.302252536749334,0.438815128583677,Wilcoxon,two.sided,0.98340127388535,-2.74961611928932,-2.86165741604578,-0.106197332509741,BL/T12,ns,ns,ns/ns,UR
Ruminococcus_sp_BSD2780120874_150323_B10,-0.300114764974368,Value,BL,T12,20,20,72,0.231,-0.803951006767111,0.181002629518062,Wilcoxon,two.sided,0.906483870967742,-2.97076602581724,-2.65422681293148,0.275006485219541,BL/T12,ns,ns,ns/ns,UR
Ruminococcus_torques,0.120014054671065,Value,BL,T12,20,20,123,0.522,-0.223634267765501,0.365623545998011,Wilcoxon,two.sided,0.967564444444444,-2.56736144200286,-2.59721709389964,-0.0294186486309486,BL/T12,ns,ns,ns/ns,UR
Ruthenibacterium_lactatiformans,0.0273701448730718,Value,BL,T12,20,20,107,0.956,-0.310508437938956,0.370129205303539,Wilcoxon,two.sided,0.98340127388535,-2.71924422636038,-2.74137425810069,-0.0218887163107378,BL/T12,ns,ns,ns/ns,UR
Sellimonas_intestinalis,-0.211744700320813,Value,BL,T12,20,20,67,0.165,-0.499255707651916,0.0828744761225488,Wilcoxon,two.sided,0.893296875,-2.87605108383703,-2.69172167790771,0.169176712234681,BL/T12,ns,ns,ns/ns,UR
Streptococcus_parasanguinis,-0.148478746845217,Value,BL,T12,20,20,68,0.177,-0.385559471202294,0.0670174555347254,Wilcoxon,two.sided,0.893296875,-2.88321817676295,-2.70794628933485,0.161499514384593,BL/T12,ns,ns,ns/ns,UR
Streptococcus_pasteurianus,-0.0760595878988108,Value,BL,T12,20,20,88,0.546,-0.317177168887398,0.150224818960583,Wilcoxon,two.sided,0.967564444444444,-2.70513647162686,-2.63710172099646,0.0658202780521044,BL/T12,ns,ns,ns/ns,UR
Streptococcus_salivarius,-0.0836061962542115,Value,BL,T12,20,20,93,0.674,-0.331620072502621,0.141694872817546,Wilcoxon,two.sided,0.967564444444444,-2.70944074204938,-2.62455322603864,0.0814763097386228,BL/T12,ns,ns,ns/ns,UR
Streptococcus_thermophilus,0.25733627307488,Value,BL,T12,20,20,150,0.0973,-0.0793388266781923,0.671505639923781,Wilcoxon,two.sided,0.8925,-2.70219929354634,-3.05922812872798,-0.305297629839671,BL/T12,ns,ns,ns/ns,UR
Sutterella_sp_AM11_39,0.0890603823400824,Value,BL,T12,20,20,123,0.522,-0.129784224703726,0.343795516222846,Wilcoxon,two.sided,0.967564444444444,-2.62941049546797,-2.78896329720377,-0.148034415042973,BL/T12,ns,ns,ns/ns,UR
Sutterella_wadsworthensis,0.0160930953947108,Value,BL,T12,20,20,108,0.927,-0.167459948758599,0.218842993089891,Wilcoxon,two.sided,0.98340127388535,-2.64341458584833,-2.65064790420535,-0.00720728338059202,BL/T12,ns,ns,ns/ns,UR
Tyzzerella_nexilis,-0.113573669162424,Value,BL,T12,20,20,83,0.43,-0.436692827214297,0.218788906251034,Wilcoxon,two.sided,0.95890625,-2.86528478411444,-2.72090984946431,0.134858579341339,BL/T12,ns,ns,ns/ns,UR
Veillonella_atypica,-0.157807408719414,Value,BL,T12,20,20,74,0.261,-0.3484934217739,0.134016152964736,Wilcoxon,two.sided,0.906483870967742,-2.70559848839504,-2.64470110679498,0.059115136386978,BL/T12,ns,ns,ns/ns,UR
Veillonella_dispar,0.0176935518020229,Value,BL,T12,20,20,111,0.841,-0.252974084703798,0.35651347974693,Wilcoxon,two.sided,0.98340127388535,-2.87850120720194,-2.93089919038041,-0.0510713537800988,BL/T12,ns,ns,ns/ns,UR
Veillonella_parvula,-0.0291150470081943,Value,BL,T12,20,20,98,0.812,-0.280888872385643,0.18673717508449,Wilcoxon,two.sided,0.98340127388535,-2.78028299614878,-2.74643010143602,0.0332924977956814,BL/T12,ns,ns,ns/ns,UR
Veillonella_rogosae,-0.0190892202354879,Value,BL,T12,20,20,100,0.869,-0.247985154985468,0.184443008152463,Wilcoxon,two.sided,0.98340127388535,-2.8497073115274,-2.80282136761756,0.0458199898606719,BL/T12,ns,ns,ns/ns,UR
Vescimonas_coprocola,-0.267672752295273,Value,BL,T12,20,20,59,0.0897,-0.57981142424961,0.120915722835466,Wilcoxon,two.sided,0.8925,-2.87482744356578,-2.6163796639217,0.22987904060764,BL/T12,ns,ns,ns/ns,UR
Vescimonas_SGB15087,-0.0293895530441226,Value,BL,T12,20,20,97,0.784,-0.402949951437004,0.303418451319581,Wilcoxon,two.sided,0.981519379844961,-2.91386815743886,-2.85289018128707,0.0591911017837823,BL/T12,ns,ns,ns/ns,UR
Victivallis_lenta,0.119361494367309,Value,BL,T12,20,20,137,0.245,-0.0814927683143876,0.399218361164475,Wilcoxon,two.sided,0.906483870967742,-2.7013251883593,-2.89169776763339,-0.174266349947388,BL/T12,ns,ns,ns/ns,UR
Waltera_intestinalis,-0.147599249161535,Value,BL,T12,20,20,81,0.388,-0.459959622738628,0.174976583753953,Wilcoxon,two.sided,0.95890625,-2.68357302097216,-2.54695380242647,0.128058258541109,BL/T12,ns,ns,ns/ns,UR
Adlercreutzia_equolifaciens,-0.0865974273132731,Value,BL,T24,20,20,92,0.648,-0.460127187414893,0.239494663083494,Wilcoxon,two.sided,0.995029304029304,-2.90990465884961,-2.78408286099289,0.118513255964384,BL/T24,ns,ns,ns/ns,UR
Agathobaculum_butyriciproducens,-0.0583719946782267,Value,BL,T24,20,20,91,0.622,-0.287753948044345,0.183474830668249,Wilcoxon,two.sided,0.995029304029304,-2.76239889902768,-2.67746063853843,0.0815230825985161,BL/T24,ns,ns,ns/ns,UR
Akkermansia_muciniphila,-0.200246879438446,Value,BL,T24,20,20,74,0.261,-0.459033492214042,0.101791839805101,Wilcoxon,two.sided,0.995029304029304,-2.73069590438911,-2.54484356100995,0.1704617931445,BL/T24,ns,ns,ns/ns,UR
Alistipes_communis,0.0203749465549794,Value,BL,T24,20,20,106,0.985,-0.295626696945287,0.240112840803916,Wilcoxon,two.sided,1,-2.73576194228273,-2.68835087429279,0.0463214699163885,BL/T24,ns,ns,ns/ns,UR
Alistipes_finegoldii,-0.045450934162088,Value,BL,T24,20,20,98,0.812,-0.269676714919987,0.305676306423258,Wilcoxon,two.sided,0.995029304029304,-2.72164628235943,-2.77736532576998,-0.0542220925081561,BL/T24,ns,ns,ns/ns,UR
Alistipes_ihumii,-0.0537565184136292,Value,BL,T24,20,20,85,0.475,-0.22217602481534,0.114917012335712,Wilcoxon,two.sided,0.995029304029304,-2.74890087022715,-2.68356596929597,0.0632892106971387,BL/T24,ns,ns,ns/ns,UR
Alistipes_indistinctus,0.077003030625072,Value,BL,T24,20,20,116,0.701,-0.288166568472724,0.33160831616956,Wilcoxon,two.sided,0.995029304029304,-2.78785872940655,-2.79214201553603,-0.00427413897008348,BL/T24,ns,ns,ns/ns,UR
Alistipes_onderdonkii,0.0457328707434494,Value,BL,T24,20,20,111,0.841,-0.167045877260176,0.215318143243243,Wilcoxon,two.sided,0.995029304029304,-2.61980227932785,-2.63151245569141,-0.0116421428561609,BL/T24,ns,ns,ns/ns,UR
Alistipes_putredinis,-0.119366637825271,Value,BL,T24,20,20,69,0.189,-0.333203747918954,0.106997515413262,Wilcoxon,two.sided,0.995029304029304,-2.42541266840907,-2.28314777035853,0.133013044099355,BL/T24,ns,ns,ns/ns,UR
Alistipes_senegalensis,-0.0364791831426875,Value,BL,T24,20,20,102,0.927,-0.304786848647054,0.174832089322632,Wilcoxon,two.sided,1,-2.70244399017152,-2.64315113402822,0.057601568656572,BL/T24,ns,ns,ns/ns,UR
Alistipes_shahii,-0.175215198720755,Value,BL,T24,20,20,52,0.0484,-0.414242023312147,-0.000481629590388888,Wilcoxon,two.sided,0.995029304029304,-2.60585363607825,-2.4478659784833,0.146683720713126,BL/T24,ns,*,*/ns,UR
Alistipes_sp_AF17_16,0.13836024850567,Value,BL,T24,20,20,132,0.33,-0.0986743107417072,0.451857861232497,Wilcoxon,two.sided,0.995029304029304,-2.72265881252767,-2.91518739048442,-0.176075908236814,BL/T24,ns,ns,ns/ns,UR
Anaerobutyricum_hallii,-0.0131167351754293,Value,BL,T24,20,20,103,0.956,-0.266025873395429,0.241848385701619,Wilcoxon,two.sided,1,-2.84537255178341,-2.83638148287693,0.00895088990165757,BL/T24,ns,ns,ns/ns,UR
Anaerobutyricum_soehngenii,-0.060136795773169,Value,BL,T24,20,20,94,0.701,-0.266088535769473,0.164386544726882,Wilcoxon,two.sided,0.995029304029304,-2.75597674606092,-2.75377944530588,0.00219489022020368,BL/T24,ns,ns,ns/ns,UR
Anaerostipes_hadrus,0.146756325875224,Value,BL,T24,20,20,145,0.143,-0.0534947185018737,0.334180933270701,Wilcoxon,two.sided,0.995029304029304,-2.57722566290764,-2.72099058468796,-0.1343253838878,BL/T24,ns,ns,ns/ns,UR
Anaerotignum_faecicola,0.046122876789006,Value,BL,T24,20,20,117,0.674,-0.186646496131042,0.308917575580037,Wilcoxon,two.sided,0.995029304029304,-2.63785831898224,-2.70392857703746,-0.0639792316911449,BL/T24,ns,ns,ns/ns,UR
Anaerotignum_lactatifermentans,0.224757193140378,Value,BL,T24,20,20,137,0.245,-0.15680964932608,0.59344715096039,Wilcoxon,two.sided,0.995029304029304,-2.69887412293219,-2.89142023711135,-0.176090613203891,BL/T24,ns,ns,ns/ns,UR
Anaerotruncus_colihominis,-0.0290882281826237,Value,BL,T24,20,20,99,0.841,-0.362216439453242,0.286927946992938,Wilcoxon,two.sided,0.995029304029304,-2.76141505070767,-2.76344388199365,-0.00202677598722017,BL/T24,ns,ns,ns/ns,UR
Bacteroides_caccae,-0.0412995853811221,Value,BL,T24,20,20,96,0.756,-0.281980258749639,0.219341868998844,Wilcoxon,two.sided,0.995029304029304,-2.45232930403041,-2.39994710246416,0.0510563578082361,BL/T24,ns,ns,ns/ns,UR
Bacteroides_cellulosilyticus,-0.055778878590011,Value,BL,T24,20,20,93,0.674,-0.251930444930047,0.17975943514639,Wilcoxon,two.sided,0.995029304029304,-2.6347965885942,-2.61698596716635,0.0176538707910151,BL/T24,ns,ns,ns/ns,UR
Bacteroides_clarus,-0.248580925418335,Value,BL,T24,20,20,34,0.00639,-0.422029313981111,-0.0727315129370025,Wilcoxon,two.sided,0.995029304029304,-2.81740366622689,-2.55599861523011,0.232226219517798,BL/T24,ns,**,**/ns,UR
Bacteroides_congonensis,-0.124619162021815,Value,BL,T24,20,20,79,0.349,-0.378259599357119,0.163124820744063,Wilcoxon,two.sided,0.995029304029304,-2.73418642770289,-2.63399314290956,0.0954858778170127,BL/T24,ns,ns,ns/ns,UR
Bacteroides_eggerthii,-0.0388212304569632,Value,BL,T24,20,20,94,0.701,-0.234626498122061,0.17966508408917,Wilcoxon,two.sided,0.995029304029304,-2.515972462596,-2.50812393393147,0.00781788917561078,BL/T24,ns,ns,ns/ns,UR
Bacteroides_faecis,-0.0539268278707918,Value,BL,T24,20,20,91,0.622,-0.26797133462229,0.175255371666486,Wilcoxon,two.sided,0.995029304029304,-2.68994963740649,-2.638924243084,0.0497662536604641,BL/T24,ns,ns,ns/ns,UR
Bacteroides_finegoldii,0.129097434957545,Value,BL,T24,20,20,132,0.33,-0.136286005332446,0.373029692644886,Wilcoxon,two.sided,0.995029304029304,-2.56618989744954,-2.65939040412098,-0.0891096385471861,BL/T24,ns,ns,ns/ns,UR
Bacteroides_fragilis,-0.125923201054041,Value,BL,T24,20,20,80,0.368,-0.401433297548279,0.169358259582915,Wilcoxon,two.sided,0.995029304029304,-2.45534407352645,-2.35234212433922,0.0980355074386415,BL/T24,ns,ns,ns/ns,UR
Bacteroides_intestinalis,0.0415927103538735,Value,BL,T24,20,20,120,0.596,-0.188618084087745,0.353691866784678,Wilcoxon,two.sided,0.995029304029304,-2.71069517524192,-2.77236125714045,-0.059839449553856,BL/T24,ns,ns,ns/ns,UR
Bacteroides_nordii,-0.276651010908984,Value,BL,T24,20,20,63,0.123,-0.576948851782609,0.0671832661001466,Wilcoxon,two.sided,0.995029304029304,-2.83227128030618,-2.5967427142493,0.21149886722892,BL/T24,ns,ns,ns/ns,UR
Bacteroides_ovatus,0.0989328912379528,Value,BL,T24,20,20,120,0.596,-0.19725753958755,0.355948843031284,Wilcoxon,two.sided,0.995029304029304,-2.44803759232826,-2.51211662775215,-0.062109669574156,BL/T24,ns,ns,ns/ns,UR
Bacteroides_salyersiae,-0.134420975214608,Value,BL,T24,20,20,68,0.177,-0.393239531053367,0.0720388087983153,Wilcoxon,two.sided,0.995029304029304,-2.81180394697169,-2.60742012991439,0.185968081016818,BL/T24,ns,ns,ns/ns,UR
Bacteroides_sp_AF16_49,0.170855840607212,Value,BL,T24,20,20,134,0.294,-0.138101782685326,0.476454031167675,Wilcoxon,two.sided,0.995029304029304,-2.67966368280182,-2.84692034013775,-0.154656258288871,BL/T24,ns,ns,ns/ns,UR
Bacteroides_stercoris,-0.0982864485882463,Value,BL,T24,20,20,81,0.388,-0.362915167841165,0.114991079732706,Wilcoxon,two.sided,0.995029304029304,-2.30689978225385,-2.14380603000413,0.151083482712044,BL/T24,ns,ns,ns/ns,UR
Bacteroides_thetaiotaomicron,-0.0770487557740615,Value,BL,T24,20,20,88,0.546,-0.280053426292637,0.145951651638802,Wilcoxon,two.sided,0.995029304029304,-2.46072022295179,-2.4043350178371,0.0548528963396319,BL/T24,ns,ns,ns/ns,UR
Bacteroides_uniformis,0.0525225960748381,Value,BL,T24,20,20,118,0.648,-0.129806142211157,0.284165409933789,Wilcoxon,two.sided,0.995029304029304,-2.09769251532797,-2.15828759753811,-0.0588301489103418,BL/T24,ns,ns,ns/ns,UR
Bacteroides_xylanisolvens,-0.0237063618773757,Value,BL,T24,20,20,98,0.812,-0.259273361316703,0.233616650604173,Wilcoxon,two.sided,0.995029304029304,-2.37985113446071,-2.34996867085318,0.0294446827277631,BL/T24,ns,ns,ns/ns,UR
Barnesiella_intestinihominis,-0.190871781023735,Value,BL,T24,20,20,70,0.202,-0.473870883694578,0.0531214577316923,Wilcoxon,two.sided,0.995029304029304,-2.85293213646794,-2.6202419817785,0.209198898757883,BL/T24,ns,ns,ns/ns,UR
Bifidobacterium_adolescentis,-0.100831244474053,Value,BL,T24,20,20,88,0.546,-0.419750066916788,0.272094862482081,Wilcoxon,two.sided,0.995029304029304,-2.84027016702638,-2.74822580774824,0.0880514985472379,BL/T24,ns,ns,ns/ns,UR
Bifidobacterium_bifidum,0.0112374862692465,Value,BL,T24,20,20,109,0.898,-0.255799685737185,0.212149810349765,Wilcoxon,two.sided,1,-2.78758428948936,-2.75034394219455,0.0365636741328883,BL/T24,ns,ns,ns/ns,UR
Bifidobacterium_longum,0.219518311758242,Value,BL,T24,20,20,139,0.216,-0.143110359781412,0.552900933614266,Wilcoxon,two.sided,0.995029304029304,-2.7256720243879,-2.9406877867087,-0.1947570498119,BL/T24,ns,ns,ns/ns,UR
Bifidobacterium_pseudocatenulatum,0.0634614105960876,Value,BL,T24,20,20,121,0.571,-0.15544230732072,0.303036743879249,Wilcoxon,two.sided,0.995029304029304,-2.5619915781855,-2.66000107089514,-0.0934989885050107,BL/T24,ns,ns,ns/ns,UR
Bilophila_wadsworthia,-0.0480305711812936,Value,BL,T24,20,20,91,0.622,-0.294305850051356,0.17560084069341,Wilcoxon,two.sided,0.995029304029304,-2.76133011574588,-2.62884069465916,0.124418237127639,BL/T24,ns,ns,ns/ns,UR
Blautia_caecimuris,-0.0924176841704657,Value,BL,T24,20,20,90,0.596,-0.388227193739075,0.234751038142766,Wilcoxon,two.sided,0.995029304029304,-2.94141518069834,-2.83678913663225,0.0995068560325406,BL/T24,ns,ns,ns/ns,UR
Blautia_faecicola,0.00603069380264931,Value,BL,T24,20,20,105,1,-0.190644528291599,0.231765733283616,Wilcoxon,two.sided,1,-2.71938549867543,-2.74635196022229,-0.0266092736915202,BL/T24,ns,ns,ns/ns,UR
Blautia_faecis,-0.00394904666496165,Value,BL,T24,20,20,104,0.985,-0.17584568384896,0.251337256357292,Wilcoxon,two.sided,1,-2.67683565825944,-2.74588809765884,-0.0667726854696959,BL/T24,ns,ns,ns/ns,UR
Blautia_glucerasea,0.156455456621893,Value,BL,T24,20,20,130,0.368,-0.141971006666096,0.483456061865734,Wilcoxon,two.sided,0.995029304029304,-2.71596347455048,-2.85124988325138,-0.126884961568119,BL/T24,ns,ns,ns/ns,UR
Blautia_hansenii,0.041807117239121,Value,BL,T24,20,20,118,0.648,-0.162702595048442,0.229186416099623,Wilcoxon,two.sided,0.995029304029304,-2.72464958439229,-2.75571966400776,-0.030597175193734,BL/T24,ns,ns,ns/ns,UR
Blautia_luti,0.167557896760351,Value,BL,T24,20,20,139,0.216,-0.153013889780859,0.43503158766635,Wilcoxon,two.sided,0.995029304029304,-2.67333751014894,-2.80386273499181,-0.122682325483749,BL/T24,ns,ns,ns/ns,UR
Blautia_massiliensis,0.011753428060322,Value,BL,T24,20,20,108,0.927,-0.186648243957659,0.267124339759897,Wilcoxon,two.sided,1,-2.6818896767053,-2.70848491414241,-0.0262477319721014,BL/T24,ns,ns,ns/ns,UR
Blautia_obeum,0.0294807203253864,Value,BL,T24,20,20,112,0.812,-0.16472194956923,0.236756515894579,Wilcoxon,two.sided,0.995029304029304,-2.68411593336975,-2.71831107347526,-0.0336234817864998,BL/T24,ns,ns,ns/ns,UR
Blautia_sp_MSK_20_85,-0.0939134720716226,Value,BL,T24,20,20,88,0.546,-0.482863535972717,0.22810093409536,Wilcoxon,two.sided,0.995029304029304,-2.95602932999951,-2.82764147181928,0.120789939878868,BL/T24,ns,ns,ns/ns,UR
Blautia_stercoris,0.0354921344484466,Value,BL,T24,20,20,110,0.869,-0.24028755409695,0.304277305081941,Wilcoxon,two.sided,0.995343971631206,-2.76566745321638,-2.81403282656093,-0.0472321638260493,BL/T24,ns,ns,ns/ns,UR
Blautia_wexlerae,-0.000762273408292935,Value,BL,T24,20,20,104,0.985,-0.12594834275307,0.19922637718829,Wilcoxon,two.sided,1,-2.39493694043099,-2.44424907386761,-0.0481348384777067,BL/T24,ns,ns,ns/ns,UR
Butyricicoccus_sp_AM29_23AC,-0.0797946981657777,Value,BL,T24,20,20,86,0.498,-0.351215610838293,0.149338271731792,Wilcoxon,two.sided,0.995029304029304,-2.73761149500558,-2.63418873931,0.0984169448949217,BL/T24,ns,ns,ns/ns,UR
Butyricimonas_faecihominis,-0.0623401158342988,Value,BL,T24,20,20,84,0.452,-0.183708520571189,0.126724678033221,Wilcoxon,two.sided,0.995029304029304,-2.83419051832719,-2.76946151212221,0.0627203125147782,BL/T24,ns,ns,ns/ns,UR
Butyricimonas_paravirosa,0.0157142129196666,Value,BL,T24,20,20,107,0.956,-0.334126796013702,0.628328797258262,Wilcoxon,two.sided,1,-2.78006086068464,-2.97275383845065,-0.17621375690679,BL/T24,ns,ns,ns/ns,UR
Butyricimonas_SGB15260,0.0612430303283966,Value,BL,T24,20,20,117,0.674,-0.401740123326318,0.351653767909837,Wilcoxon,two.sided,0.995029304029304,-2.97811570196679,-2.8314892064467,0.136824149126857,BL/T24,ns,ns,ns/ns,UR
Butyricimonas_sp_Marseille_P3923,0.0338638828936768,Value,BL,T24,20,20,108,0.927,-0.260748653522822,0.280909692761081,Wilcoxon,two.sided,1,-2.69611140695491,-2.68674725927581,0.00932057584573397,BL/T24,ns,ns,ns/ns,UR
Butyricimonas_virosa,-0.13829487887844,Value,BL,T24,20,20,69,0.189,-0.369044441615681,0.0789926340766567,Wilcoxon,two.sided,0.995029304029304,-2.76606096909201,-2.61169262099042,0.143553309617214,BL/T24,ns,ns,ns/ns,UR
Candidatus_Cibionibacter_quicibialis,-0.072976770594015,Value,BL,T24,20,20,79,0.349,-0.1978788438324,0.108843812130888,Wilcoxon,two.sided,0.995029304029304,-2.60591975832287,-2.56969306035325,0.0355859403335852,BL/T24,ns,ns,ns/ns,UR
Catenibacterium_SGB4425,0.139700202557711,Value,BL,T24,20,20,133,0.312,-0.308454926416731,0.48171211969954,Wilcoxon,two.sided,0.995029304029304,-2.89756227387417,-2.97765031083311,-0.0770425535166248,BL/T24,ns,ns,ns/ns,UR
Clostridiaceae_bacterium,0.0281556144642886,Value,BL,T24,20,20,110,0.869,-0.281514543523841,0.269189566156218,Wilcoxon,two.sided,0.995343971631206,-2.68799308247764,-2.7050720131243,-0.0169347253101416,BL/T24,ns,ns,ns/ns,UR
Clostridiaceae_bacterium_AF18_31LB,0.197091722138123,Value,BL,T24,20,20,154,0.0696,-0.0184587642549481,0.419308562540801,Wilcoxon,two.sided,0.995029304029304,-2.65906411035066,-2.82821776374116,-0.156280113878536,BL/T24,ns,ns,ns/ns,UR
Clostridiaceae_bacterium_Marseille_Q3526,0.242241691705301,Value,BL,T24,20,20,146,0.133,-0.101109374949731,0.589691367404513,Wilcoxon,two.sided,0.995029304029304,-2.73978044903986,-3.01055247282049,-0.239624608519204,BL/T24,ns,ns,ns/ns,UR
Clostridiaceae_bacterium_Marseille_Q4143,0.140839005535846,Value,BL,T24,20,20,125,0.475,-0.185574335241526,0.554014617684359,Wilcoxon,two.sided,0.995029304029304,-2.71681784683549,-2.97850001269893,-0.232445882846057,BL/T24,ns,ns,ns/ns,UR
Clostridiaceae_bacterium_Marseille_Q4145,-0.188605219276914,Value,BL,T24,20,20,83,0.43,-0.594207508827233,0.270638981602526,Wilcoxon,two.sided,0.995029304029304,-3.01701762480775,-2.86450698998975,0.141942723453898,BL/T24,ns,ns,ns/ns,UR
Clostridiaceae_bacterium_Marseille_Q4149,-0.0714938252960126,Value,BL,T24,20,20,83,0.43,-0.382843042139101,0.180728712054073,Wilcoxon,two.sided,0.995029304029304,-2.72311491114968,-2.62290943796495,0.0954969561648392,BL/T24,ns,ns,ns/ns,UR
Clostridiaceae_unclassified_SGB4771,0.140511653567109,Value,BL,T24,20,20,131,0.349,-0.181187295206995,0.474672697790625,Wilcoxon,two.sided,0.995029304029304,-2.88673775205007,-3.00500450075131,-0.111779940818695,BL/T24,ns,ns,ns/ns,UR
Clostridiales_bacterium,-0.0352583162270423,Value,BL,T24,20,20,95,0.729,-0.233086801797792,0.123275262207765,Wilcoxon,two.sided,0.995029304029304,-2.64585882797112,-2.59928950243835,0.0455175058438358,BL/T24,ns,ns,ns/ns,UR
Clostridiales_bacterium_Choco116,0.137534361437527,Value,BL,T24,20,20,135,0.277,-0.0964487327442261,0.399678816754212,Wilcoxon,two.sided,0.995029304029304,-2.69992519555597,-2.86265017429686,-0.150766369854531,BL/T24,ns,ns,ns/ns,UR
Clostridiales_bacterium_KLE1615,0.177718665356012,Value,BL,T24,20,20,135,0.277,-0.10962479758579,0.478601231262216,Wilcoxon,two.sided,0.995029304029304,-2.60526054957793,-2.78353167834512,-0.164048218990381,BL/T24,ns,ns,ns/ns,UR
Clostridium_butyricum,0.0596765960735315,Value,BL,T24,20,20,115,0.729,-0.184955897838115,0.305386021862849,Wilcoxon,two.sided,0.995029304029304,-2.74725331738334,-2.80448984995508,-0.0556584591211939,BL/T24,ns,ns,ns/ns,UR
Clostridium_fessum,0.0655332589218693,Value,BL,T24,20,20,136,0.261,-0.0387820000831645,0.185379925392756,Wilcoxon,two.sided,0.995029304029304,-2.52643590985101,-2.63530396009266,-0.103339720443321,BL/T24,ns,ns,ns/ns,UR
Clostridium_leptum,-0.0867377813272399,Value,BL,T24,20,20,79,0.349,-0.333093246705859,0.134344674009728,Wilcoxon,two.sided,0.995029304029304,-2.76151203882001,-2.65580358678891,0.100486262591544,BL/T24,ns,ns,ns/ns,UR
Clostridium_SGB4750,0.207672371335491,Value,BL,T24,20,20,147,0.123,-0.0754844862517599,0.566049567530592,Wilcoxon,two.sided,0.995029304029304,-2.54573046174745,-2.84886510537788,-0.264772626365505,BL/T24,ns,ns,ns/ns,UR
Clostridium_SGB4751,0.229304746294462,Value,BL,T24,20,20,148,0.114,-0.0599483163547403,0.552184088378967,Wilcoxon,two.sided,0.995029304029304,-2.74866976861787,-2.98193683014602,-0.209666795642253,BL/T24,ns,ns,ns/ns,UR
Clostridium_SGB6179,-0.00172457612804577,Value,BL,T24,20,20,104,0.985,-0.191561511218991,0.24018324226225,Wilcoxon,two.sided,1,-2.72354788711031,-2.74656967318664,-0.0227607830050177,BL/T24,ns,ns,ns/ns,UR
Clostridium_sp_1001270H_150608_G6,0.0849367455850886,Value,BL,T24,20,20,126,0.452,-0.163841086831971,0.325827571714186,Wilcoxon,two.sided,0.995029304029304,-2.71834235473039,-2.752945689071,-0.0340181014127468,BL/T24,ns,ns,ns/ns,UR
Clostridium_sp_AF12_28,0.120260312423428,Value,BL,T24,20,20,142,0.177,-0.0604610116594622,0.306246586312636,Wilcoxon,two.sided,0.995029304029304,-2.70782659704135,-2.85189203429421,-0.134588091717576,BL/T24,ns,ns,ns/ns,UR
Clostridium_sp_AF20_17LB,-0.103848835109666,Value,BL,T24,20,20,90,0.596,-0.409906995313379,0.28914055673326,Wilcoxon,two.sided,0.995029304029304,-2.94891467459911,-2.87091447806136,0.075107654803811,BL/T24,ns,ns,ns/ns,UR
Clostridium_sp_AF27_2AA,0.0408748743183022,Value,BL,T24,20,20,118,0.648,-0.170446843589995,0.251970168748275,Wilcoxon,two.sided,0.995029304029304,-2.70698029055129,-2.74794542268566,-0.0401482944843374,BL/T24,ns,ns,ns/ns,UR
Clostridium_sp_AF34_10BH,-0.08568842694223,Value,BL,T24,20,20,75,0.277,-0.268081610907098,0.0894507583747188,Wilcoxon,two.sided,0.995029304029304,-2.51297980203263,-2.46288715201091,0.0488783983926067,BL/T24,ns,ns,ns/ns,UR
Clostridium_sp_AF34_13,0.0803489061082364,Value,BL,T24,20,20,116,0.701,-0.219830889384352,0.343796273632465,Wilcoxon,two.sided,0.995029304029304,-2.81832205242209,-2.87618001922105,-0.0562460775423059,BL/T24,ns,ns,ns/ns,UR
Clostridium_sp_AF36_4,0.0563989254644209,Value,BL,T24,20,20,117,0.674,-0.162175877214849,0.313653180137365,Wilcoxon,two.sided,0.995029304029304,-2.66830319603687,-2.73097287634785,-0.0607843081821104,BL/T24,ns,ns,ns/ns,UR
Clostridium_sp_AM22_11AC,-0.0744239729546772,Value,BL,T24,20,20,83,0.43,-0.279671268245308,0.137186255034891,Wilcoxon,two.sided,0.995029304029304,-2.63605233311744,-2.56682338013495,0.0669377840241978,BL/T24,ns,ns,ns/ns,UR
Clostridium_sp_AM33_3,0.0628431492223221,Value,BL,T24,20,20,122,0.546,-0.128109355340476,0.315864435945348,Wilcoxon,two.sided,0.995029304029304,-2.61088160513791,-2.75098601502156,-0.131119845829744,BL/T24,ns,ns,ns/ns,UR
Clostridium_sp_AM42_4,-0.115043841344754,Value,BL,T24,20,20,88,0.546,-0.504039341310473,0.254490162696373,Wilcoxon,two.sided,0.995029304029304,-2.93321556765326,-2.81377821363119,0.112826196600405,BL/T24,ns,ns,ns/ns,UR
Clostridium_sp_AM49_4BH,-0.0127525973670386,Value,BL,T24,20,20,101,0.898,-0.332587119543311,0.236738094122435,Wilcoxon,two.sided,1,-2.8097595010033,-2.72271116823557,0.0834660715182958,BL/T24,ns,ns,ns/ns,UR
Clostridium_sp_AT4,0.0241188405649088,Value,BL,T24,20,20,110,0.869,-0.249517105445392,0.293895081485766,Wilcoxon,two.sided,0.995343971631206,-2.65914637127402,-2.67611296903604,-0.0168242726352401,BL/T24,ns,ns,ns/ns,UR
Clostridium_symbiosum,0.151235011221277,Value,BL,T24,20,20,130,0.368,-0.239061069629514,0.521403553529562,Wilcoxon,two.sided,0.995029304029304,-2.74524470113925,-2.8796427920792,-0.126102193913444,BL/T24,ns,ns,ns/ns,UR
Collinsella_aerofaciens,0.276275703568581,Value,BL,T24,20,20,154,0.0696,-0.0239291631831353,0.603710148929637,Wilcoxon,two.sided,0.995029304029304,-2.66247830405039,-3.05640640204981,-0.332125731380673,BL/T24,ns,ns,ns/ns,UR
Collinsella_SGB14861,-0.049966584978017,Value,BL,T24,20,20,91,0.622,-0.222899298296424,0.143949924164359,Wilcoxon,two.sided,0.995029304029304,-2.64266229839126,-2.59911152663226,0.0426291016068753,BL/T24,ns,ns,ns/ns,UR
Collinsella_SGB4121,-0.094929354860787,Value,BL,T24,20,20,84,0.452,-0.412059985252618,0.206090624742973,Wilcoxon,two.sided,0.995029304029304,-2.88530482195617,-2.7697890916445,0.109316836370292,BL/T24,ns,ns,ns/ns,UR
Coprobacillus_cateniformis,0.227631577340132,Value,BL,T24,20,20,145,0.143,-0.0717899185304802,0.698577513593098,Wilcoxon,two.sided,0.995029304029304,-2.58362011993898,-2.92040230590408,-0.290265372331365,BL/T24,ns,ns,ns/ns,UR
Coprobacter_fastidiosus,-0.102876310355549,Value,BL,T24,20,20,88,0.546,-0.378598481191648,0.193056386174829,Wilcoxon,two.sided,0.995029304029304,-2.80861597406728,-2.75960713359347,0.0478457569037309,BL/T24,ns,ns,ns/ns,UR
Coprobacter_secundus,-0.0290253697668514,Value,BL,T24,20,20,99,0.841,-0.404794177073346,0.147921821993644,Wilcoxon,two.sided,0.995029304029304,-2.90285355023561,-2.72894334123549,0.160340235516808,BL/T24,ns,ns,ns/ns,UR
Coprococcus_catus,-0.0870187960489168,Value,BL,T24,20,20,84,0.452,-0.377417626577114,0.156817315018481,Wilcoxon,two.sided,0.995029304029304,-2.8941438295225,-2.81325566113283,0.0777830813070874,BL/T24,ns,ns,ns/ns,UR
Coprococcus_comes,0.0212752996754718,Value,BL,T24,20,20,111,0.841,-0.289194443705858,0.313010866211759,Wilcoxon,two.sided,0.995029304029304,-2.84453091273763,-2.82612822138042,0.0182354109885286,BL/T24,ns,ns,ns/ns,UR
Coprococcus_eutactus,0.0102702181311599,Value,BL,T24,20,20,108,0.927,-0.202445198993584,0.304078790453758,Wilcoxon,two.sided,1,-2.63537870749697,-2.67376594381928,-0.0376687752148555,BL/T24,ns,ns,ns/ns,UR
Coprococcus_SGB4669,-0.224980754625372,Value,BL,T24,20,20,61,0.105,-0.542428544611824,0.0509316634931849,Wilcoxon,two.sided,0.995029304029304,-2.93108198701297,-2.70029042301601,0.207657510361145,BL/T24,ns,ns,ns/ns,UR
Desulfovibrio_piger,0.0972692153490791,Value,BL,T24,20,20,129,0.388,-0.0986978921391439,0.470984539424816,Wilcoxon,two.sided,0.995029304029304,-2.82776874765744,-3.04165936314316,-0.193830586012524,BL/T24,ns,ns,ns/ns,UR
Desulfovibrio_SGB5076,0.186212627661028,Value,BL,T24,20,20,152,0.0826,-0.0383474003069662,0.430252234213005,Wilcoxon,two.sided,0.995029304029304,-2.69718868489187,-2.89681335750457,-0.182008735047585,BL/T24,ns,ns,ns/ns,UR
Desulfovibrio_SGB5077,0.0883637537703637,Value,BL,T24,20,20,122,0.546,-0.261323093763479,0.357992874764822,Wilcoxon,two.sided,0.995029304029304,-2.79863707403791,-2.8891058840707,-0.086607704721667,BL/T24,ns,ns,ns/ns,UR
Dialister_hominis,-0.0617348155010713,Value,BL,T24,20,20,92,0.648,-0.340884556645075,0.223870341976165,Wilcoxon,two.sided,0.995029304029304,-2.77085274065992,-2.71083049814992,0.058289891403822,BL/T24,ns,ns,ns/ns,UR
Dialister_invisus,-0.105283209633456,Value,BL,T24,20,20,90,0.596,-0.473275982275593,0.192934864062065,Wilcoxon,two.sided,0.995029304029304,-2.78786790523232,-2.65658709160194,0.12335045422933,BL/T24,ns,ns,ns/ns,UR
Dorea_formicigenerans,0.0871104001529194,Value,BL,T24,20,20,126,0.452,-0.112894246950022,0.270183084718539,Wilcoxon,two.sided,0.995029304029304,-2.81424406900207,-2.90057494226405,-0.0828058466207534,BL/T24,ns,ns,ns/ns,UR
Dorea_longicatena,0.105776422897192,Value,BL,T24,20,20,125,0.475,-0.151554738868988,0.413926377480392,Wilcoxon,two.sided,0.995029304029304,-2.69203944109277,-2.83290948020074,-0.131791163523303,BL/T24,ns,ns,ns/ns,UR
Dorea_sp_AF36_15AT,0.0521279968928338,Value,BL,T24,20,20,112,0.812,-0.232834678820763,0.487158706260056,Wilcoxon,two.sided,0.995029304029304,-2.76516080405402,-2.91695951027278,-0.141324812820793,BL/T24,ns,ns,ns/ns,UR
Dysosmobacter_sp_BX15,0.0108169663724381,Value,BL,T24,20,20,110,0.869,-0.280593656590842,0.41476205541193,Wilcoxon,two.sided,0.995343971631206,-2.80742034841124,-2.90823872533128,-0.0960538822073464,BL/T24,ns,ns,ns/ns,UR
Dysosmobacter_sp_NSJ_60,0.0263219868348581,Value,BL,T24,20,20,113,0.784,-0.27446053088049,0.331745182309519,Wilcoxon,two.sided,0.995029304029304,-2.84849536979007,-2.88528482635728,-0.0361288773581529,BL/T24,ns,ns,ns/ns,UR
Dysosmobacter_welbionis,-0.115308307902825,Value,BL,T24,20,20,76,0.294,-0.288520084202392,0.150884781458939,Wilcoxon,two.sided,0.995029304029304,-2.65390451855341,-2.60176848491138,0.0508224155014175,BL/T24,ns,ns,ns/ns,UR
Eggerthella_lenta,0.0922242289207339,Value,BL,T24,20,20,129,0.388,-0.104160479061396,0.3440980971884,Wilcoxon,two.sided,0.995029304029304,-2.70124272891089,-2.85959833608558,-0.147001419379328,BL/T24,ns,ns,ns/ns,UR
Eisenbergiella_massiliensis,0.117344797040348,Value,BL,T24,20,20,126,0.452,-0.227656124173731,0.507533678038105,Wilcoxon,two.sided,0.995029304029304,-2.83540404255948,-2.96825186195923,-0.124734656519532,BL/T24,ns,ns,ns/ns,UR
Eisenbergiella_tayi,-0.25318208882464,Value,BL,T24,20,20,55,0.0637,-0.52037675748912,0.0231762926180612,Wilcoxon,two.sided,0.995029304029304,-2.96480377750222,-2.73048661369937,0.210517913368901,BL/T24,ns,ns,ns/ns,UR
Enterobacter_hormaechei,0.256497225718868,Value,BL,T24,20,20,136,0.261,-0.348133074016514,0.632103405259288,Wilcoxon,two.sided,0.995029304029304,-2.88175431359493,-3.00895521411165,-0.119737480499028,BL/T24,ns,ns,ns/ns,UR
Enterobacter_kobei,-0.00110196445619692,Value,BL,T24,20,20,105,1,-0.39752227275798,0.289684386952644,Wilcoxon,two.sided,1,-2.85421700434593,-2.83541431623661,0.0186281026251032,BL/T24,ns,ns,ns/ns,UR
Enterocloster_aldenensis,0.0345746284088851,Value,BL,T24,20,20,119,0.622,-0.232872727000971,0.331704036023896,Wilcoxon,two.sided,0.995029304029304,-2.60740062276597,-2.7067227474992,-0.0946937396015794,BL/T24,ns,ns,ns/ns,UR
Enterocloster_asparagiformis,-0.0216821751453884,Value,BL,T24,20,20,100,0.869,-0.452641467790518,0.203065757007568,Wilcoxon,two.sided,0.995343971631206,-3.03072014911738,-2.80235572730647,0.205683546132614,BL/T24,ns,ns,ns/ns,UR
Enterocloster_bolteae,0.0432611590898796,Value,BL,T24,20,20,121,0.571,-0.136431304915868,0.202155587075345,Wilcoxon,two.sided,0.995029304029304,-2.64732959385797,-2.65433132012757,-0.00697732800466817,BL/T24,ns,ns,ns/ns,UR
Enterocloster_citroniae,-0.022867139038271,Value,BL,T24,20,20,100,0.869,-0.398523950379996,0.225569289238951,Wilcoxon,two.sided,0.995343971631206,-2.75108077530281,-2.65098024631328,0.0954015656189925,BL/T24,ns,ns,ns/ns,UR
Enterocloster_clostridioformis,-0.117743248586382,Value,BL,T24,20,20,79,0.349,-0.304718560730927,0.143379270070178,Wilcoxon,two.sided,0.995029304029304,-2.83279100931643,-2.75973139977244,0.0705140162005466,BL/T24,ns,ns,ns/ns,UR
Enterocloster_lavalensis,-0.0818838647816209,Value,BL,T24,20,20,91,0.622,-0.348041171763938,0.236417249862721,Wilcoxon,two.sided,0.995029304029304,-2.79720873223473,-2.72203698397775,0.0724804146388657,BL/T24,ns,ns,ns/ns,UR
Enterocloster_SGB14313,0.0830910043924885,Value,BL,T24,20,20,116,0.701,-0.268667986432573,0.322619514436522,Wilcoxon,two.sided,0.995029304029304,-2.8246933177234,-2.81845594802433,0.00621799782000598,BL/T24,ns,ns,ns/ns,UR
Erysipelatoclostridium_ramosum,-0.278469226602984,Value,BL,T24,20,20,56,0.0696,-0.500684653232149,0.0300838033019304,Wilcoxon,two.sided,0.995029304029304,-2.86234199989363,-2.60644563451835,0.227849552997852,BL/T24,ns,ns,ns/ns,UR
Escherichia_coli,0.0616960310876571,Value,BL,T24,20,20,116,0.701,-0.211612553869606,0.385077487878759,Wilcoxon,two.sided,0.995029304029304,-2.43787452282997,-2.52964939776529,-0.08780469758499,BL/T24,ns,ns,ns/ns,UR
Eubacteriaceae_bacterium,0.0173778359522911,Value,BL,T24,20,20,106,0.985,-0.451959989888696,0.296120798441113,Wilcoxon,two.sided,1,-2.90119405212001,-2.8176966158775,0.0801941758101294,BL/T24,ns,ns,ns/ns,UR
Eubacteriales_unclassified_SGB15145,-0.134005092912924,Value,BL,T24,20,20,81,0.388,-0.471592592927937,0.211829452188557,Wilcoxon,two.sided,0.995029304029304,-2.86494497357839,-2.7158782334414,0.13895008259051,BL/T24,ns,ns,ns/ns,UR
Eubacterium_ramulus,0.0430058204158329,Value,BL,T24,20,20,121,0.571,-0.207258833487714,0.225634566337119,Wilcoxon,two.sided,0.995029304029304,-2.84410945377314,-2.84445621934944,-0.000346705467010459,BL/T24,ns,ns,ns/ns,UR
Eubacterium_rectale,-0.0368396693940928,Value,BL,T24,20,20,98,0.812,-0.377342250877206,0.205456278204018,Wilcoxon,two.sided,0.995029304029304,-2.50463716918137,-2.45752671389242,0.0460344232570869,BL/T24,ns,ns,ns/ns,UR
Eubacterium_SGB6276,0.128822253797236,Value,BL,T24,20,20,126,0.452,-0.258914505931712,0.403239809225676,Wilcoxon,two.sided,0.995029304029304,-2.75603188782095,-2.80801008696808,-0.0506723908566203,BL/T24,ns,ns,ns/ns,UR
Eubacterium_siraeum,-0.028414514810617,Value,BL,T24,20,20,98,0.812,-0.279359661714093,0.303258899262026,Wilcoxon,two.sided,0.995029304029304,-2.72415718103723,-2.74449321770003,-0.0201320207488253,BL/T24,ns,ns,ns/ns,UR
Eubacterium_sp_AF16_48,0.0900298299860033,Value,BL,T24,20,20,128,0.409,-0.103219103724525,0.276435082083506,Wilcoxon,two.sided,0.995029304029304,-2.72672244177978,-2.79949804806462,-0.0702493143644301,BL/T24,ns,ns,ns/ns,UR
Eubacterium_sp_AF34_35BH,-0.0341280977454801,Value,BL,T24,20,20,94,0.701,-0.328745099572561,0.287870710184076,Wilcoxon,two.sided,0.995029304029304,-2.82281913906911,-2.88632927128407,-0.0615748828482742,BL/T24,ns,ns,ns/ns,UR
Eubacterium_ventriosum,0.0132834878520773,Value,BL,T24,20,20,112,0.812,-0.233275840196501,0.242104646163537,Wilcoxon,two.sided,0.995029304029304,-2.69447586057206,-2.6903380992961,0.00412922428302993,BL/T24,ns,ns,ns/ns,UR
Evtepia_gabavorous,0.0147336525455862,Value,BL,T24,20,20,107,0.956,-0.279376476004833,0.331204580793346,Wilcoxon,two.sided,1,-2.7472075815009,-2.77591120285626,-0.0282993894707721,BL/T24,ns,ns,ns/ns,UR
Faecalibacillus_faecis,0.0567320444476042,Value,BL,T24,20,20,119,0.622,-0.198075674039571,0.522969122657745,Wilcoxon,two.sided,0.995029304029304,-2.73874259612923,-2.88357402410371,-0.135257401691186,BL/T24,ns,ns,ns/ns,UR
Faecalibacillus_intestinalis,0.0676107484397664,Value,BL,T24,20,20,116,0.701,-0.239589508838217,0.466377310789814,Wilcoxon,two.sided,0.995029304029304,-2.75103935189488,-2.8967393375864,-0.136015791428586,BL/T24,ns,ns,ns/ns,UR
Faecalibacterium_prausnitzii,0.0390618700926706,Value,BL,T24,20,20,118,0.648,-0.187947474645209,0.274269283446579,Wilcoxon,two.sided,0.995029304029304,-2.03310665376615,-2.02773343059247,0.00535883891360148,BL/T24,ns,ns,ns/ns,UR
Faecalibacterium_SGB15315,-0.0249340002091634,Value,BL,T24,20,20,101,0.898,-0.286601903564355,0.205405370621089,Wilcoxon,two.sided,1,-2.83974565864556,-2.78202831572418,0.0561131360420492,BL/T24,ns,ns,ns/ns,UR
Faecalibacterium_SGB15346,0.0201923813473995,Value,BL,T24,20,20,113,0.784,-0.171147458767518,0.203776338048947,Wilcoxon,two.sided,0.995029304029304,-2.56039542457283,-2.56891797534455,-0.00848643886785165,BL/T24,ns,ns,ns/ns,UR
Faecalicatena_fissicatena,0.10817035056828,Value,BL,T24,20,20,129,0.388,-0.157031836197546,0.416947488158403,Wilcoxon,two.sided,0.995029304029304,-2.7299613452731,-2.91598828113426,-0.170609011836313,BL/T24,ns,ns,ns/ns,UR
Faecalimonas_umbilicata,0.0367485440166236,Value,BL,T24,20,20,115,0.729,-0.301844093345131,0.369251070694215,Wilcoxon,two.sided,0.995029304029304,-2.94703804834284,-2.99613014441886,-0.047925119722553,BL/T24,ns,ns,ns/ns,UR
Firmicutes_bacterium_AF16_15,0.0484489054656256,Value,BL,T24,20,20,117,0.674,-0.157664618820521,0.252160294203923,Wilcoxon,two.sided,0.995029304029304,-2.69420961445217,-2.72980790138148,-0.0349793147120612,BL/T24,ns,ns,ns/ns,UR
Flavonifractor_plautii,0.105924978461643,Value,BL,T24,20,20,129,0.388,-0.190030766145105,0.337549304158942,Wilcoxon,two.sided,0.995029304029304,-2.64941569454344,-2.70924575747768,-0.0581085772851013,BL/T24,ns,ns,ns/ns,UR
Fusicatenibacter_saccharivorans,-0.0627011126887816,Value,BL,T24,20,20,93,0.674,-0.339501102192782,0.150126232805891,Wilcoxon,two.sided,0.995029304029304,-2.7026069134085,-2.61727817247748,0.0818829281343207,BL/T24,ns,ns,ns/ns,UR
Fusobacterium_mortiferum,-0.239379837696642,Value,BL,T24,20,20,62,0.114,-0.485557571426077,0.104890653514956,Wilcoxon,two.sided,0.995029304029304,-2.88873820542425,-2.69438093307358,0.177608193286381,BL/T24,ns,ns,ns/ns,UR
Fusobacterium_ulcerans,-0.0226488251072033,Value,BL,T24,20,20,103,0.956,-0.320459695601099,0.334848164298493,Wilcoxon,two.sided,1,-2.82721069633945,-2.83034195148362,-0.00312636297454069,BL/T24,ns,ns,ns/ns,UR
Fusobacterium_varium,-0.231277313466769,Value,BL,T24,20,20,58,0.0826,-0.543396071455177,0.049282648920115,Wilcoxon,two.sided,0.995029304029304,-2.87939139936868,-2.65196987526443,0.204915647159536,BL/T24,ns,ns,ns/ns,UR
Gemmiger_formicilis,-0.0869314219388851,Value,BL,T24,20,20,82,0.409,-0.489008850289852,0.258430216436504,Wilcoxon,two.sided,0.995029304029304,-2.79908673303789,-2.70897965244665,0.086275930490441,BL/T24,ns,ns,ns/ns,UR
Gemmiger_SGB15295,-0.113325724929062,Value,BL,T24,20,20,80,0.368,-0.386357946270019,0.116638359751824,Wilcoxon,two.sided,0.995029304029304,-2.84740345846999,-2.72785586777232,0.112924666825443,BL/T24,ns,ns,ns/ns,UR
GGB13493_SGB15238,0.0591364966753894,Value,BL,T24,20,20,126,0.452,-0.167620421238444,0.333927705400987,Wilcoxon,two.sided,0.995029304029304,-2.83100460190113,-2.93310587472954,-0.0972186056266011,BL/T24,ns,ns,ns/ns,UR
GGB1495_SGB2071,-0.0396992316690081,Value,BL,T24,20,20,97,0.784,-0.239844476009832,0.174662702690996,Wilcoxon,two.sided,0.995029304029304,-2.7930701885734,-2.78304599558522,0.00997428401993635,BL/T24,ns,ns,ns/ns,UR
GGB16040_SGB9347,-0.512114116133114,Value,BL,T24,20,20,34,0.00639,-0.901600671914743,-0.159769438627007,Wilcoxon,two.sided,0.995029304029304,-3.22247729061084,-2.6808547295402,0.432835472851774,BL/T24,ns,**,**/ns,UR
GGB1663_SGB2279,-0.166982699003774,Value,BL,T24,20,20,77,0.312,-0.519470558472826,0.143231111469444,Wilcoxon,two.sided,0.995029304029304,-2.96109887577344,-2.77810693209005,0.16804677489985,BL/T24,ns,ns,ns/ns,UR
GGB2998_SGB3988,-0.0566378454339076,Value,BL,T24,20,20,95,0.729,-0.230973032555969,0.155176422383732,Wilcoxon,two.sided,0.995029304029304,-2.70080136946714,-2.67933664055886,0.0212376059552583,BL/T24,ns,ns,ns/ns,UR
GGB3175_SGB4191,0.00714468654523481,Value,BL,T24,20,20,106,0.985,-0.187036525020799,0.224092251378355,Wilcoxon,two.sided,1,-2.67672006058107,-2.73621909295583,-0.0577961854410057,BL/T24,ns,ns,ns/ns,UR
GGB3256_SGB4303,-0.00325678343760294,Value,BL,T24,20,20,104,0.985,-0.309454996102021,0.29176498785878,Wilcoxon,two.sided,1,-2.68572170569256,-2.64196778597515,0.042823752593748,BL/T24,ns,ns,ns/ns,UR
GGB3277_SGB4327,0.144204370085961,Value,BL,T24,20,20,146,0.133,-0.0573935011909636,0.388301578922213,Wilcoxon,two.sided,0.995029304029304,-2.5906637941776,-2.81116813791411,-0.199264169825703,BL/T24,ns,ns,ns/ns,UR
GGB3278_SGB4328,0.130631517221919,Value,BL,T24,20,20,129,0.388,-0.158657679059577,0.377622291078294,Wilcoxon,two.sided,0.995029304029304,-2.69819572241348,-2.84756000952571,-0.139208995712879,BL/T24,ns,ns,ns/ns,UR
GGB3304_SGB4367,-0.109270839741089,Value,BL,T24,20,20,87,0.522,-0.435936107139929,0.27648228021407,Wilcoxon,two.sided,0.995029304029304,-2.81272391961605,-2.76289237631037,0.0486297163513942,BL/T24,ns,ns,ns/ns,UR
GGB3321_SGB4394,0.00156510415806477,Value,BL,T24,20,20,105,1,-0.270987118068013,0.33662459469961,Wilcoxon,two.sided,1,-2.71117062090198,-2.71733639281077,-0.00614684131181449,BL/T24,ns,ns,ns/ns,UR
GGB33469_SGB15236,-0.140718013574546,Value,BL,T24,20,20,73,0.245,-0.600471196742322,0.181665376119915,Wilcoxon,two.sided,0.995029304029304,-2.85740261062194,-2.67624809562749,0.16649236269145,BL/T24,ns,ns,ns/ns,UR
GGB3363_SGB4447,0.0997020632561311,Value,BL,T24,20,20,129,0.388,-0.164491232455075,0.419558727701927,Wilcoxon,two.sided,0.995029304029304,-2.66361243403021,-2.78989470449898,-0.118922182554355,BL/T24,ns,ns,ns/ns,UR
GGB3363_SGB4448,-0.132012468774001,Value,BL,T24,20,20,75,0.277,-0.370399599662959,0.0949875365818991,Wilcoxon,two.sided,0.995029304029304,-2.83379436920679,-2.70214138783723,0.123679379223384,BL/T24,ns,ns,ns/ns,UR
GGB33928_SGB15225,0.0626122220651224,Value,BL,T24,20,20,119,0.622,-0.232763437142487,0.376632201540719,Wilcoxon,two.sided,0.995029304029304,-2.694583331067,-2.80872599899076,-0.108085201459249,BL/T24,ns,ns,ns/ns,UR
GGB3486_SGB4658,0.251023678720242,Value,BL,T24,20,20,147,0.123,-0.064020104276111,0.639722043310698,Wilcoxon,two.sided,0.995029304029304,-2.67699861371657,-2.98695027866407,-0.269990239545709,BL/T24,ns,ns,ns/ns,UR
GGB3490_SGB4664,0.227547169469676,Value,BL,T24,20,20,147,0.123,-0.050937764904857,0.52129773018507,Wilcoxon,two.sided,0.995029304029304,-2.73130049303243,-2.98712410743745,-0.227791623793265,BL/T24,ns,ns,ns/ns,UR
GGB3612_SGB4882,8.27380175336678e-05,Value,BL,T24,20,20,105,1,-0.316937274296345,0.270658331468352,Wilcoxon,two.sided,1,-2.81043988489951,-2.75523107878214,0.0537386678347559,BL/T24,ns,ns,ns/ns,UR
GGB3619_SGB4894,0.1876318266311,Value,BL,T24,20,20,144,0.154,-0.0732195605516857,0.464821858556272,Wilcoxon,two.sided,0.995029304029304,-2.64142447708092,-2.87849729472872,-0.212747958005852,BL/T24,ns,ns,ns/ns,UR
GGB3632_SGB4921,0.228462114002933,Value,BL,T24,20,20,158,0.0484,0.017299968339556,0.452971420400803,Wilcoxon,two.sided,0.995029304029304,-2.55303935176983,-2.76949303976707,-0.195939812641915,BL/T24,ns,*,*/ns,UR
GGB3653_SGB4964,0.453196262667912,Value,BL,T24,20,20,169,0.0153,0.100471082247279,0.822064552949504,Wilcoxon,two.sided,0.995029304029304,-2.72535540862744,-3.20797218582767,-0.393808619242982,BL/T24,ns,*,*/ns,UR
GGB3746_SGB5089,-0.23792877723276,Value,BL,T24,20,20,65,0.143,-0.641688794639589,0.0805678600301536,Wilcoxon,two.sided,0.995029304029304,-2.74732184297548,-2.4449170917495,0.264212364313832,BL/T24,ns,ns,ns/ns,UR
GGB3815_SGB5180,0.0481615780745985,Value,BL,T24,20,20,118,0.648,-0.147067130821561,0.206616474448643,Wilcoxon,two.sided,0.995029304029304,-2.64742045294028,-2.70154431008166,-0.0527099547345706,BL/T24,ns,ns,ns/ns,UR
GGB3819_SGB5184,0.0526963237907293,Value,BL,T24,20,20,116,0.701,-0.284477867837197,0.385771369344904,Wilcoxon,two.sided,0.995029304029304,-2.78477962845978,-2.86951569728586,-0.0813367028630656,BL/T24,ns,ns,ns/ns,UR
GGB3828_SGB5197,0.131412578461671,Value,BL,T24,20,20,148,0.114,-0.0527206672169072,0.369932726544689,Wilcoxon,two.sided,0.995029304029304,-2.53736995893481,-2.7215573896835,-0.169056826930429,BL/T24,ns,ns,ns/ns,UR
GGB42994_SGB4746,0.193561053684957,Value,BL,T24,20,20,136,0.261,-0.148789981640536,0.506899876806448,Wilcoxon,two.sided,0.995029304029304,-2.78201136884737,-2.9374294473604,-0.144462251215989,BL/T24,ns,ns,ns/ns,UR
GGB4578_SGB6328,0.00983955022356942,Value,BL,T24,20,20,106,0.985,-0.268992851056448,0.312492565004689,Wilcoxon,two.sided,1,-2.90519792093982,-2.90110134868218,0.00408820415142404,BL/T24,ns,ns,ns/ns,UR
GGB4596_SGB6358,-0.158173223997848,Value,BL,T24,20,20,45,0.024,-0.330190527601143,-0.0198498746845439,Wilcoxon,two.sided,0.995029304029304,-2.85379753225993,-2.62315594747179,0.207535647040112,BL/T24,ns,*,*/ns,UR
GGB4599_SGB6362,-0.22453276614749,Value,BL,T24,20,20,54,0.0583,-0.52658990220172,0.0101418228188188,Wilcoxon,two.sided,0.995029304029304,-2.86612482387446,-2.62045502972584,0.219673372521372,BL/T24,ns,ns,ns/ns,UR
GGB4605_SGB6376,-0.0466505712099629,Value,BL,T24,20,20,93,0.674,-0.285466103487709,0.185564732090772,Wilcoxon,two.sided,0.995029304029304,-2.8717933123788,-2.80368931620045,0.0658851104962268,BL/T24,ns,ns,ns/ns,UR
GGB4651_SGB6438,-0.0995189796043531,Value,BL,T24,20,20,95,0.729,-0.475170661313264,0.227622005874767,Wilcoxon,two.sided,0.995029304029304,-2.85442402069761,-2.78856940429422,0.0637769340819318,BL/T24,ns,ns,ns/ns,UR
GGB4684_SGB6478,-0.0707722362665462,Value,BL,T24,20,20,98,0.812,-0.348114691576524,0.372054964905691,Wilcoxon,two.sided,0.995029304029304,-2.74195235138266,-2.78699974195066,-0.0440622342143411,BL/T24,ns,ns,ns/ns,UR
GGB51269_SGB5062,-0.0613638927730533,Value,BL,T24,20,20,86,0.498,-0.351029134090296,0.152590979719,Wilcoxon,two.sided,0.995029304029304,-2.88482606844666,-2.79862889804052,0.0826827615757623,BL/T24,ns,ns,ns/ns,UR
GGB51647_SGB4348,0.0146992700460934,Value,BL,T24,20,20,109,0.898,-0.321876611245034,0.294850072431607,Wilcoxon,two.sided,1,-2.71350057943009,-2.69081939935513,0.0224277864653012,BL/T24,ns,ns,ns/ns,UR
GGB51884_SGB49168,0.00719956171481184,Value,BL,T24,20,20,108,0.927,-0.347716861138296,0.397650760638683,Wilcoxon,two.sided,1,-2.86148482586034,-2.81735546054004,0.0431833949258917,BL/T24,ns,ns,ns/ns,UR
GGB53985_SGB6367,-0.0728310943146804,Value,BL,T24,20,20,99,0.841,-0.474640299202276,0.245165806624286,Wilcoxon,two.sided,0.995029304029304,-2.96651579391779,-2.86583222816109,0.0959314102159294,BL/T24,ns,ns,ns/ns,UR
GGB58714_SGB5072,-0.198151784233229,Value,BL,T24,20,20,73,0.245,-0.636083831642922,0.179939117866257,Wilcoxon,two.sided,0.995029304029304,-2.90123626052424,-2.64599373614932,0.227328800427926,BL/T24,ns,ns,ns/ns,UR
GGB6569_SGB9281,0.0971881568541945,Value,BL,T24,20,20,122,0.546,-0.234005795940428,0.351088128847812,Wilcoxon,two.sided,0.995029304029304,-2.66735859640541,-2.71366297758029,-0.0452643186988576,BL/T24,ns,ns,ns/ns,UR
GGB79734_SGB15291,0.0426832848313997,Value,BL,T24,20,20,113,0.784,-0.232871992184119,0.317439083338858,Wilcoxon,two.sided,0.995029304029304,-2.73546377998247,-2.78822449750817,-0.0514159685121928,BL/T24,ns,ns,ns/ns,UR
GGB79916_SGB4587,-0.0878245700549619,Value,BL,T24,20,20,82,0.409,-0.233912942777603,0.148384897561518,Wilcoxon,two.sided,0.995029304029304,-2.63034965613795,-2.57441335971895,0.0544278581036185,BL/T24,ns,ns,ns/ns,UR
GGB80011_SGB15265,0.0506481035227312,Value,BL,T24,20,20,117,0.674,-0.241300821473407,0.301209369026568,Wilcoxon,two.sided,0.995029304029304,-2.80399255271302,-2.81253950925065,-0.00851063809928438,BL/T24,ns,ns,ns/ns,UR
GGB80011_SGB15267,0.0529779417888744,Value,BL,T24,20,20,116,0.701,-0.382569523915728,0.332619932844174,Wilcoxon,two.sided,0.995029304029304,-2.84379632074563,-2.84337496334625,0.000421268653275881,BL/T24,ns,ns,ns/ns,UR
GGB9061_SGB13979,0.215204886865682,Value,BL,T24,20,20,137,0.245,-0.143050538810483,0.577048717667979,Wilcoxon,two.sided,0.995029304029304,-2.6798645367492,-2.89646129462424,-0.196057417994658,BL/T24,ns,ns,ns/ns,UR
GGB9062_SGB13981,-0.0478383673605878,Value,BL,T24,20,20,94,0.701,-0.3349196509295,0.239229768344784,Wilcoxon,two.sided,0.995029304029304,-2.9263229187153,-2.85453971026659,0.0693238112724693,BL/T24,ns,ns,ns/ns,UR
GGB9063_SGB13982,0.0326070001369317,Value,BL,T24,20,20,116,0.701,-0.166898580628314,0.388426502833204,Wilcoxon,two.sided,0.995029304029304,-2.79843501912564,-2.91101010172055,-0.106677222753864,BL/T24,ns,ns,ns/ns,UR
GGB9302_SGB14263,-0.0600829583154706,Value,BL,T24,20,20,96,0.756,-0.431140261895097,0.382801985363991,Wilcoxon,two.sided,0.995029304029304,-2.9060225147788,-2.87434208491239,0.0311889581223448,BL/T24,ns,ns,ns/ns,UR
GGB9342_SGB14306,0.0216174678436311,Value,BL,T24,20,20,113,0.784,-0.217699927425235,0.252383718202873,Wilcoxon,two.sided,0.995029304029304,-2.70108110267298,-2.71116704999723,-0.0100354235933167,BL/T24,ns,ns,ns/ns,UR
GGB9345_SGB14311,-0.112023345095781,Value,BL,T24,20,20,84,0.452,-0.410207189782922,0.147893584392934,Wilcoxon,two.sided,0.995029304029304,-2.85929579594082,-2.72989293119675,0.121689054771947,BL/T24,ns,ns,ns/ns,UR
GGB9480_SGB14874,-0.102379308051901,Value,BL,T24,20,20,86,0.498,-0.357826065677331,0.144821453322553,Wilcoxon,two.sided,0.995029304029304,-2.79969928120404,-2.70311204309361,0.0922028462312591,BL/T24,ns,ns,ns/ns,UR
GGB9524_SGB14924,-0.0901522232511975,Value,BL,T24,20,20,90,0.596,-0.344651171643624,0.268683463748884,Wilcoxon,two.sided,0.995029304029304,-2.82508871890785,-2.81173124325646,0.0132690511221988,BL/T24,ns,ns,ns/ns,UR
GGB9593_SGB15015,-0.257985042095224,Value,BL,T24,20,20,64,0.133,-0.600506498947666,0.129324083920891,Wilcoxon,two.sided,0.995029304029304,-2.96543087390556,-2.69506163109457,0.239307600583984,BL/T24,ns,ns,ns/ns,UR
GGB9595_SGB15019,-0.0601444988913156,Value,BL,T24,20,20,95,0.729,-0.416044647960197,0.262131290806752,Wilcoxon,two.sided,0.995029304029304,-2.84049348846638,-2.76065176676036,0.0768144764201384,BL/T24,ns,ns,ns/ns,UR
GGB9602_SGB15028,-0.0220162878826489,Value,BL,T24,20,20,99,0.841,-0.316413777470199,0.134482367961696,Wilcoxon,two.sided,0.995029304029304,-2.76354101155737,-2.6632507298725,0.0955740374316321,BL/T24,ns,ns,ns/ns,UR
GGB9602_SGB15031,0.0833716718807359,Value,BL,T24,20,20,114,0.756,-0.36914325940829,0.460837170197723,Wilcoxon,two.sided,0.995029304029304,-2.96138470130789,-2.91926610578359,0.0412557521371483,BL/T24,ns,ns,ns/ns,UR
GGB9614_SGB15049,0.0497398547101937,Value,BL,T24,20,20,114,0.756,-0.285728976333568,0.353648622653445,Wilcoxon,two.sided,0.995029304029304,-2.73537895312723,-2.76538490114782,-0.0295645770021432,BL/T24,ns,ns,ns/ns,UR
GGB9616_SGB15051,0.0705983099445257,Value,BL,T24,20,20,119,0.622,-0.18783151418472,0.308262600637743,Wilcoxon,two.sided,0.995029304029304,-2.78432276037609,-2.81395062934263,-0.0291974446942715,BL/T24,ns,ns,ns/ns,UR
GGB9616_SGB15052,0.137571629227487,Value,BL,T24,20,20,135,0.277,-0.104239911384831,0.348549157838982,Wilcoxon,two.sided,0.995029304029304,-2.75317196407803,-2.86655914933942,-0.107406887145965,BL/T24,ns,ns,ns/ns,UR
GGB9627_SGB15081,-0.148887844210434,Value,BL,T24,20,20,62,0.114,-0.374824982859398,0.0625596544433522,Wilcoxon,two.sided,0.995029304029304,-2.85715831097316,-2.65606344492339,0.183233529195488,BL/T24,ns,ns,ns/ns,UR
GGB9634_SGB15093,0.0650562261354674,Value,BL,T24,20,20,121,0.571,-0.213275587114825,0.309554483527688,Wilcoxon,two.sided,0.995029304029304,-2.76124308841793,-2.79746441571582,-0.0355807574082074,BL/T24,ns,ns,ns/ns,UR
GGB9635_SGB15103,0.144800918364006,Value,BL,T24,20,20,133,0.312,-0.171015007025621,0.420512696627587,Wilcoxon,two.sided,0.995029304029304,-2.75664304272167,-2.89912472343265,-0.133202809269026,BL/T24,ns,ns,ns/ns,UR
GGB9635_SGB15106,-0.098854800353954,Value,BL,T24,20,20,90,0.596,-0.417824484286415,0.280620730729931,Wilcoxon,two.sided,0.995029304029304,-2.87808076758885,-2.80200211141846,0.0733235595979775,BL/T24,ns,ns,ns/ns,UR
GGB9677_SGB15180,0.0217063978019867,Value,BL,T24,20,20,112,0.812,-0.278479960198502,0.299245482079082,Wilcoxon,two.sided,0.995029304029304,-2.93129573454555,-2.90993024743045,0.0211404448769883,BL/T24,ns,ns,ns/ns,UR
GGB9691_SGB15198,-0.0669521239484103,Value,BL,T24,20,20,96,0.756,-0.451821642322429,0.204172325949878,Wilcoxon,two.sided,0.995029304029304,-2.93034093634842,-2.72384181517736,0.1877228776708,BL/T24,ns,ns,ns/ns,UR
GGB9699_SGB15216,0.168621285180625,Value,BL,T24,20,20,139,0.216,-0.120822725434977,0.393456522909781,Wilcoxon,two.sided,0.995029304029304,-2.62472235978344,-2.78320382023789,-0.147110061701782,BL/T24,ns,ns,ns/ns,UR
GGB9707_SGB15229,0.316310674091864,Value,BL,T24,20,20,160,0.04,0.00928656063349487,0.612411965979808,Wilcoxon,two.sided,0.995029304029304,-2.63290534168637,-2.9538395998577,-0.278339257588185,BL/T24,ns,*,*/ns,UR
GGB9708_SGB15233,0.00818851358875083,Value,BL,T24,20,20,109,0.898,-0.261266375779925,0.260516067929579,Wilcoxon,two.sided,1,-2.84703646842042,-2.85771801256361,-0.0106248994619774,BL/T24,ns,ns,ns/ns,UR
GGB9708_SGB15234,0.0252524488920589,Value,BL,T24,20,20,109,0.898,-0.22713386608948,0.210900735144773,Wilcoxon,two.sided,1,-2.80510146789371,-2.77889488427567,0.0258690750362702,BL/T24,ns,ns,ns/ns,UR
GGB9712_SGB15244,0.0401147709482045,Value,BL,T24,20,20,119,0.622,-0.161617099257466,0.220889919073315,Wilcoxon,two.sided,0.995029304029304,-2.69404076799475,-2.70239384869768,-0.00831838679112563,BL/T24,ns,ns,ns/ns,UR
GGB9713_SGB15249,-0.355934154779216,Value,BL,T24,20,20,44,0.0215,-0.593131149444551,-0.0578880191530244,Wilcoxon,two.sided,0.995029304029304,-2.97206021131648,-2.64486876784755,0.283065012818562,BL/T24,ns,*,*/ns,UR
GGB9747_SGB15356,0.047498537297947,Value,BL,T24,20,20,114,0.756,-0.188933877075287,0.310941725416749,Wilcoxon,two.sided,0.995029304029304,-2.6452348030356,-2.72351748074407,-0.0753696623313997,BL/T24,ns,ns,ns/ns,UR
GGB9758_SGB15368,-0.218344799668889,Value,BL,T24,20,20,53,0.0532,-0.653711685228218,0.0136498595207004,Wilcoxon,two.sided,0.995029304029304,-2.91829338532264,-2.55641445518291,0.30886531254258,BL/T24,ns,ns,ns/ns,UR
GGB9760_SGB15373,0.0354542943017977,Value,BL,T24,20,20,116,0.701,-0.23891887512236,0.368849757131168,Wilcoxon,two.sided,0.995029304029304,-2.76481108779794,-2.81472157262769,-0.0487049079921307,BL/T24,ns,ns,ns/ns,UR
GGB9760_SGB15374,0.254290256410504,Value,BL,T24,20,20,156,0.0583,-0.00797370595505686,0.44109540798356,Wilcoxon,two.sided,0.995029304029304,-2.62339338958368,-2.85540389599312,-0.208647393004698,BL/T24,ns,ns,ns/ns,UR
GGB9813_SGB15447,-0.0506044724078227,Value,BL,T24,20,20,98,0.812,-0.304235466320883,0.2836401195209,Wilcoxon,two.sided,0.995029304029304,-2.74996465377621,-2.75631459832178,-0.00632986859035222,BL/T24,ns,ns,ns/ns,UR
Haemophilus_parainfluenzae,0.0501288206411433,Value,BL,T24,20,20,120,0.596,-0.211227813959813,0.327266766115301,Wilcoxon,two.sided,0.995029304029304,-2.7275252269641,-2.77858976464525,-0.0498034959859019,BL/T24,ns,ns,ns/ns,UR
Holdemanella_biformis,-0.0692114775112367,Value,BL,T24,20,20,85,0.475,-0.363620924797761,0.141499090826009,Wilcoxon,two.sided,0.995029304029304,-2.78814035580769,-2.69006940203711,0.0935549619198794,BL/T24,ns,ns,ns/ns,UR
Holdemanella_porci,0.0665757974055931,Value,BL,T24,20,20,120,0.596,-0.156812980900157,0.334657898881433,Wilcoxon,two.sided,0.995029304029304,-2.68643628545368,-2.79220819380072,-0.100543650680613,BL/T24,ns,ns,ns/ns,UR
Holdemania_filiformis,0.199959238195382,Value,BL,T24,20,20,149,0.105,-0.0205467463959303,0.513869320399922,Wilcoxon,two.sided,0.995029304029304,-2.70476695734418,-2.9447269328169,-0.215079101251428,BL/T24,ns,ns,ns/ns,UR
Holdemania_massiliensis,-0.0927139855971726,Value,BL,T24,20,20,86,0.498,-0.335466950098108,0.190141447645867,Wilcoxon,two.sided,0.995029304029304,-2.90785601967176,-2.9034317069953,0.00441455417764469,BL/T24,ns,ns,ns/ns,UR
Hungatella_hathewayi,0.177569358392928,Value,BL,T24,20,20,137,0.245,-0.125894540419014,0.480323785472896,Wilcoxon,two.sided,0.995029304029304,-2.66937767803888,-2.84075941991665,-0.158184027970007,BL/T24,ns,ns,ns/ns,UR
Hydrogenoanaerobacterium_saccharovorans,-0.229241893101164,Value,BL,T24,20,20,56,0.0696,-0.451553209564276,0.0212419695540114,Wilcoxon,two.sided,0.995029304029304,-2.94321380964652,-2.73152484047853,0.192015228613995,BL/T24,ns,ns,ns/ns,UR
Intestinibacter_bartlettii,0.14194499577152,Value,BL,T24,20,20,125,0.475,-0.203385889114586,0.382627276342358,Wilcoxon,two.sided,0.995029304029304,-2.76594588151138,-2.88650226337932,-0.113825331482815,BL/T24,ns,ns,ns/ns,UR
Intestinimonas_butyriciproducens,0.00885405049491594,Value,BL,T24,20,20,107,0.956,-0.270067294684541,0.340982006890774,Wilcoxon,two.sided,1,-2.73026964600923,-2.8013820928709,-0.0686977783554767,BL/T24,ns,ns,ns/ns,UR
Intestinimonas_massiliensis,-0.106231184935238,Value,BL,T24,20,20,88,0.546,-0.473533420012998,0.198397199572474,Wilcoxon,two.sided,0.995029304029304,-2.95344575865687,-2.80610521475982,0.137446693729943,BL/T24,ns,ns,ns/ns,UR
Klebsiella_pneumoniae,-0.235757335863787,Value,BL,T24,20,20,59,0.0897,-0.518801400832853,0.0338873303346896,Wilcoxon,two.sided,0.995029304029304,-2.91456050333842,-2.66585712386698,0.222105716527104,BL/T24,ns,ns,ns/ns,UR
Klebsiella_quasipneumoniae,0.142816787329417,Value,BL,T24,20,20,138,0.231,-0.0959315378012804,0.333318872529095,Wilcoxon,two.sided,0.995029304029304,-2.82414882083067,-2.85252707951831,-0.0279830552756167,BL/T24,ns,ns,ns/ns,UR
Klebsiella_variicola,-0.10400838805952,Value,BL,T24,20,20,85,0.475,-0.357015463306959,0.189677395133935,Wilcoxon,two.sided,0.995029304029304,-2.80216727201828,-2.73824793666701,0.0619595754057447,BL/T24,ns,ns,ns/ns,UR
Lachnospira_eligens,-0.075600226154665,Value,BL,T24,20,20,92,0.648,-0.342808270602042,0.298728811514851,Wilcoxon,two.sided,0.995029304029304,-2.41247874722286,-2.45886406685115,-0.0453416722151774,BL/T24,ns,ns,ns/ns,UR
Lachnospira_pectinoschiza,0.30206521725925,Value,BL,T24,20,20,150,0.0973,-0.0579265128856592,0.620533975611696,Wilcoxon,two.sided,0.995029304029304,-2.3356403499249,-2.64783590627831,-0.271701731513376,BL/T24,ns,ns,ns/ns,UR
Lachnospira_sp_NSJ_43,-0.0391830369622378,Value,BL,T24,20,20,94,0.701,-0.308003004435441,0.235237568050856,Wilcoxon,two.sided,0.995029304029304,-2.73205040716395,-2.8606482033461,-0.120975973850442,BL/T24,ns,ns,ns/ns,UR
Lachnospiraceae_bacterium_AM48_27BH,-0.106364884026512,Value,BL,T24,20,20,81,0.388,-0.32344056483718,0.219794115605788,Wilcoxon,two.sided,0.995029304029304,-2.88602938188724,-2.86088615345094,0.0248323378881475,BL/T24,ns,ns,ns/ns,UR
Lachnospiraceae_bacterium_BX3,-0.0100668012713013,Value,BL,T24,20,20,102,0.927,-0.245053918281508,0.207945344423106,Wilcoxon,two.sided,1,-2.76067704519876,-2.77440826219332,-0.0136377980337308,BL/T24,ns,ns,ns/ns,UR
Lachnospiraceae_bacterium_Marseille_Q4251,0.159996164009431,Value,BL,T24,20,20,134,0.294,-0.106228181533771,0.396756503260318,Wilcoxon,two.sided,0.995029304029304,-2.68303696585157,-2.82913101978305,-0.136359686418305,BL/T24,ns,ns,ns/ns,UR
Lachnospiraceae_bacterium_OM04_12BH,-0.0975737358647744,Value,BL,T24,20,20,95,0.729,-0.391889194660571,0.194212796781687,Wilcoxon,two.sided,0.995029304029304,-2.95749071303408,-2.77495299058169,0.167662741469125,BL/T24,ns,ns,ns/ns,UR
Lacrimispora_amygdalina,0.146478585385735,Value,BL,T24,20,20,143,0.165,-0.0650437340065118,0.30147050316531,Wilcoxon,two.sided,0.995029304029304,-2.59325120232923,-2.72255201485655,-0.121598691243663,BL/T24,ns,ns,ns/ns,UR
Lacrimispora_celerecrescens,0.00142337275259619,Value,BL,T24,20,20,106,0.985,-0.265142831104428,0.30288785519817,Wilcoxon,two.sided,1,-2.75108141920053,-2.76905251832883,-0.017811527871011,BL/T24,ns,ns,ns/ns,UR
Lacrimispora_saccharolytica,-0.0260823848332971,Value,BL,T24,20,20,99,0.841,-0.418401049094592,0.307023678775665,Wilcoxon,two.sided,0.995029304029304,-2.88766777754958,-2.80340539943318,0.0808999199618371,BL/T24,ns,ns,ns/ns,UR
Lawsonibacter_asaccharolyticus,0.0786327643401689,Value,BL,T24,20,20,121,0.571,-0.203954175647279,0.366457596481975,Wilcoxon,two.sided,0.995029304029304,-2.74013681138224,-2.82417367200968,-0.0806919067081779,BL/T24,ns,ns,ns/ns,UR
Longicatena_caecimuris,-0.208227330721324,Value,BL,T24,20,20,67,0.165,-0.475869490534481,0.0843082448534547,Wilcoxon,two.sided,0.995029304029304,-2.74222139837922,-2.57418574698155,0.155323407397115,BL/T24,ns,ns,ns/ns,UR
Megamonas_funiformis,-0.0126821069709265,Value,BL,T24,20,20,103,0.956,-0.291316276957112,0.359468538090406,Wilcoxon,two.sided,1,-2.6440814456921,-2.73802504694763,-0.0897891498880191,BL/T24,ns,ns,ns/ns,UR
Megasphaera_sp_NM10,0.0764352040587783,Value,BL,T24,20,20,124,0.498,-0.173869380343099,0.322353752688115,Wilcoxon,two.sided,0.995029304029304,-2.76770050907358,-2.77740336499847,-0.00965608551268343,BL/T24,ns,ns,ns/ns,UR
Mesosutterella_multiformis,0.0750629800610523,Value,BL,T24,20,20,121,0.571,-0.2115257615115,0.384645541927489,Wilcoxon,two.sided,0.995029304029304,-2.65297106871551,-2.73890409987331,-0.082439554009788,BL/T24,ns,ns,ns/ns,UR
Negativibacillus_massiliensis,-0.0298139724445196,Value,BL,T24,20,20,102,0.927,-0.292558058873625,0.251490137846355,Wilcoxon,two.sided,1,-2.75041527408449,-2.77386315668945,-0.023177204065456,BL/T24,ns,ns,ns/ns,UR
Odoribacter_sp_AF15_53,-0.00934988261908443,Value,BL,T24,20,20,104,0.985,-0.220768254482684,0.183124120642064,Wilcoxon,two.sided,1,-2.69893749357523,-2.6627893947101,0.0355100861930624,BL/T24,ns,ns,ns/ns,UR
Odoribacter_splanchnicus,-0.101532030706284,Value,BL,T24,20,20,78,0.33,-0.337477456108958,0.115996740454263,Wilcoxon,two.sided,0.995029304029304,-2.78326903070163,-2.67262340422495,0.104941491708561,BL/T24,ns,ns,ns/ns,UR
Oscillibacter_sp_ER4,0.135193096797831,Value,BL,T24,20,20,142,0.177,-0.0568536479631645,0.320995545960297,Wilcoxon,two.sided,0.995029304029304,-2.53918108527382,-2.66578164402415,-0.119204743439951,BL/T24,ns,ns,ns/ns,UR
Oscillospiraceae_bacterium_Marseille_Q3528,0.0652737388568629,Value,BL,T24,20,20,114,0.756,-0.292767461572579,0.413133703504472,Wilcoxon,two.sided,0.995029304029304,-2.80512146768713,-2.87339685576627,-0.0660455613060555,BL/T24,ns,ns,ns/ns,UR
Oscillospiraceae_bacterium_N12,0.0680471276115359,Value,BL,T24,20,20,119,0.622,-0.274134535237018,0.396160941093122,Wilcoxon,two.sided,0.995029304029304,-2.80402431146611,-2.87290578013496,-0.0666127453235007,BL/T24,ns,ns,ns/ns,UR
Oscillospiraceae_unclassified_SGB15252,-0.0224807339828148,Value,BL,T24,20,20,101,0.898,-0.359877796316257,0.26799104835176,Wilcoxon,two.sided,1,-2.75386429576481,-2.71190222354436,0.0411055436480384,BL/T24,ns,ns,ns/ns,UR
Oscillospiraceae_unclassified_SGB15256,-0.180812706207251,Value,BL,T24,20,20,68,0.177,-0.457767481035974,0.0925933653241939,Wilcoxon,two.sided,0.995029304029304,-2.84586853271302,-2.67768781045625,0.155447600396462,BL/T24,ns,ns,ns/ns,UR
Parabacteroides_distasonis,0.0865504206437752,Value,BL,T24,20,20,134,0.294,-0.065427258890139,0.227060770391942,Wilcoxon,two.sided,0.995029304029304,-2.25966947766503,-2.34604128598927,-0.0828435278576887,BL/T24,ns,ns,ns/ns,UR
Parabacteroides_faecis,-0.072742715181713,Value,BL,T24,20,20,96,0.756,-0.454728855100499,0.367564357094898,Wilcoxon,two.sided,0.995029304029304,-2.83691874515447,-2.76623013432626,0.0683020029985943,BL/T24,ns,ns,ns/ns,UR
Parabacteroides_goldsteinii,0.128626200946574,Value,BL,T24,20,20,129,0.388,-0.192116161121924,0.396729497474801,Wilcoxon,two.sided,0.995029304029304,-2.67934710977154,-2.76691236701447,-0.0839414888405414,BL/T24,ns,ns,ns/ns,UR
Parabacteroides_johnsonii,0.213225838288329,Value,BL,T24,20,20,162,0.0328,0.0179785154180983,0.461917249253849,Wilcoxon,two.sided,0.995029304029304,-2.64080042727679,-2.9408294691965,-0.262386604156198,BL/T24,ns,*,*/ns,UR
Parabacteroides_merdae,-0.0115202186185031,Value,BL,T24,20,20,99,0.841,-0.257504646962386,0.267868499101185,Wilcoxon,two.sided,0.995029304029304,-2.53254940064766,-2.48641491612562,0.0451019276670453,BL/T24,ns,ns,ns/ns,UR
Parabacteroides_sp_TM07_1AC,-0.170924259734747,Value,BL,T24,20,20,62,0.114,-0.385756181153315,0.0701363750168527,Wilcoxon,two.sided,0.995029304029304,-2.83506971049747,-2.70268904200374,0.124322202839783,BL/T24,ns,ns,ns/ns,UR
Paraprevotella_clara,-0.0520805022330854,Value,BL,T24,20,20,97,0.784,-0.320592436559975,0.325731770349066,Wilcoxon,two.sided,0.995029304029304,-2.76924766677277,-2.80456430571594,-0.0347073112759374,BL/T24,ns,ns,ns/ns,UR
Parasutterella_excrementihominis,0.0700845063809127,Value,BL,T24,20,20,129,0.388,-0.113956116735669,0.230977661255466,Wilcoxon,two.sided,0.995029304029304,-2.63996691200131,-2.70949393785527,-0.0672165188367176,BL/T24,ns,ns,ns/ns,UR
Parasutterella_SGB9260,-0.149765434599994,Value,BL,T24,20,20,83,0.43,-0.509029807104792,0.268963954402483,Wilcoxon,two.sided,0.995029304029304,-2.77479928445545,-2.66113601921599,0.107654820442152,BL/T24,ns,ns,ns/ns,UR
Phascolarctobacterium_faecium,-0.0482870374531502,Value,BL,T24,20,20,99,0.841,-0.270802202123007,0.190057062425718,Wilcoxon,two.sided,0.995029304029304,-2.38498970569382,-2.33873334582305,0.0452184215326042,BL/T24,ns,ns,ns/ns,UR
Phascolarctobacterium_SGB5790,0.0311092527523859,Value,BL,T24,20,20,113,0.784,-0.179279017282503,0.247777883861758,Wilcoxon,two.sided,0.995029304029304,-2.70345800265825,-2.72434962489486,-0.0206763849064537,BL/T24,ns,ns,ns/ns,UR
Phascolarctobacterium_succinatutens,0.0443925825357823,Value,BL,T24,20,20,113,0.784,-0.281811701873153,0.35840084743824,Wilcoxon,two.sided,0.995029304029304,-2.82140607876903,-2.79282048967414,0.0281846440475165,BL/T24,ns,ns,ns/ns,UR
Phocaeicola_coprocola,0.045522915998596,Value,BL,T24,20,20,114,0.756,-0.199166475071116,0.202508652516005,Wilcoxon,two.sided,0.995029304029304,-2.38574083448883,-2.3675147952635,0.0180619359415876,BL/T24,ns,ns,ns/ns,UR
Phocaeicola_coprophilus,0.282226780088843,Value,BL,T24,20,20,145,0.143,-0.0796660164680116,0.611779763942858,Wilcoxon,two.sided,0.995029304029304,-2.82346405269281,-3.05336900682961,-0.206936893339094,BL/T24,ns,ns,ns/ns,UR
Phocaeicola_dorei,0.0403161963205197,Value,BL,T24,20,20,111,0.841,-0.231924121723229,0.331921177533026,Wilcoxon,two.sided,0.995029304029304,-2.46531848528783,-2.53411927491343,-0.0665372625963785,BL/T24,ns,ns,ns/ns,UR
Phocaeicola_massiliensis,-0.136514721299435,Value,BL,T24,20,20,76,0.294,-0.391295522238562,0.125808908112593,Wilcoxon,two.sided,0.995029304029304,-2.61491780314778,-2.46834072946163,0.136781046251378,BL/T24,ns,ns,ns/ns,UR
Phocaeicola_plebeius,-0.020074346231635,Value,BL,T24,20,20,101,0.898,-0.291777985082666,0.293239872374857,Wilcoxon,two.sided,1,-2.3384180697782,-2.32069753468198,0.0175653569587369,BL/T24,ns,ns,ns/ns,UR
Phocaeicola_SGB6473,0.118975118912855,Value,BL,T24,20,20,132,0.33,-0.18021196225222,0.317460824552183,Wilcoxon,two.sided,0.995029304029304,-2.59313726251804,-2.63349121115735,-0.0395609904824957,BL/T24,ns,ns,ns/ns,UR
Phocaeicola_vulgatus,0.0817074650343279,Value,BL,T24,20,20,126,0.452,-0.157280599036818,0.385366222902119,Wilcoxon,two.sided,0.995029304029304,-1.82538443936363,-1.94982982949387,-0.11728992754767,BL/T24,ns,ns,ns/ns,UR
Prevotella_bivia,-0.371120760126004,Value,BL,T24,20,20,38,0.0107,-0.615241645098672,-0.105081071539492,Wilcoxon,two.sided,0.995029304029304,-3.10070219230843,-2.69168689274282,0.342891091314376,BL/T24,ns,*,*/ns,UR
Prevotella_copri_clade_A,0.276778767853417,Value,BL,T24,20,20,142,0.177,-0.0956291141327805,0.750555215020189,Wilcoxon,two.sided,0.995029304029304,-2.63001991461283,-3.01984522497685,-0.329178063247603,BL/T24,ns,ns,ns/ns,UR
Prevotella_copri_clade_C,0.0669308364306431,Value,BL,T24,20,20,117,0.674,-0.204785861766854,0.323037668916182,Wilcoxon,two.sided,0.995029304029304,-2.62726625026667,-2.69382636387322,-0.0644386226540256,BL/T24,ns,ns,ns/ns,UR
Prevotella_corporis,-0.16035801211942,Value,BL,T24,20,20,85,0.475,-0.546557331212463,0.274998150780785,Wilcoxon,two.sided,0.995029304029304,-2.95912586926122,-2.84161974245187,0.111099530094,BL/T24,ns,ns,ns/ns,UR
Prevotella_disiens,0.00222708004478245,Value,BL,T24,20,20,105,1,-0.343689423940131,0.351522120870063,Wilcoxon,two.sided,1,-2.79336488271091,-2.83152118678412,-0.0374463553661466,BL/T24,ns,ns,ns/ns,UR
Prevotella_stercorea,-0.0119907621011411,Value,BL,T24,20,20,100,0.869,-0.199544185244768,0.164254406334563,Wilcoxon,two.sided,0.995343971631206,-2.60855617025427,-2.61216025250309,-0.00359760310730092,BL/T24,ns,ns,ns/ns,UR
Prevotella_timonensis,-0.26211056996378,Value,BL,T24,20,20,64,0.133,-0.62012957252746,0.0820752417326143,Wilcoxon,two.sided,0.995029304029304,-3.00287851831151,-2.73459229311097,0.237666560195357,BL/T24,ns,ns,ns/ns,UR
Pseudoruminococcus_massiliensis,0.150559481553986,Value,BL,T24,20,20,140,0.202,-0.0575487972168358,0.334234794641057,Wilcoxon,two.sided,0.995029304029304,-2.65130137150315,-2.77382812933306,-0.115582178060539,BL/T24,ns,ns,ns/ns,UR
Rheinheimera_SGB14999,0.128213568574595,Value,BL,T24,20,20,138,0.231,-0.041118792960988,0.374722685129634,Wilcoxon,two.sided,0.995029304029304,-2.6477302249515,-2.83034679386752,-0.167729414889917,BL/T24,ns,ns,ns/ns,UR
Romboutsia_timonensis,-0.0630819982936064,Value,BL,T24,20,20,90,0.596,-0.287716635130027,0.168810329200611,Wilcoxon,two.sided,0.995029304029304,-2.7775323104448,-2.72692081593689,0.0493723703763135,BL/T24,ns,ns,ns/ns,UR
Roseburia_faecis,-0.064520997095105,Value,BL,T24,20,20,84,0.452,-0.251530989673966,0.0929566716911774,Wilcoxon,two.sided,0.995029304029304,-2.62564468950818,-2.53044250671503,0.0909389880444855,BL/T24,ns,ns,ns/ns,UR
Roseburia_hominis,-0.137938426843802,Value,BL,T24,20,20,72,0.231,-0.399637016772577,0.0944185088773384,Wilcoxon,two.sided,0.995029304029304,-2.73727241924341,-2.60286900104799,0.126106890010005,BL/T24,ns,ns,ns/ns,UR
Roseburia_intestinalis,0.143171365684096,Value,BL,T24,20,20,148,0.114,-0.0192575140424245,0.393189621024336,Wilcoxon,two.sided,0.995029304029304,-2.442084105041,-2.68331940530152,-0.216107093616701,BL/T24,ns,ns,ns/ns,UR
Roseburia_inulinivorans,-0.17137354678037,Value,BL,T24,20,20,62,0.114,-0.438111621596446,0.0357722746237039,Wilcoxon,two.sided,0.995029304029304,-2.70797209324997,-2.51620651387612,0.175435887703614,BL/T24,ns,ns,ns/ns,UR
Roseburia_sp_AF02_12,-0.210394694892041,Value,BL,T24,20,20,63,0.123,-0.687965382447822,0.0973195772823661,Wilcoxon,two.sided,0.995029304029304,-2.95323361497411,-2.63587654205779,0.275627511993644,BL/T24,ns,ns,ns/ns,UR
Roseburia_sp_AM16_25,-0.170791626177508,Value,BL,T24,20,20,74,0.261,-0.43580290450633,0.118510473513439,Wilcoxon,two.sided,0.995029304029304,-2.87534332569231,-2.72832004754371,0.137170132752629,BL/T24,ns,ns,ns/ns,UR
Roseburia_sp_AM23_20,0.204129652561472,Value,BL,T24,20,20,138,0.231,-0.114721701290809,0.482077394280758,Wilcoxon,two.sided,0.995029304029304,-2.57983150125528,-2.75081023037225,-0.157839919734095,BL/T24,ns,ns,ns/ns,UR
Roseburia_sp_AM59_24XD,-0.094299868245966,Value,BL,T24,20,20,84,0.452,-0.337025853615093,0.194474733171048,Wilcoxon,two.sided,0.995029304029304,-2.78142985857084,-2.71373744164907,0.0654996999213697,BL/T24,ns,ns,ns/ns,UR
Ruminococcus_bicirculans,0.0803494726076053,Value,BL,T24,20,20,124,0.498,-0.192120851173554,0.417975811973018,Wilcoxon,two.sided,0.995029304029304,-2.54416292921591,-2.6546119736508,-0.104764478054102,BL/T24,ns,ns,ns/ns,UR
Ruminococcus_bovis,0.0196837533766028,Value,BL,T24,20,20,108,0.927,-0.280411865982715,0.299676079361655,Wilcoxon,two.sided,1,-2.81743310312717,-2.79606024435854,0.021147662300153,BL/T24,ns,ns,ns/ns,UR
Ruminococcus_bromii,0.145409414625278,Value,BL,T24,20,20,139,0.216,-0.0741121725766019,0.4042980882765,Wilcoxon,two.sided,0.995029304029304,-2.31619801057475,-2.4796180021617,-0.151363936107374,BL/T24,ns,ns,ns/ns,UR
Ruminococcus_callidus,0.00200678714983571,Value,BL,T24,20,20,105,1,-0.291608350977847,0.464544381388429,Wilcoxon,two.sided,1,-2.72591407326053,-2.84091763806046,-0.108857602036949,BL/T24,ns,ns,ns/ns,UR
Ruminococcus_gnavus,0.0489870822159562,Value,BL,T24,20,20,116,0.701,-0.196789102913126,0.331631432889648,Wilcoxon,two.sided,0.995029304029304,-2.62656754554287,-2.67657185486292,-0.0487942682753388,BL/T24,ns,ns,ns/ns,UR
Ruminococcus_lactaris,0.251924742951086,Value,BL,T24,20,20,148,0.114,-0.0283782146524756,0.54468101241479,Wilcoxon,two.sided,0.995029304029304,-2.6718510840751,-2.9244383226658,-0.225211203120745,BL/T24,ns,ns,ns/ns,UR
Ruminococcus_SGB4421,-0.214904771429948,Value,BL,T24,20,20,54,0.0583,-0.519807004132637,0.0553049442329481,Wilcoxon,two.sided,0.995029304029304,-2.89544448398404,-2.62844365596879,0.236652554863053,BL/T24,ns,ns,ns/ns,UR
Ruminococcus_sp_AF13_28,-0.0691085328372359,Value,BL,T24,20,20,90,0.596,-0.315747370472301,0.201714012227845,Wilcoxon,two.sided,0.995029304029304,-2.74961611928932,-2.71642679153588,0.0326504528728424,BL/T24,ns,ns,ns/ns,UR
Ruminococcus_sp_BSD2780120874_150323_B10,0.0271050164091689,Value,BL,T24,20,20,110,0.869,-0.269771404194855,0.252098871986342,Wilcoxon,two.sided,0.995343971631206,-2.97076602581724,-2.92415721382937,0.0455552345535051,BL/T24,ns,ns,ns/ns,UR
Ruminococcus_torques,-0.00684621949141173,Value,BL,T24,20,20,103,0.956,-0.230370426639986,0.207034763879858,Wilcoxon,two.sided,1,-2.56736144200286,-2.54218350693572,0.024866192711925,BL/T24,ns,ns,ns/ns,UR
Ruthenibacterium_lactatiformans,-0.0410496789323384,Value,BL,T24,20,20,91,0.622,-0.269892177516793,0.183052220329623,Wilcoxon,two.sided,0.995029304029304,-2.71924422636038,-2.60900497230697,0.104575536290197,BL/T24,ns,ns,ns/ns,UR
Sellimonas_intestinalis,-0.163271168505679,Value,BL,T24,20,20,77,0.312,-0.460786103531329,0.175942338553766,Wilcoxon,two.sided,0.995029304029304,-2.87605108383703,-2.76092284720591,0.108969408730387,BL/T24,ns,ns,ns/ns,UR
Streptococcus_parasanguinis,-0.161380885716469,Value,BL,T24,20,20,84,0.452,-0.519744159430049,0.182755044397664,Wilcoxon,two.sided,0.995029304029304,-2.88321817676295,-2.69859798089308,0.169422213398392,BL/T24,ns,ns,ns/ns,UR
Streptococcus_pasteurianus,0.0588611979763702,Value,BL,T24,20,20,115,0.729,-0.219856902823835,0.357298771984,Wilcoxon,two.sided,0.995029304029304,-2.70513647162686,-2.76881456066339,-0.0617327972446063,BL/T24,ns,ns,ns/ns,UR
Streptococcus_salivarius,0.0339051543519446,Value,BL,T24,20,20,110,0.869,-0.219898423456025,0.336869541650477,Wilcoxon,two.sided,0.995343971631206,-2.70944074204938,-2.79350218374,-0.08071458193757,BL/T24,ns,ns,ns/ns,UR
Streptococcus_thermophilus,-0.00790586075739663,Value,BL,T24,20,20,103,0.956,-0.231140093163682,0.264995138719775,Wilcoxon,two.sided,1,-2.70219929354634,-2.73966234908615,-0.0367783633704372,BL/T24,ns,ns,ns/ns,UR
Sutterella_sp_AM11_39,0.198566866081909,Value,BL,T24,20,20,143,0.165,-0.0598014191637821,0.341000256676208,Wilcoxon,two.sided,0.995029304029304,-2.62941049546797,-2.80772909499647,-0.164088506666042,BL/T24,ns,ns,ns/ns,UR
Sutterella_wadsworthensis,0.192505694962969,Value,BL,T24,20,20,140,0.202,-0.123862701352947,0.527549915317902,Wilcoxon,two.sided,0.995029304029304,-2.64341458584833,-2.85601593405505,-0.192767926486249,BL/T24,ns,ns,ns/ns,UR
Tyzzerella_nexilis,-0.079954941614644,Value,BL,T24,20,20,87,0.522,-0.477758757043379,0.192897892648837,Wilcoxon,two.sided,0.995029304029304,-2.86528478411444,-2.68527157712641,0.165525630777676,BL/T24,ns,ns,ns/ns,UR
Veillonella_atypica,0.058375205225058,Value,BL,T24,20,20,119,0.622,-0.146189432568224,0.273617468978828,Wilcoxon,two.sided,0.995029304029304,-2.70559848839504,-2.7710236697519,-0.0633739508107596,BL/T24,ns,ns,ns/ns,UR
Veillonella_dispar,0.0525058405515321,Value,BL,T24,20,20,114,0.756,-0.317876365797324,0.500572249731116,Wilcoxon,two.sided,0.995029304029304,-2.87850120720194,-3.00865134165852,-0.122350486249782,BL/T24,ns,ns,ns/ns,UR
Veillonella_parvula,-0.0167438683613731,Value,BL,T24,20,20,103,0.956,-0.241600341821958,0.303701846102316,Wilcoxon,two.sided,1,-2.78028299614878,-2.7943045241777,-0.0139241357413716,BL/T24,ns,ns,ns/ns,UR
Veillonella_rogosae,-0.066617106860554,Value,BL,T24,20,20,95,0.729,-0.397326814255769,0.258735723444572,Wilcoxon,two.sided,0.995029304029304,-2.8497073115274,-2.79447610832669,0.0537598928714608,BL/T24,ns,ns,ns/ns,UR
Vescimonas_coprocola,-0.192206586613216,Value,BL,T24,20,20,67,0.165,-0.429660879188996,0.0674344337844208,Wilcoxon,two.sided,0.995029304029304,-2.87482744356578,-2.6735400787639,0.183393785752544,BL/T24,ns,ns,ns/ns,UR
Vescimonas_SGB15087,-0.159791287833773,Value,BL,T24,20,20,69,0.189,-0.485870052108993,0.107756688050326,Wilcoxon,two.sided,0.995029304029304,-2.91386815743886,-2.67677836622823,0.212761678658458,BL/T24,ns,ns,ns/ns,UR
Victivallis_lenta,0.0216005092218091,Value,BL,T24,20,20,113,0.784,-0.15960852235776,0.298020004041129,Wilcoxon,two.sided,0.995029304029304,-2.7013251883593,-2.82716687178922,-0.118530918970742,BL/T24,ns,ns,ns/ns,UR
Waltera_intestinalis,0.0569658610979817,Value,BL,T24,20,20,113,0.784,-0.197105647557847,0.271827243065958,Wilcoxon,two.sided,0.995029304029304,-2.68357302097216,-2.69942351476439,-0.015726186549102,BL/T24,ns,ns,ns/ns,UR
Adlercreutzia_equolifaciens,0.127978127690178,Value,BL,T04,20,20,126,0.452,-0.234159797309742,0.464187945760141,Wilcoxon,two.sided,0.912475,-2.75526437583425,-2.89267974044987,-0.128758464341284,BL/T04,ns,ns,ns/ns,GUT
Agathobaculum_butyriciproducens,0.115535962645905,Value,BL,T04,20,20,130,0.368,-0.187700955621432,0.329616744274865,Wilcoxon,two.sided,0.900484848484848,-2.72881104727388,-2.76788250463197,-0.0383274848802779,BL/T04,ns,ns,ns/ns,GUT
Akkermansia_muciniphila,-0.367077814895855,Value,BL,T04,20,20,46,0.0266,-0.722982132420024,-0.0483858280548104,Wilcoxon,two.sided,0.735446153846154,-2.92794263775067,-2.52344345318027,0.339680786978444,BL/T04,ns,*,*/ns,GUT
Alistipes_communis,0.0816432587455614,Value,BL,T04,20,20,121,0.571,-0.258937954240428,0.46591185190098,Wilcoxon,two.sided,0.916704761904762,-2.76668029918346,-2.87367390514012,-0.10164787769957,BL/T04,ns,ns,ns/ns,GUT
Alistipes_finegoldii,0.0262362371983573,Value,BL,T04,20,20,111,0.841,-0.208703791149945,0.302686863972094,Wilcoxon,two.sided,0.984213768115942,-2.68394702029029,-2.7234745411911,-0.0387663030985262,BL/T04,ns,ns,ns/ns,GUT
Alistipes_ihumii,0.064174011381703,Value,BL,T04,20,20,122,0.546,-0.229251169170213,0.350309020925591,Wilcoxon,two.sided,0.916704761904762,-2.73792487393651,-2.77851704870547,-0.039789949923593,BL/T04,ns,ns,ns/ns,GUT
Alistipes_indistinctus,0.182964299965798,Value,BL,T04,20,20,137,0.245,-0.0885786360727896,0.475667802881023,Wilcoxon,two.sided,0.884,-2.67816072009938,-2.92073228477276,-0.217183074652628,BL/T04,ns,ns,ns/ns,GUT
Alistipes_onderdonkii,-0.33841745701141,Value,BL,T04,20,20,46,0.0266,-0.590764759127187,-0.0186548516914185,Wilcoxon,two.sided,0.735446153846154,-2.89810979224655,-2.57119234848539,0.282858540725374,BL/T04,ns,*,*/ns,GUT
Alistipes_putredinis,0.00497464539296505,Value,BL,T04,20,20,108,0.927,-0.13191835126825,0.149822780110869,Wilcoxon,two.sided,0.986543130990415,-2.35814498569429,-2.37515925238522,-0.0168711451793704,BL/T04,ns,ns,ns/ns,GUT
Alistipes_senegalensis,-0.0535660017164211,Value,BL,T04,20,20,88,0.546,-0.370766461521156,0.0930368453207371,Wilcoxon,two.sided,0.916704761904762,-2.86093767917319,-2.73172414197766,0.121521405631691,BL/T04,ns,ns,ns/ns,GUT
Alistipes_shahii,-0.158626596177503,Value,BL,T04,20,20,65,0.143,-0.381144305333706,0.0635843686779878,Wilcoxon,two.sided,0.884,-2.71693647278465,-2.57500274037986,0.132723081883586,BL/T04,ns,ns,ns/ns,GUT
Alistipes_sp_AF17_16,-0.0554853194021777,Value,BL,T04,20,20,94,0.701,-0.524943201815072,0.361594230232404,Wilcoxon,two.sided,0.941868,-3.00744774531719,-2.87292595017911,0.126211236281151,BL/T04,ns,ns,ns/ns,GUT
Anaerobutyricum_hallii,0.0101584520345936,Value,BL,T04,20,20,110,0.869,-0.211651848944311,0.243679230319064,Wilcoxon,two.sided,0.984866666666667,-2.80007617258087,-2.87698766167275,-0.074097211966858,BL/T04,ns,ns,ns/ns,GUT
Anaerobutyricum_soehngenii,-0.144311553435056,Value,BL,T04,20,20,80,0.368,-0.427912666429777,0.153581006432138,Wilcoxon,two.sided,0.900484848484848,-2.82646286060303,-2.68641158268402,0.131073242025514,BL/T04,ns,ns,ns/ns,GUT
Anaerostipes_hadrus,0.0416733992781646,Value,BL,T04,20,20,132,0.33,-0.15485478453497,0.261600573002585,Wilcoxon,two.sided,0.88825,-2.5887130174908,-2.64947982982503,-0.0589920544531191,BL/T04,ns,ns,ns/ns,GUT
Anaerotignum_faecicola,0.0697920227881577,Value,BL,T04,20,20,126,0.452,-0.127059143241136,0.201509584969403,Wilcoxon,two.sided,0.912475,-2.6428905575136,-2.68618763370717,-0.0423859640279394,BL/T04,ns,ns,ns/ns,GUT
Anaerotignum_lactatifermentans,0.136205128861179,Value,BL,T04,20,20,115,0.729,-0.224548652277404,0.43522760138181,Wilcoxon,two.sided,0.941868,-2.8975463127414,-2.96460964667325,-0.0649103275701032,BL/T04,ns,ns,ns/ns,GUT
Anaerotruncus_colihominis,0.09806606321006,Value,BL,T04,20,20,123,0.522,-0.313520406759876,0.297034750488879,Wilcoxon,two.sided,0.916704761904762,-2.81050562609545,-2.75223711021564,0.0566340969630258,BL/T04,ns,ns,ns/ns,GUT
Bacteroides_caccae,-0.0460452341614224,Value,BL,T04,20,20,97,0.784,-0.319679420155893,0.218938636866394,Wilcoxon,two.sided,0.973969230769231,-2.49480972921577,-2.53739283991344,-0.0417013940049183,BL/T04,ns,ns,ns/ns,GUT
Bacteroides_cellulosilyticus,-0.141700572871623,Value,BL,T04,20,20,72,0.231,-0.361430283609285,0.131267782871072,Wilcoxon,two.sided,0.884,-2.81510568670465,-2.68225452774768,0.12473760444619,BL/T04,ns,ns,ns/ns,GUT
Bacteroides_clarus,0.117689275828316,Value,BL,T04,20,20,137,0.245,-0.0919464390439471,0.361806984427152,Wilcoxon,two.sided,0.884,-2.76925386252668,-2.83200121016244,-0.0608573924980706,BL/T04,ns,ns,ns/ns,GUT
Bacteroides_congonensis,-0.0595295171577822,Value,BL,T04,20,20,91,0.622,-0.255878286653689,0.218028088916123,Wilcoxon,two.sided,0.934446511627907,-2.83474860920372,-2.76090151964256,0.0712476112401508,BL/T04,ns,ns,ns/ns,GUT
Bacteroides_eggerthii,0.00528875536383933,Value,BL,T04,20,20,108,0.927,-0.244457820326307,0.202360170641249,Wilcoxon,two.sided,0.986543130990415,-2.5922368317417,-2.5707141177453,0.0212943709523531,BL/T04,ns,ns,ns/ns,GUT
Bacteroides_faecis,0.0612141144547786,Value,BL,T04,20,20,121,0.571,-0.16654861652168,0.338419292928871,Wilcoxon,two.sided,0.916704761904762,-2.8227282249924,-2.92651862752586,-0.0987500770529254,BL/T04,ns,ns,ns/ns,GUT
Bacteroides_finegoldii,0.0821112387282271,Value,BL,T04,20,20,132,0.33,-0.0706321558434044,0.274034209644811,Wilcoxon,two.sided,0.88825,-2.51704176831689,-2.62816503007885,-0.105371451183791,BL/T04,ns,ns,ns/ns,GUT
Bacteroides_fragilis,0.161324707727002,Value,BL,T04,20,20,152,0.0826,-0.0240724728080861,0.388654300273039,Wilcoxon,two.sided,0.884,-2.3964322320233,-2.52785737167741,-0.123478023632421,BL/T04,ns,ns,ns/ns,GUT
Bacteroides_intestinalis,-0.380911779418166,Value,BL,T04,20,20,27,0.00233,-0.596526663968606,-0.161904108422574,Wilcoxon,two.sided,0.376295,-2.85671525887758,-2.47562532260229,0.322872996329333,BL/T04,ns,**,**/ns,GUT
Bacteroides_nordii,0.0779942343712133,Value,BL,T04,20,20,127,0.43,-0.143023029834951,0.256993238691558,Wilcoxon,two.sided,0.912475,-2.63217468615559,-2.68433914472341,-0.0508494315344355,BL/T04,ns,ns,ns/ns,GUT
Bacteroides_ovatus,-0.0641030775331477,Value,BL,T04,20,20,94,0.701,-0.301310539089935,0.240973558382279,Wilcoxon,two.sided,0.941868,-2.48960307573909,-2.45809794328562,0.0310190292351381,BL/T04,ns,ns,ns/ns,GUT
Bacteroides_salyersiae,0.0592775537621896,Value,BL,T04,20,20,117,0.674,-0.271292420583527,0.346435423343277,Wilcoxon,two.sided,0.941868,-2.76448312640243,-2.80145795205788,-0.0363076528248968,BL/T04,ns,ns,ns/ns,GUT
Bacteroides_sp_AF16_49,0.0596075335064181,Value,BL,T04,20,20,125,0.475,-0.159366766183726,0.286775502907872,Wilcoxon,two.sided,0.913244047619048,-2.76209490871993,-2.80816971901197,-0.0450448834409564,BL/T04,ns,ns,ns/ns,GUT
Bacteroides_stercoris,-0.0647773470439667,Value,BL,T04,20,20,90,0.596,-0.630883958561874,0.151206890527761,Wilcoxon,two.sided,0.916704761904762,-2.3592318541888,-2.10105567995107,0.22966319158738,BL/T04,ns,ns,ns/ns,GUT
Bacteroides_thetaiotaomicron,0.0385670805652486,Value,BL,T04,20,20,115,0.729,-0.175409441235991,0.208013195968434,Wilcoxon,two.sided,0.941868,-2.39931254792317,-2.38712734379274,0.012111562155369,BL/T04,ns,ns,ns/ns,GUT
Bacteroides_uniformis,-0.0286322602549132,Value,BL,T04,20,20,93,0.674,-0.21891389788134,0.120689744533153,Wilcoxon,two.sided,0.941868,-2.00117285185122,-1.94888950621807,0.0509624180054828,BL/T04,ns,ns,ns/ns,GUT
Bacteroides_xylanisolvens,-0.0632975330462624,Value,BL,T04,20,20,88,0.546,-0.294652550636092,0.12978303112942,Wilcoxon,two.sided,0.916704761904762,-2.45182741348891,-2.3580577891173,0.0896301008113432,BL/T04,ns,ns,ns/ns,GUT
Barnesiella_intestinihominis,0.0578996411107974,Value,BL,T04,20,20,116,0.701,-0.147645623967098,0.235758021823896,Wilcoxon,two.sided,0.941868,-2.53637923863052,-2.57200458993024,-0.035005448413812,BL/T04,ns,ns,ns/ns,GUT
Bifidobacterium_adolescentis,0.0593303378007046,Value,BL,T04,20,20,131,0.349,-0.12079273351585,0.257762809935119,Wilcoxon,two.sided,0.900484848484848,-2.62108313221669,-2.68793705805976,-0.0647140612073878,BL/T04,ns,ns,ns/ns,GUT
Bifidobacterium_bifidum,-0.083930432423353,Value,BL,T04,20,20,72,0.231,-0.256874692877211,0.0647971657043336,Wilcoxon,two.sided,0.884,-2.73422475495118,-2.61683569277644,0.110994769355965,BL/T04,ns,ns,ns/ns,GUT
Bifidobacterium_longum,-0.00309363586419353,Value,BL,T04,20,20,104,0.985,-0.268901492142053,0.31229179894551,Wilcoxon,two.sided,0.997351097178683,-2.78441985468352,-2.83907457894037,-0.0532134377757633,BL/T04,ns,ns,ns/ns,GUT
Bifidobacterium_pseudocatenulatum,-0.164157606547163,Value,BL,T04,20,20,76,0.294,-0.486750881041381,0.143643012673611,Wilcoxon,two.sided,0.884,-2.89095652337521,-2.69906482005479,0.175541711596667,BL/T04,ns,ns,ns/ns,GUT
Bilophila_wadsworthia,-0.152487703467972,Value,BL,T04,20,20,73,0.245,-0.381781583643659,0.121287582475946,Wilcoxon,two.sided,0.884,-2.8154848241201,-2.5993388718519,0.195686802877711,BL/T04,ns,ns,ns/ns,GUT
Blautia_caecimuris,0.245761142430683,Value,BL,T04,20,20,148,0.114,-0.108222060066008,0.626507994055895,Wilcoxon,two.sided,0.884,-2.66849293040045,-2.96379640206732,-0.258745008753418,BL/T04,ns,ns,ns/ns,GUT
Blautia_faecicola,0.174904362300174,Value,BL,T04,20,20,134,0.294,-0.147061386920877,0.555315390754989,Wilcoxon,two.sided,0.884,-2.68400051241178,-2.9205571889825,-0.212330643217379,BL/T04,ns,ns,ns/ns,GUT
Blautia_faecis,-0.106277416133514,Value,BL,T04,20,20,67,0.165,-0.32342566361238,0.0490845342732473,Wilcoxon,two.sided,0.884,-2.72837626625836,-2.5754658747464,0.142289520584144,BL/T04,ns,ns,ns/ns,GUT
Blautia_glucerasea,0.0579720147464758,Value,BL,T04,20,20,115,0.729,-0.273029575264504,0.360117194476561,Wilcoxon,two.sided,0.941868,-2.80080594988903,-2.85137667452114,-0.0493335637697937,BL/T04,ns,ns,ns/ns,GUT
Blautia_hansenii,0.0459073117608573,Value,BL,T04,20,20,113,0.784,-0.321162706838778,0.406220453805581,Wilcoxon,two.sided,0.973969230769231,-2.73875868335008,-2.79619672964025,-0.055849045153724,BL/T04,ns,ns,ns/ns,GUT
Blautia_luti,-0.10122457037465,Value,BL,T04,20,20,72,0.231,-0.28282997758454,0.066992508943033,Wilcoxon,two.sided,0.884,-2.78661249956339,-2.69473840901973,0.0878955689750109,BL/T04,ns,ns,ns/ns,GUT
Blautia_massiliensis,-0.109920179687945,Value,BL,T04,20,20,89,0.571,-0.382028742527968,0.224621860125434,Wilcoxon,two.sided,0.916704761904762,-2.79878426000903,-2.72322216972678,0.0728433996094632,BL/T04,ns,ns,ns/ns,GUT
Blautia_obeum,-0.146428828107019,Value,BL,T04,20,20,85,0.475,-0.390119761074144,0.258856545780891,Wilcoxon,two.sided,0.913244047619048,-2.86403426307584,-2.84403031334362,0.0198064995751669,BL/T04,ns,ns,ns/ns,GUT
Blautia_sp_MSK_20_85,-0.065948377460457,Value,BL,T04,20,20,97,0.784,-0.412670308670023,0.215987542675915,Wilcoxon,two.sided,0.973969230769231,-2.85708767840227,-2.76624598246238,0.0869495963594824,BL/T04,ns,ns,ns/ns,GUT
Blautia_stercoris,-0.00236026229184993,Value,BL,T04,20,20,104,0.985,-0.341418912074059,0.365274526580208,Wilcoxon,two.sided,0.997351097178683,-2.79317709571532,-2.8256955553569,-0.0320009242807174,BL/T04,ns,ns,ns/ns,GUT
Blautia_wexlerae,-0.197970768475213,Value,BL,T04,20,20,47,0.0296,-0.387487344086302,-0.0162877046059049,Wilcoxon,two.sided,0.735446153846154,-2.58488385265382,-2.37321379841249,0.191999618110986,BL/T04,ns,*,*/ns,GUT
Butyricicoccus_sp_AM29_23AC,-0.159208612020972,Value,BL,T04,20,20,73,0.245,-0.411169383058986,0.116932230761477,Wilcoxon,two.sided,0.884,-2.84184131880039,-2.64122812261342,0.18283242310202,BL/T04,ns,ns,ns/ns,GUT
Butyricimonas_faecihominis,-0.234965239335383,Value,BL,T04,20,20,55,0.0637,-0.576122753505585,0.00618622068840424,Wilcoxon,two.sided,0.884,-2.93121282907364,-2.62327700004067,0.268450191459161,BL/T04,ns,ns,ns/ns,GUT
Butyricimonas_paravirosa,0.0638709120782214,Value,BL,T04,20,20,113,0.784,-0.25959399022802,0.352686093661547,Wilcoxon,two.sided,0.973969230769231,-2.81820700034762,-2.87432879046417,-0.0546035101836557,BL/T04,ns,ns,ns/ns,GUT
Butyricimonas_SGB15260,-0.0939507770425121,Value,BL,T04,20,20,82,0.409,-0.323191624829718,0.115938617176249,Wilcoxon,two.sided,0.91108275862069,-2.83028431741245,-2.73018608207196,0.095399480671872,BL/T04,ns,ns,ns/ns,GUT
Butyricimonas_sp_Marseille_P3923,0.105918666335023,Value,BL,T04,20,20,123,0.522,-0.202378409636461,0.381627074450525,Wilcoxon,two.sided,0.916704761904762,-2.72282374406161,-2.82675632032885,-0.0988788737682142,BL/T04,ns,ns,ns/ns,GUT
Butyricimonas_virosa,0.0144081342940346,Value,BL,T04,20,20,108,0.927,-0.221509254051341,0.307646571759491,Wilcoxon,two.sided,0.986543130990415,-2.78697086216204,-2.80788539187287,-0.020698823348217,BL/T04,ns,ns,ns/ns,GUT
Candidatus_Cibionibacter_quicibialis,-0.106540350943975,Value,BL,T04,20,20,82,0.409,-0.340036650249731,0.213857343588715,Wilcoxon,two.sided,0.91108275862069,-2.58651547085115,-2.5440235025857,0.0416139703594117,BL/T04,ns,ns,ns/ns,GUT
Catenibacterium_SGB4425,0.127953687987864,Value,BL,T04,20,20,137,0.245,-0.147278927130456,0.343327799598603,Wilcoxon,two.sided,0.884,-2.6298531883953,-2.82886122146435,-0.18149457583032,BL/T04,ns,ns,ns/ns,GUT
Clostridiaceae_bacterium,-0.0523240230974671,Value,BL,T04,20,20,90,0.596,-0.242422043343931,0.150063547873548,Wilcoxon,two.sided,0.916704761904762,-2.58641499037169,-2.52228007237889,0.0621621855054857,BL/T04,ns,ns,ns/ns,GUT
Clostridiaceae_bacterium_AF18_31LB,-0.142239754752706,Value,BL,T04,20,20,75,0.277,-0.388341017015008,0.121828210439366,Wilcoxon,two.sided,0.884,-2.83030840468342,-2.70233649530599,0.12042124973159,BL/T04,ns,ns,ns/ns,GUT
Clostridiaceae_bacterium_Marseille_Q3526,-0.30695468904571,Value,BL,T04,20,20,46,0.0266,-0.655209111693976,-0.0633281863637898,Wilcoxon,two.sided,0.735446153846154,-3.05039216276153,-2.65881522105364,0.330437594531963,BL/T04,ns,*,*/ns,GUT
Clostridiaceae_bacterium_Marseille_Q4143,0.144839878762267,Value,BL,T04,20,20,133,0.312,-0.137636791869034,0.429881001524929,Wilcoxon,two.sided,0.884,-2.80679128745964,-2.92852357438789,-0.114874175179415,BL/T04,ns,ns,ns/ns,GUT
Clostridiaceae_bacterium_Marseille_Q4145,0.102764778989861,Value,BL,T04,20,20,127,0.43,-0.111395233292654,0.390170667591999,Wilcoxon,two.sided,0.912475,-2.71052034023966,-2.87798147146043,-0.154831417690458,BL/T04,ns,ns,ns/ns,GUT
Clostridiaceae_bacterium_Marseille_Q4149,0.116326294007382,Value,BL,T04,20,20,132,0.33,-0.136076028054317,0.355854043681752,Wilcoxon,two.sided,0.88825,-2.62281809350971,-2.72786940833434,-0.0998917726467953,BL/T04,ns,ns,ns/ns,GUT
Clostridiaceae_unclassified_SGB4771,-0.0619017447741693,Value,BL,T04,20,20,93,0.674,-0.252244580842173,0.289946039839242,Wilcoxon,two.sided,0.941868,-2.80937381506783,-2.82948326549841,-0.0199099258831868,BL/T04,ns,ns,ns/ns,GUT
Clostridiales_bacterium,0.0452067615946969,Value,BL,T04,20,20,119,0.622,-0.206650580333772,0.303569989454806,Wilcoxon,two.sided,0.934446511627907,-2.7342454478511,-2.77849745927651,-0.0433008505847277,BL/T04,ns,ns,ns/ns,GUT
Clostridiales_bacterium_Choco116,0.0794954164930879,Value,BL,T04,20,20,114,0.756,-0.28478476111037,0.469264848368148,Wilcoxon,two.sided,0.969,-2.78112038164157,-2.85631942699469,-0.072505802907932,BL/T04,ns,ns,ns/ns,GUT
Clostridiales_bacterium_KLE1615,0.103153579822689,Value,BL,T04,20,20,133,0.312,-0.170429885516019,0.393769823094349,Wilcoxon,two.sided,0.884,-2.62293100816408,-2.72137826949601,-0.0938976019785376,BL/T04,ns,ns,ns/ns,GUT
Clostridium_butyricum,0.122791458994927,Value,BL,T04,20,20,142,0.177,-0.0814465176995915,0.378542615577194,Wilcoxon,two.sided,0.884,-2.62534818519407,-2.77749423344996,-0.141626332237952,BL/T04,ns,ns,ns/ns,GUT
Clostridium_fessum,0.0946795808719906,Value,BL,T04,20,20,131,0.349,-0.112534631015892,0.341007940141594,Wilcoxon,two.sided,0.900484848484848,-2.64004082777068,-2.75140450763984,-0.105587801708643,BL/T04,ns,ns,ns/ns,GUT
Clostridium_leptum,0.119027638011987,Value,BL,T04,20,20,127,0.43,-0.299507141354899,0.419854041747581,Wilcoxon,two.sided,0.912475,-2.79792604696207,-2.86579357069772,-0.0656636913982066,BL/T04,ns,ns,ns/ns,GUT
Clostridium_SGB4750,0.177314910749249,Value,BL,T04,20,20,140,0.202,-0.120181961742627,0.39441928895128,Wilcoxon,two.sided,0.884,-2.69433880714012,-2.83272267747165,-0.129609598975218,BL/T04,ns,ns,ns/ns,GUT
Clostridium_SGB4751,-0.172547751574678,Value,BL,T04,20,20,86,0.498,-0.627460568173553,0.285680069301081,Wilcoxon,two.sided,0.916704761904762,-2.92480923837681,-2.77187837535117,0.142307276805342,BL/T04,ns,ns,ns/ns,GUT
Clostridium_SGB6179,0.109749903142912,Value,BL,T04,20,20,118,0.648,-0.299412607295176,0.547560416581023,Wilcoxon,two.sided,0.941868,-2.81456511728151,-2.93957583155685,-0.117792559411338,BL/T04,ns,ns,ns/ns,GUT
Clostridium_sp_1001270H_150608_G6,-0.0218973603597798,Value,BL,T04,20,20,102,0.927,-0.248149679410868,0.222392905073029,Wilcoxon,two.sided,0.986543130990415,-2.75243448993002,-2.74840998006773,0.0040164331850031,BL/T04,ns,ns,ns/ns,GUT
Clostridium_sp_AF12_28,0.194237035543238,Value,BL,T04,20,20,137,0.245,-0.158770759370501,0.607524372222639,Wilcoxon,two.sided,0.884,-2.8163610755621,-3.04262261462134,-0.203970141891284,BL/T04,ns,ns,ns/ns,GUT
Clostridium_sp_AF20_17LB,0.00333466352197309,Value,BL,T04,20,20,105,1,-0.289007754808837,0.355136719675305,Wilcoxon,two.sided,1,-2.71995052644448,-2.72962772601361,-0.00963067538180166,BL/T04,ns,ns,ns/ns,GUT
Clostridium_sp_AF27_2AA,-0.000577882222056458,Value,BL,T04,20,20,105,1,-0.331438736652425,0.455998228266179,Wilcoxon,two.sided,1,-2.87934625576398,-2.94358116498595,-0.0622561458952392,BL/T04,ns,ns,ns/ns,GUT
Clostridium_sp_AF34_10BH,0.0740863890893202,Value,BL,T04,20,20,120,0.596,-0.152275330768512,0.309922286421378,Wilcoxon,two.sided,0.916704761904762,-2.35579036813733,-2.45443302881437,-0.0940754730284798,BL/T04,ns,ns,ns/ns,GUT
Clostridium_sp_AF34_13,-0.273613121098147,Value,BL,T04,20,20,58,0.0826,-0.55391829465459,0.0404543983684391,Wilcoxon,two.sided,0.884,-2.98709480353334,-2.72915297247797,0.22947691798452,BL/T04,ns,ns,ns/ns,GUT
Clostridium_sp_AF36_4,-0.131813176359367,Value,BL,T04,20,20,83,0.43,-0.423226506269579,0.176142964691886,Wilcoxon,two.sided,0.912475,-2.81562499856935,-2.70631532895853,0.103737902582704,BL/T04,ns,ns,ns/ns,GUT
Clostridium_sp_AM22_11AC,0.0145477149235059,Value,BL,T04,20,20,107,0.956,-0.261457799961339,0.307128960910029,Wilcoxon,two.sided,0.986543130990415,-2.68885385759027,-2.73560226409833,-0.0456886035926316,BL/T04,ns,ns,ns/ns,GUT
Clostridium_sp_AM33_3,0.341904925749841,Value,BL,T04,20,20,180,0.00365,0.132450655969518,0.654480563510567,Wilcoxon,two.sided,0.392445,-2.5711617343664,-2.95091850362907,-0.321907229477039,BL/T04,ns,**,**/ns,GUT
Clostridium_sp_AM42_4,0.0307990062061321,Value,BL,T04,20,20,115,0.729,-0.289003629015697,0.331768928873188,Wilcoxon,two.sided,0.941868,-2.85714842360318,-2.85183406191761,0.00530029029712343,BL/T04,ns,ns,ns/ns,GUT
Clostridium_sp_AM49_4BH,-0.0134437626423299,Value,BL,T04,20,20,101,0.898,-0.290722913799911,0.235108083300323,Wilcoxon,two.sided,0.986543130990415,-2.8431008038515,-2.82568094414119,0.0172698732772597,BL/T04,ns,ns,ns/ns,GUT
Clostridium_sp_AT4,0.073344786162407,Value,BL,T04,20,20,115,0.729,-0.248941437668621,0.357038195561566,Wilcoxon,two.sided,0.941868,-2.6951771702459,-2.75426995857269,-0.0574126815975774,BL/T04,ns,ns,ns/ns,GUT
Clostridium_symbiosum,0.118967511522611,Value,BL,T04,20,20,132,0.33,-0.128557168209586,0.345533857449311,Wilcoxon,two.sided,0.88825,-2.73873383756628,-2.86965637998013,-0.123033708859315,BL/T04,ns,ns,ns/ns,GUT
Collinsella_aerofaciens,0.0304794831274217,Value,BL,T04,20,20,111,0.841,-0.193924315676553,0.25327254479747,Wilcoxon,two.sided,0.984213768115942,-2.71285429319831,-2.72900230674002,-0.0160190211653961,BL/T04,ns,ns,ns/ns,GUT
Collinsella_SGB14861,0.122770806521042,Value,BL,T04,20,20,133,0.312,-0.094869446395752,0.35975993776324,Wilcoxon,two.sided,0.884,-2.5592620678463,-2.70338013746573,-0.134634095341347,BL/T04,ns,ns,ns/ns,GUT
Collinsella_SGB4121,0.132938618985692,Value,BL,T04,20,20,131,0.349,-0.16502167335614,0.422437457664627,Wilcoxon,two.sided,0.900484848484848,-2.81206088020513,-2.9932900747759,-0.166555586608924,BL/T04,ns,ns,ns/ns,GUT
Coprobacillus_cateniformis,0.180637728917525,Value,BL,T04,20,20,138,0.231,-0.12883013399455,0.489963835268834,Wilcoxon,two.sided,0.884,-2.67148132235765,-2.85746057207739,-0.170568804402021,BL/T04,ns,ns,ns/ns,GUT
Coprobacter_fastidiosus,-0.00607595647160053,Value,BL,T04,20,20,101,0.898,-0.343188307438472,0.188288559996667,Wilcoxon,two.sided,0.986543130990415,-2.80663106658398,-2.71529393117185,0.0874036741588254,BL/T04,ns,ns,ns/ns,GUT
Coprobacter_secundus,-0.197096601076251,Value,BL,T04,20,20,73,0.245,-0.415140374080632,0.121636757128378,Wilcoxon,two.sided,0.884,-2.77620488126918,-2.65569766861785,0.113781451231725,BL/T04,ns,ns,ns/ns,GUT
Coprococcus_catus,-0.206715586651771,Value,BL,T04,20,20,65,0.143,-0.451401747281554,0.0752286105650526,Wilcoxon,two.sided,0.884,-2.8761146470642,-2.7313326408407,0.135214231302463,BL/T04,ns,ns,ns/ns,GUT
Coprococcus_comes,0.0924133229302421,Value,BL,T04,20,20,139,0.216,-0.0623742297164132,0.223225081739995,Wilcoxon,two.sided,0.884,-2.66933778344305,-2.76017858864284,-0.0869487797969381,BL/T04,ns,ns,ns/ns,GUT
Coprococcus_eutactus,0.19377700589837,Value,BL,T04,20,20,161,0.0362,0.0146004490707454,0.437406035012074,Wilcoxon,two.sided,0.779506666666667,-2.50245754075094,-2.74579230630656,-0.217797096908368,BL/T04,ns,*,*/ns,GUT
Coprococcus_SGB4669,0.163839672191774,Value,BL,T04,20,20,148,0.114,-0.0325972833621,0.362732962159517,Wilcoxon,two.sided,0.884,-2.62313719241959,-2.80064702547381,-0.163401897662712,BL/T04,ns,ns,ns/ns,GUT
Desulfovibrio_piger,0.245717907345177,Value,BL,T04,20,20,137,0.245,-0.157577911968096,0.670117262137797,Wilcoxon,two.sided,0.884,-2.73993966959456,-3.04138103922549,-0.263472396132686,BL/T04,ns,ns,ns/ns,GUT
Desulfovibrio_SGB5076,-0.128355936647012,Value,BL,T04,20,20,72,0.231,-0.390611002130943,0.171431235693021,Wilcoxon,two.sided,0.884,-2.82809473662369,-2.72539065979458,0.0977654149091592,BL/T04,ns,ns,ns/ns,GUT
Desulfovibrio_SGB5077,0.0731697028274106,Value,BL,T04,20,20,123,0.522,-0.160950114210236,0.313811991080782,Wilcoxon,two.sided,0.916704761904762,-2.71851151375145,-2.83218850971255,-0.107667149695914,BL/T04,ns,ns,ns/ns,GUT
Dialister_hominis,0.021648130796593,Value,BL,T04,20,20,110,0.869,-0.245378728350059,0.253600731016752,Wilcoxon,two.sided,0.984866666666667,-2.72774067321733,-2.73911686666311,-0.0113119711681821,BL/T04,ns,ns,ns/ns,GUT
Dialister_invisus,0.161754589862499,Value,BL,T04,20,20,139,0.216,-0.0969397673306109,0.423257843639687,Wilcoxon,two.sided,0.884,-2.6795070219854,-2.83691576670317,-0.146183665613573,BL/T04,ns,ns,ns/ns,GUT
Dorea_formicigenerans,-0.0720033240966297,Value,BL,T04,20,20,88,0.546,-0.339424752101996,0.162651495391776,Wilcoxon,two.sided,0.916704761904762,-2.74371623226443,-2.65389548187177,0.0860132335367504,BL/T04,ns,ns,ns/ns,GUT
Dorea_longicatena,0.00499497468931276,Value,BL,T04,20,20,107,0.956,-0.212703141680247,0.178215120859891,Wilcoxon,two.sided,0.986543130990415,-2.74559007378022,-2.74837923424479,-0.00278527797410125,BL/T04,ns,ns,ns/ns,GUT
Dorea_sp_AF36_15AT,-0.269875844742147,Value,BL,T04,20,20,46,0.0266,-0.50886804547314,-0.0313916632037303,Wilcoxon,two.sided,0.735446153846154,-2.84823546524444,-2.57430538732424,0.2421066717507,BL/T04,ns,*,*/ns,GUT
Dysosmobacter_sp_BX15,-0.129010658101275,Value,BL,T04,20,20,76,0.294,-0.441427931813781,0.13807094692574,Wilcoxon,two.sided,0.884,-2.8832379876208,-2.74930591046564,0.125691306823111,BL/T04,ns,ns,ns/ns,GUT
Dysosmobacter_sp_NSJ_60,0.0451754824131397,Value,BL,T04,20,20,110,0.869,-0.276444149980336,0.324724864557403,Wilcoxon,two.sided,0.984866666666667,-2.7976325150907,-2.7718097856194,0.0254949535276165,BL/T04,ns,ns,ns/ns,GUT
Dysosmobacter_welbionis,0.0158400976803957,Value,BL,T04,20,20,112,0.812,-0.178064143913248,0.225024400569422,Wilcoxon,two.sided,0.975003717472119,-2.51899603358979,-2.54314095975315,-0.0238580460593779,BL/T04,ns,ns,ns/ns,GUT
Eggerthella_lenta,0.115565748875585,Value,BL,T04,20,20,145,0.143,-0.0829222263954283,0.307589368454979,Wilcoxon,two.sided,0.884,-2.66838270590757,-2.78234749639231,-0.107925534618471,BL/T04,ns,ns,ns/ns,GUT
Eisenbergiella_massiliensis,-0.0121340801953315,Value,BL,T04,20,20,103,0.956,-0.353499105070777,0.316890430717746,Wilcoxon,two.sided,0.986543130990415,-2.80712182872135,-2.78412139821406,0.0227399077976413,BL/T04,ns,ns,ns/ns,GUT
Eisenbergiella_tayi,0.0791710417660196,Value,BL,T04,20,20,122,0.546,-0.176108026678053,0.288037634972511,Wilcoxon,two.sided,0.916704761904762,-2.7263394329704,-2.76727302767485,-0.0401179976888991,BL/T04,ns,ns,ns/ns,GUT
Enterobacter_hormaechei,0.263528287168807,Value,BL,T04,20,20,143,0.165,-0.102757518298042,0.661819086597207,Wilcoxon,two.sided,0.884,-2.70132724539656,-2.96618183033967,-0.234957162957782,BL/T04,ns,ns,ns/ns,GUT
Enterobacter_kobei,0.160339643920535,Value,BL,T04,20,20,130,0.368,-0.166877799796176,0.455335468968931,Wilcoxon,two.sided,0.900484848484848,-2.73714181870305,-2.90167111923284,-0.152316971493977,BL/T04,ns,ns,ns/ns,GUT
Enterocloster_aldenensis,0.17190810005153,Value,BL,T04,20,20,135,0.277,-0.124050834382162,0.4740992786554,Wilcoxon,two.sided,0.884,-2.64859999228852,-2.83496264627875,-0.170892032915777,BL/T04,ns,ns,ns/ns,GUT
Enterocloster_asparagiformis,0.0995237950045654,Value,BL,T04,20,20,135,0.277,-0.111930156068756,0.26634932602305,Wilcoxon,two.sided,0.884,-2.70255387145514,-2.80087512733633,-0.0937828830631033,BL/T04,ns,ns,ns/ns,GUT
Enterocloster_bolteae,0.141296760181032,Value,BL,T04,20,20,128,0.409,-0.232877823563437,0.482703043397475,Wilcoxon,two.sided,0.91108275862069,-2.68795830595915,-2.78708157869267,-0.0945128372234902,BL/T04,ns,ns,ns/ns,GUT
Enterocloster_citroniae,0.0400797255412676,Value,BL,T04,20,20,112,0.812,-0.217591537590382,0.25385382149518,Wilcoxon,two.sided,0.975003717472119,-2.71679083332349,-2.73370665369912,-0.0167743411485849,BL/T04,ns,ns,ns/ns,GUT
Enterocloster_clostridioformis,-0.217819823834913,Value,BL,T04,20,20,68,0.177,-0.496675275566785,0.0660428272975875,Wilcoxon,two.sided,0.884,-2.8722807128649,-2.63884865794568,0.209800572307774,BL/T04,ns,ns,ns/ns,GUT
Enterocloster_lavalensis,0.111068652929922,Value,BL,T04,20,20,121,0.571,-0.272889407889825,0.472019392513298,Wilcoxon,two.sided,0.916704761904762,-2.84404613002966,-2.93512273744883,-0.0871649220018979,BL/T04,ns,ns,ns/ns,GUT
Enterocloster_SGB14313,-0.0833913352063798,Value,BL,T04,20,20,93,0.674,-0.299942155535972,0.239826981158853,Wilcoxon,two.sided,0.941868,-2.74553026829304,-2.69768600079661,0.0467349751396685,BL/T04,ns,ns,ns/ns,GUT
Erysipelatoclostridium_ramosum,0.0120670102534112,Value,BL,T04,20,20,112,0.812,-0.219775451305919,0.414604119193978,Wilcoxon,two.sided,0.975003717472119,-2.73921347702235,-2.84452451642408,-0.100126778982108,BL/T04,ns,ns,ns/ns,GUT
Escherichia_coli,0.209222540771546,Value,BL,T04,20,20,147,0.123,-0.078503827352854,0.528498151604331,Wilcoxon,two.sided,0.884,-2.49958824818212,-2.68291509902978,-0.168329836647306,BL/T04,ns,ns,ns/ns,GUT
Eubacteriaceae_bacterium,-0.147027500061995,Value,BL,T04,20,20,90,0.596,-0.769444627704001,0.213161459074942,Wilcoxon,two.sided,0.916704761904762,-3.02415057211224,-2.72105059327855,0.264746024925684,BL/T04,ns,ns,ns/ns,GUT
Eubacteriales_unclassified_SGB15145,-0.120088154308396,Value,BL,T04,20,20,81,0.388,-0.453819126210028,0.189983364706773,Wilcoxon,two.sided,0.91108275862069,-2.88143026307768,-2.75690618142644,0.117359907618109,BL/T04,ns,ns,ns/ns,GUT
Eubacterium_ramulus,-0.212768614069876,Value,BL,T04,20,20,66,0.154,-0.476061569224035,0.0700843980674626,Wilcoxon,two.sided,0.884,-2.74616449033773,-2.56808155734853,0.163888484270168,BL/T04,ns,ns,ns/ns,GUT
Eubacterium_rectale,-0.0140507799390636,Value,BL,T04,20,20,103,0.956,-0.158367741103015,0.23523054879005,Wilcoxon,two.sided,0.986543130990415,-2.32691606475414,-2.4138616046455,-0.0833715055880612,BL/T04,ns,ns,ns/ns,GUT
Eubacterium_SGB6276,0.0256614761674104,Value,BL,T04,20,20,113,0.784,-0.248227760516005,0.216104350936666,Wilcoxon,two.sided,0.973969230769231,-2.71491042372133,-2.71388608760889,0.00102381183819743,BL/T04,ns,ns,ns/ns,GUT
Eubacterium_siraeum,0.0732776393870385,Value,BL,T04,20,20,121,0.571,-0.219971038588936,0.374683707872264,Wilcoxon,two.sided,0.916704761904762,-2.64203733135071,-2.72760941904681,-0.0821071178005578,BL/T04,ns,ns,ns/ns,GUT
Eubacterium_sp_AF16_48,-0.127057579654179,Value,BL,T04,20,20,71,0.216,-0.353704978556009,0.108566601708364,Wilcoxon,two.sided,0.884,-2.75475760422068,-2.65010941279178,0.0995269054790507,BL/T04,ns,ns,ns/ns,GUT
Eubacterium_sp_AF34_35BH,-0.117179003933394,Value,BL,T04,20,20,90,0.596,-0.333322307368153,0.196073093307365,Wilcoxon,two.sided,0.916704761904762,-2.78870512109801,-2.75407351783659,0.0340454244781963,BL/T04,ns,ns,ns/ns,GUT
Eubacterium_ventriosum,0.15225753508673,Value,BL,T04,20,20,142,0.177,-0.0647149728252436,0.381656467026549,Wilcoxon,two.sided,0.884,-2.64412593253627,-2.81674282967032,-0.159237915416912,BL/T04,ns,ns,ns/ns,GUT
Evtepia_gabavorous,-0.106941680923794,Value,BL,T04,20,20,87,0.522,-0.459354875702477,0.388071296697565,Wilcoxon,two.sided,0.916704761904762,-2.93729695480806,-2.89661660528634,0.0398746815017744,BL/T04,ns,ns,ns/ns,GUT
Faecalibacillus_faecis,0.0956293171402817,Value,BL,T04,20,20,128,0.409,-0.153415584936692,0.306165845947775,Wilcoxon,two.sided,0.91108275862069,-2.71249256844149,-2.73472084319851,-0.0219848276592077,BL/T04,ns,ns,ns/ns,GUT
Faecalibacillus_intestinalis,0.0114256699023261,Value,BL,T04,20,20,110,0.869,-0.249001634643038,0.293333831687605,Wilcoxon,two.sided,0.984866666666667,-2.76268048745604,-2.79484133942123,-0.0316545192211531,BL/T04,ns,ns,ns/ns,GUT
Faecalibacterium_prausnitzii,0.00643979359455743,Value,BL,T04,20,20,106,0.985,-0.154402222535283,0.175528392166043,Wilcoxon,two.sided,0.997351097178683,-1.97580806167454,-1.97436757825378,0.00143944691977527,BL/T04,ns,ns,ns/ns,GUT
Faecalibacterium_SGB15315,-0.346975771830732,Value,BL,T04,20,20,56,0.0696,-0.72070576833249,0.0413404503286472,Wilcoxon,two.sided,0.884,-3.05747775168799,-2.66518226893751,0.330953811476553,BL/T04,ns,ns,ns/ns,GUT
Faecalibacterium_SGB15346,-0.156551197432415,Value,BL,T04,20,20,64,0.133,-0.402205371580508,0.0411756041224056,Wilcoxon,two.sided,0.884,-2.54982305601483,-2.370314587682,0.165097799435269,BL/T04,ns,ns,ns/ns,GUT
Faecalicatena_fissicatena,0.0794615572860585,Value,BL,T04,20,20,121,0.571,-0.274935838002762,0.416027973020715,Wilcoxon,two.sided,0.916704761904762,-2.9274555596499,-2.9982345655115,-0.0683864264404829,BL/T04,ns,ns,ns/ns,GUT
Faecalimonas_umbilicata,0.226018231805717,Value,BL,T04,20,20,150,0.0973,-0.071604073459578,0.506854716064892,Wilcoxon,two.sided,0.884,-2.85628573119533,-3.05124704103171,-0.178113808153384,BL/T04,ns,ns,ns/ns,GUT
Firmicutes_bacterium_AF16_15,0.173980941256846,Value,BL,T04,20,20,128,0.409,-0.174488306368109,0.485611217551141,Wilcoxon,two.sided,0.91108275862069,-2.66768771467924,-2.83518439515531,-0.154861867281552,BL/T04,ns,ns,ns/ns,GUT
Flavonifractor_plautii,-0.23901746120297,Value,BL,T04,20,20,62,0.114,-0.512631671816809,0.0429964179036169,Wilcoxon,two.sided,0.884,-2.83456030476161,-2.60980187439123,0.202743624852625,BL/T04,ns,ns,ns/ns,GUT
Fusicatenibacter_saccharivorans,-0.0670895146133298,Value,BL,T04,20,20,93,0.674,-0.30970869948205,0.194695378948011,Wilcoxon,two.sided,0.941868,-2.54896239414283,-2.48288963528059,0.0639815775066049,BL/T04,ns,ns,ns/ns,GUT
Fusobacterium_mortiferum,-0.0475207771999643,Value,BL,T04,20,20,99,0.841,-0.410595862187176,0.264518266250332,Wilcoxon,two.sided,0.984213768115942,-2.9742638198976,-2.84299287509961,0.123341730599158,BL/T04,ns,ns,ns/ns,GUT
Fusobacterium_ulcerans,0.141828388089087,Value,BL,T04,20,20,140,0.202,-0.0709591018278448,0.360720412822935,Wilcoxon,two.sided,0.884,-2.62034670209104,-2.74891019573113,-0.120945579441124,BL/T04,ns,ns,ns/ns,GUT
Fusobacterium_varium,-0.0614056764229349,Value,BL,T04,20,20,90,0.596,-0.349850469778668,0.214677769560247,Wilcoxon,two.sided,0.916704761904762,-2.8563341246207,-2.7864776552711,0.0675244986813676,BL/T04,ns,ns,ns/ns,GUT
Gemmiger_formicilis,-0.076518934320524,Value,BL,T04,20,20,89,0.571,-0.353593832801504,0.187581166196157,Wilcoxon,two.sided,0.916704761904762,-2.78885999626904,-2.7054754774808,0.0800899546696032,BL/T04,ns,ns,ns/ns,GUT
Gemmiger_SGB15295,-0.118238974771625,Value,BL,T04,20,20,85,0.475,-0.487452545003306,0.217301531649684,Wilcoxon,two.sided,0.913244047619048,-2.97118470807873,-2.82648787361845,0.135139828550404,BL/T04,ns,ns,ns/ns,GUT
GGB13493_SGB15238,0.190152061151767,Value,BL,T04,20,20,139,0.216,-0.128486804543096,0.380136370383217,Wilcoxon,two.sided,0.884,-2.70275645046396,-2.8143033884821,-0.105752682966503,BL/T04,ns,ns,ns/ns,GUT
GGB1495_SGB2071,-0.0415132812576895,Value,BL,T04,20,20,94,0.701,-0.311783488799239,0.211788156785386,Wilcoxon,two.sided,0.941868,-2.7560805485223,-2.68233142957888,0.0711563737743543,BL/T04,ns,ns,ns/ns,GUT
GGB16040_SGB9347,0.100066680894573,Value,BL,T04,20,20,121,0.571,-0.201941616890045,0.363065538085648,Wilcoxon,two.sided,0.916704761904762,-2.73702047724193,-2.76972754987768,-0.0321835803555529,BL/T04,ns,ns,ns/ns,GUT
GGB1663_SGB2279,0.310636504852703,Value,BL,T04,20,20,183,0.00233,0.14772589370906,0.490035366723809,Wilcoxon,two.sided,0.376295,-2.65175500075327,-3.09775442918497,-0.368800728461047,BL/T04,ns,**,**/ns,GUT
GGB2998_SGB3988,0.11325187766001,Value,BL,T04,20,20,126,0.452,-0.257036155036555,0.487834070343985,Wilcoxon,two.sided,0.912475,-2.84365828805736,-2.95843561056205,-0.10865467420911,BL/T04,ns,ns,ns/ns,GUT
GGB3175_SGB4191,0.0468583271018359,Value,BL,T04,20,20,117,0.674,-0.194359877843211,0.369234937191137,Wilcoxon,two.sided,0.941868,-2.69080235231612,-2.80154288792388,-0.105026942075331,BL/T04,ns,ns,ns/ns,GUT
GGB3256_SGB4303,-0.0892891863378952,Value,BL,T04,20,20,81,0.388,-0.301018892891147,0.115580372772013,Wilcoxon,two.sided,0.91108275862069,-2.73655094868851,-2.65009000126883,0.0829255765982194,BL/T04,ns,ns,ns/ns,GUT
GGB3277_SGB4327,-0.00737864330600391,Value,BL,T04,20,20,103,0.956,-0.260490570867588,0.230119541136074,Wilcoxon,two.sided,0.986543130990415,-2.72458427900069,-2.72138416550308,0.00319500403208681,BL/T04,ns,ns,ns/ns,GUT
GGB3278_SGB4328,-0.148564698243007,Value,BL,T04,20,20,82,0.409,-0.405023280415252,0.203985693681466,Wilcoxon,two.sided,0.91108275862069,-2.6896441470617,-2.59393700577853,0.0913999459612877,BL/T04,ns,ns,ns/ns,GUT
GGB3304_SGB4367,0.164023921451589,Value,BL,T04,20,20,135,0.277,-0.0816880791344967,0.467403757833503,Wilcoxon,two.sided,0.884,-2.67291982473551,-2.88094376238914,-0.188985915254729,BL/T04,ns,ns,ns/ns,GUT
GGB3321_SGB4394,0.14109167130724,Value,BL,T04,20,20,134,0.294,-0.128954834819549,0.495001368346233,Wilcoxon,two.sided,0.884,-2.63237803030348,-2.8174871406775,-0.169834846613329,BL/T04,ns,ns,ns/ns,GUT
GGB33469_SGB15236,-0.148263233569455,Value,BL,T04,20,20,80,0.368,-0.545283613958367,0.194250503228862,Wilcoxon,two.sided,0.900484848484848,-3.02203565254031,-2.85166880959148,0.157317240647866,BL/T04,ns,ns,ns/ns,GUT
GGB3363_SGB4447,0.169317927920854,Value,BL,T04,20,20,136,0.261,-0.107462478881891,0.461892048831152,Wilcoxon,two.sided,0.884,-2.7252559799786,-3.0136742637261,-0.253415329423187,BL/T04,ns,ns,ns/ns,GUT
GGB3363_SGB4448,0.102176546758254,Value,BL,T04,20,20,124,0.498,-0.18864301395981,0.398904329401264,Wilcoxon,two.sided,0.916704761904762,-2.69056341124359,-2.79269387593389,-0.0972450927344546,BL/T04,ns,ns,ns/ns,GUT
GGB33928_SGB15225,0.249073397545747,Value,BL,T04,20,20,164,0.0266,0.035646865560311,0.489639841691649,Wilcoxon,two.sided,0.735446153846154,-2.67778504048136,-2.93414824646934,-0.228221202984497,BL/T04,ns,*,*/ns,GUT
GGB3486_SGB4658,0.28005284834046,Value,BL,T04,20,20,153,0.0759,-0.0259554561895026,0.634355078310684,Wilcoxon,two.sided,0.884,-2.58001893371639,-2.89441957118524,-0.273380772729277,BL/T04,ns,ns,ns/ns,GUT
GGB3490_SGB4664,0.0486298478694872,Value,BL,T04,20,20,117,0.674,-0.187759383653392,0.332961283419108,Wilcoxon,two.sided,0.941868,-2.74664844662658,-2.82966785904656,-0.0797528925303946,BL/T04,ns,ns,ns/ns,GUT
GGB3612_SGB4882,0.0885500651627659,Value,BL,T04,20,20,123,0.522,-0.198996117190274,0.47206860391556,Wilcoxon,two.sided,0.916704761904762,-2.71986100982893,-2.86778913674202,-0.137958688718901,BL/T04,ns,ns,ns/ns,GUT
GGB3619_SGB4894,-0.0936190483445897,Value,BL,T04,20,20,80,0.368,-0.535396715918352,0.235746323550458,Wilcoxon,two.sided,0.900484848484848,-2.98173616653054,-2.83771241733953,0.134551652524477,BL/T04,ns,ns,ns/ns,GUT
GGB3632_SGB4921,-0.0665272002133439,Value,BL,T04,20,20,84,0.452,-0.273316262180015,0.123387159547655,Wilcoxon,two.sided,0.912475,-2.8100110669159,-2.78582578015257,0.0238974543537179,BL/T04,ns,ns,ns/ns,GUT
GGB3653_SGB4964,0.137684433252554,Value,BL,T04,20,20,135,0.277,-0.134559496856465,0.425664510101964,Wilcoxon,two.sided,0.884,-2.83049114615867,-2.96041948714544,-0.122154215657472,BL/T04,ns,ns,ns/ns,GUT
GGB3746_SGB5089,0.0038943040803141,Value,BL,T04,20,20,107,0.956,-0.233877895034605,0.256640412837199,Wilcoxon,two.sided,0.986543130990415,-2.53451018770307,-2.5628215191616,-0.027917972796036,BL/T04,ns,ns,ns/ns,GUT
GGB3815_SGB5180,0.00337136988889397,Value,BL,T04,20,20,106,0.985,-0.302910542348633,0.384862679077675,Wilcoxon,two.sided,0.997351097178683,-2.74302012173187,-2.81276275768721,-0.0674180923979791,BL/T04,ns,ns,ns/ns,GUT
GGB3819_SGB5184,0.129015610009893,Value,BL,T04,20,20,134,0.294,-0.166001763812498,0.406887942570613,Wilcoxon,two.sided,0.884,-2.80475281997179,-2.89405730069731,-0.0855394014967897,BL/T04,ns,ns,ns/ns,GUT
GGB3828_SGB5197,0.169516524217977,Value,BL,T04,20,20,140,0.202,-0.186610867915434,0.423491995170462,Wilcoxon,two.sided,0.884,-2.71846008310567,-2.82858479655361,-0.104472363470555,BL/T04,ns,ns,ns/ns,GUT
GGB42994_SGB4746,0.0622735693472636,Value,BL,T04,20,20,120,0.596,-0.191118523087467,0.329599011076674,Wilcoxon,two.sided,0.916704761904762,-2.80427808889071,-2.89632829466495,-0.0880568522495915,BL/T04,ns,ns,ns/ns,GUT
GGB4578_SGB6328,-0.0287420156244659,Value,BL,T04,20,20,102,0.927,-0.253205743345163,0.237683613633644,Wilcoxon,two.sided,0.986543130990415,-2.76970378269927,-2.82225224552112,-0.0512143309507817,BL/T04,ns,ns,ns/ns,GUT
GGB4596_SGB6358,0.271006353698083,Value,BL,T04,20,20,149,0.105,-0.053330696525115,0.653442511445924,Wilcoxon,two.sided,0.884,-2.62720868557177,-3.01830017378433,-0.330088682318758,BL/T04,ns,ns,ns/ns,GUT
GGB4599_SGB6362,0.116107714229588,Value,BL,T04,20,20,129,0.388,-0.115333156086704,0.392790771853798,Wilcoxon,two.sided,0.91108275862069,-2.65622102920549,-2.79081427065263,-0.126274209121162,BL/T04,ns,ns,ns/ns,GUT
GGB4605_SGB6376,0.0391720251263665,Value,BL,T04,20,20,115,0.729,-0.263038637708238,0.402178394056006,Wilcoxon,two.sided,0.941868,-2.78103177914085,-2.8599935524409,-0.075999257752265,BL/T04,ns,ns,ns/ns,GUT
GGB4651_SGB6438,-0.0301314800449061,Value,BL,T04,20,20,99,0.841,-0.279793314224428,0.204121401194108,Wilcoxon,two.sided,0.984213768115942,-2.73729761260178,-2.72254974856564,0.014640171818304,BL/T04,ns,ns,ns/ns,GUT
GGB4684_SGB6478,-0.0481721037647074,Value,BL,T04,20,20,96,0.756,-0.322288204395795,0.250267409614431,Wilcoxon,two.sided,0.969,-2.67447769962198,-2.65688434862619,0.0174403795766622,BL/T04,ns,ns,ns/ns,GUT
GGB51269_SGB5062,-0.0121216105079134,Value,BL,T04,20,20,102,0.927,-0.273982301139103,0.322874790127836,Wilcoxon,two.sided,0.986543130990415,-2.84751878236202,-2.90384489066264,-0.0547969522892505,BL/T04,ns,ns,ns/ns,GUT
GGB51647_SGB4348,-0.171378746636677,Value,BL,T04,20,20,70,0.202,-0.431312875446743,0.156651598399901,Wilcoxon,two.sided,0.884,-2.62956377793803,-2.55478408843752,0.0721157005770333,BL/T04,ns,ns,ns/ns,GUT
GGB51884_SGB49168,-0.0335961745720252,Value,BL,T04,20,20,97,0.784,-0.34643181764842,0.236532310422942,Wilcoxon,two.sided,0.973969230769231,-2.85050415971965,-2.8163042349687,0.0336281082193367,BL/T04,ns,ns,ns/ns,GUT
GGB53985_SGB6367,-0.1673215155483,Value,BL,T04,20,20,59,0.0897,-0.349972575359299,0.0141249812846342,Wilcoxon,two.sided,0.884,-2.76570308841619,-2.60355047996607,0.150273982379598,BL/T04,ns,ns,ns/ns,GUT
GGB58714_SGB5072,-0.100710350959192,Value,BL,T04,20,20,73,0.245,-0.355403703249948,0.108810160119841,Wilcoxon,two.sided,0.884,-2.78358685051339,-2.67689690070381,0.101373533023536,BL/T04,ns,ns,ns/ns,GUT
GGB6569_SGB9281,0.298753924112099,Value,BL,T04,20,20,157,0.0532,-0.00374546052648994,0.631414934343899,Wilcoxon,two.sided,0.884,-2.59828563546444,-2.96939005144926,-0.315616558135855,BL/T04,ns,ns,ns/ns,GUT
GGB79734_SGB15291,-0.0412816168025558,Value,BL,T04,20,20,95,0.729,-0.41006889431532,0.316461993356251,Wilcoxon,two.sided,0.941868,-2.94133338823969,-2.85359356100676,0.0841019904562651,BL/T04,ns,ns,ns/ns,GUT
GGB79916_SGB4587,-0.04191057001115,Value,BL,T04,20,20,95,0.729,-0.295476039313128,0.242593886216969,Wilcoxon,two.sided,0.941868,-2.89747056681564,-2.83913407293517,0.0566983300158437,BL/T04,ns,ns,ns/ns,GUT
GGB80011_SGB15265,-0.154576107772642,Value,BL,T04,20,20,66,0.154,-0.342477003039062,0.062206943023595,Wilcoxon,two.sided,0.884,-2.89897353600237,-2.77178549606293,0.119726071130353,BL/T04,ns,ns,ns/ns,GUT
GGB80011_SGB15267,0.0426652227840055,Value,BL,T04,20,20,115,0.729,-0.183634430204877,0.23859616635137,Wilcoxon,two.sided,0.941868,-2.82388764825384,-2.86975801131589,-0.0448494220749069,BL/T04,ns,ns,ns/ns,GUT
GGB9061_SGB13979,-0.121256759054411,Value,BL,T04,20,20,83,0.43,-0.497660220128401,0.176238812479163,Wilcoxon,two.sided,0.912475,-2.86100660028472,-2.73113385050598,0.122105015567896,BL/T04,ns,ns,ns/ns,GUT
GGB9062_SGB13981,-0.272634121431648,Value,BL,T04,20,20,60,0.0973,-0.448844439333118,0.0297739746785812,Wilcoxon,two.sided,0.884,-2.93254020317998,-2.73539018922119,0.179943743668009,BL/T04,ns,ns,ns/ns,GUT
GGB9063_SGB13982,-0.0744252011698195,Value,BL,T04,20,20,89,0.571,-0.416736257593045,0.200207774800611,Wilcoxon,two.sided,0.916704761904762,-2.89676508651706,-2.78555431980285,0.105450201678705,BL/T04,ns,ns,ns/ns,GUT
GGB9302_SGB14263,-0.0357882527726057,Value,BL,T04,20,20,98,0.812,-0.424054409234603,0.212057467199946,Wilcoxon,two.sided,0.975003717472119,-2.76172077465279,-2.69912501573329,0.0607147437972112,BL/T04,ns,ns,ns/ns,GUT
GGB9342_SGB14306,-0.139907031290092,Value,BL,T04,20,20,62,0.114,-0.403268874267938,0.0327012101959696,Wilcoxon,two.sided,0.884,-2.80737601077139,-2.62253503697302,0.169608566255285,BL/T04,ns,ns,ns/ns,GUT
GGB9345_SGB14311,-0.35434087882654,Value,BL,T04,20,20,32,0.00486,-0.565601978581947,-0.142389933006299,Wilcoxon,two.sided,0.392445,-2.84084236004712,-2.53523099877293,0.266671407146178,BL/T04,ns,**,**/ns,GUT
GGB9480_SGB14874,-0.0622452378870436,Value,BL,T04,20,20,94,0.701,-0.354257892905881,0.171360656528639,Wilcoxon,two.sided,0.941868,-2.74644180505429,-2.63301946375261,0.107438462401845,BL/T04,ns,ns,ns/ns,GUT
GGB9524_SGB14924,-0.120040623476122,Value,BL,T04,20,20,85,0.475,-0.320246613498027,0.179492071776216,Wilcoxon,two.sided,0.913244047619048,-2.90740621943539,-2.74004181499449,0.154748562009421,BL/T04,ns,ns,ns/ns,GUT
GGB9593_SGB15015,0.163928826159361,Value,BL,T04,20,20,153,0.0759,-0.013304885572798,0.377155363849772,Wilcoxon,two.sided,0.884,-2.63394565866559,-2.83982882130403,-0.18721221354419,BL/T04,ns,ns,ns/ns,GUT
GGB9595_SGB15019,-0.0668143444477517,Value,BL,T04,20,20,85,0.475,-0.319048215934507,0.208044438376054,Wilcoxon,two.sided,0.913244047619048,-2.777436520041,-2.76701982040315,0.010362819666819,BL/T04,ns,ns,ns/ns,GUT
GGB9602_SGB15028,-0.10019244388591,Value,BL,T04,20,20,86,0.498,-0.383600132346184,0.221704924007121,Wilcoxon,two.sided,0.916704761904762,-2.90718257927182,-2.85569653158699,0.05020444710904,BL/T04,ns,ns,ns/ns,GUT
GGB9602_SGB15031,-0.0129222134832426,Value,BL,T04,20,20,101,0.898,-0.182140231034879,0.274998192594103,Wilcoxon,two.sided,0.986543130990415,-2.74541849889137,-2.75531770034378,-0.00985052533059843,BL/T04,ns,ns,ns/ns,GUT
GGB9614_SGB15049,-0.0678435281209451,Value,BL,T04,20,20,69,0.189,-0.237588110747385,0.0517783428354857,Wilcoxon,two.sided,0.884,-2.79767935977257,-2.69924942465023,0.0938818284891264,BL/T04,ns,ns,ns/ns,GUT
GGB9616_SGB15051,-0.013219239274002,Value,BL,T04,20,20,104,0.985,-0.26762361134013,0.276545504085983,Wilcoxon,two.sided,0.997351097178683,-2.7316303984738,-2.72299719079625,0.00859615464511558,BL/T04,ns,ns,ns/ns,GUT
GGB9616_SGB15052,-0.121619779289191,Value,BL,T04,20,20,84,0.452,-0.489216645749109,0.216418761115742,Wilcoxon,two.sided,0.912475,-3.03055023825307,-2.92059307051127,0.104321426959719,BL/T04,ns,ns,ns/ns,GUT
GGB9627_SGB15081,0.172320885232404,Value,BL,T04,20,20,140,0.202,-0.108931299260881,0.411905190591529,Wilcoxon,two.sided,0.884,-2.72419169245931,-2.855405373436,-0.123291110302635,BL/T04,ns,ns,ns/ns,GUT
GGB9634_SGB15093,-0.0401771465980684,Value,BL,T04,20,20,98,0.812,-0.21513358332931,0.165608723611131,Wilcoxon,two.sided,0.975003717472119,-2.65898747859338,-2.6321538575348,0.0264799130107158,BL/T04,ns,ns,ns/ns,GUT
GGB9635_SGB15103,0.186702537265678,Value,BL,T04,20,20,138,0.231,-0.182027839705141,0.549381812045727,Wilcoxon,two.sided,0.884,-2.74934665649574,-2.92080905956201,-0.158252885464176,BL/T04,ns,ns,ns/ns,GUT
GGB9635_SGB15106,0.077961746608896,Value,BL,T04,20,20,120,0.596,-0.173694331052882,0.249205074372182,Wilcoxon,two.sided,0.916704761904762,-2.90573019945925,-2.96182983114779,-0.0545825290234635,BL/T04,ns,ns,ns/ns,GUT
GGB9677_SGB15180,-0.0205374505874443,Value,BL,T04,20,20,101,0.898,-0.267425734550997,0.213052938971765,Wilcoxon,two.sided,0.986543130990415,-2.78376542029691,-2.74319659405762,0.0397675119385919,BL/T04,ns,ns,ns/ns,GUT
GGB9691_SGB15198,0.0191612742047429,Value,BL,T04,20,20,108,0.927,-0.294113875469919,0.307773068060418,Wilcoxon,two.sided,0.986543130990415,-2.93843437347778,-2.90490659722624,0.0329779756871376,BL/T04,ns,ns,ns/ns,GUT
GGB9699_SGB15216,-0.0561580763235003,Value,BL,T04,20,20,82,0.409,-0.272542728353828,0.205714942783172,Wilcoxon,two.sided,0.91108275862069,-2.74373356031102,-2.70656171381388,0.0364976305588081,BL/T04,ns,ns,ns/ns,GUT
GGB9707_SGB15229,0.0241638510131776,Value,BL,T04,20,20,110,0.869,-0.263765111118213,0.285216835577897,Wilcoxon,two.sided,0.984866666666667,-2.78497382118611,-2.80062593222048,-0.0155308801212187,BL/T04,ns,ns,ns/ns,GUT
GGB9708_SGB15233,-0.154327311874887,Value,BL,T04,20,20,81,0.388,-0.54620410324456,0.199162595138955,Wilcoxon,two.sided,0.91108275862069,-2.97373290584947,-2.77471074289487,0.181506360407153,BL/T04,ns,ns,ns/ns,GUT
GGB9708_SGB15234,-0.15721026005997,Value,BL,T04,20,20,82,0.409,-0.558544892280211,0.169391532932833,Wilcoxon,two.sided,0.91108275862069,-2.90635396999948,-2.71504923449703,0.175049122886589,BL/T04,ns,ns,ns/ns,GUT
GGB9712_SGB15244,0.286123175932952,Value,BL,T04,20,20,153,0.0759,-0.0101296993118856,0.563900444260255,Wilcoxon,two.sided,0.884,-2.6933658759169,-2.99123793093017,-0.260726042555416,BL/T04,ns,ns,ns/ns,GUT
GGB9713_SGB15249,-0.0409301646603244,Value,BL,T04,20,20,92,0.648,-0.311234722119228,0.226053194129396,Wilcoxon,two.sided,0.941868,-2.78072316275851,-2.73280238893978,0.0468079855400051,BL/T04,ns,ns,ns/ns,GUT
GGB9747_SGB15356,-0.15784333540968,Value,BL,T04,20,20,72,0.231,-0.441631194850095,0.0903170455919635,Wilcoxon,two.sided,0.884,-2.91628859797117,-2.73592864399884,0.165819437699846,BL/T04,ns,ns,ns/ns,GUT
GGB9758_SGB15368,-0.146449742380233,Value,BL,T04,20,20,70,0.202,-0.447496151025162,0.0975799820167771,Wilcoxon,two.sided,0.884,-2.71635343498081,-2.51197709362395,0.18596187392276,BL/T04,ns,ns,ns/ns,GUT
GGB9760_SGB15373,-0.269526986179288,Value,BL,T04,20,20,64,0.133,-0.659358271388908,0.051567779196225,Wilcoxon,two.sided,0.884,-3.1768636515152,-2.90501581568964,0.240470831838882,BL/T04,ns,ns,ns/ns,GUT
GGB9760_SGB15374,0.131770719721464,Value,BL,T04,20,20,124,0.498,-0.179301843325019,0.403348123729445,Wilcoxon,two.sided,0.916704761904762,-2.71164224470664,-2.83429615426647,-0.115695444428733,BL/T04,ns,ns,ns/ns,GUT
GGB9813_SGB15447,0.0311548024277946,Value,BL,T04,20,20,110,0.869,-0.328280597741492,0.382828070385278,Wilcoxon,two.sided,0.984866666666667,-2.81083509985158,-2.81855407703921,-0.00768933830674871,BL/T04,ns,ns,ns/ns,GUT
Haemophilus_parainfluenzae,0.12853780228859,Value,BL,T04,20,20,143,0.165,-0.0753258028725423,0.283163622197051,Wilcoxon,two.sided,0.884,-2.60342757518617,-2.70412378039604,-0.0959428934259931,BL/T04,ns,ns,ns/ns,GUT
Holdemanella_biformis,0.0269102979502407,Value,BL,T04,20,20,107,0.956,-0.436156995833941,0.291265933356087,Wilcoxon,two.sided,0.986543130990415,-2.80498264256517,-2.75488424532833,0.0488838714328963,BL/T04,ns,ns,ns/ns,GUT
Holdemanella_porci,-0.00617395525736819,Value,BL,T04,20,20,103,0.956,-0.345321151784182,0.22143239247002,Wilcoxon,two.sided,0.986543130990415,-2.80585798922753,-2.74878533843806,0.0555034375341161,BL/T04,ns,ns,ns/ns,GUT
Holdemania_filiformis,0.0972450481995458,Value,BL,T04,20,20,122,0.546,-0.148697262906047,0.385760861342483,Wilcoxon,two.sided,0.916704761904762,-2.68108213347468,-2.79340577338148,-0.106451196565218,BL/T04,ns,ns,ns/ns,GUT
Holdemania_massiliensis,-0.198322257628671,Value,BL,T04,20,20,74,0.261,-0.509714807196876,0.220475642431613,Wilcoxon,two.sided,0.884,-2.90440226457232,-2.77366343353412,0.12287125184589,BL/T04,ns,ns,ns/ns,GUT
Hungatella_hathewayi,-0.048451254507399,Value,BL,T04,20,20,97,0.784,-0.388407839676261,0.224367909183499,Wilcoxon,two.sided,0.973969230769231,-2.80185441077227,-2.72040490405736,0.0783022771240148,BL/T04,ns,ns,ns/ns,GUT
Hydrogenoanaerobacterium_saccharovorans,-0.0157396392648769,Value,BL,T04,20,20,101,0.898,-0.283473121130805,0.245927917668318,Wilcoxon,two.sided,0.986543130990415,-2.75404761943994,-2.72173208099982,0.0318043746284894,BL/T04,ns,ns,ns/ns,GUT
Intestinibacter_bartlettii,-0.0267337119784193,Value,BL,T04,20,20,100,0.869,-0.373756980735533,0.232028259153079,Wilcoxon,two.sided,0.984866666666667,-2.79939472335807,-2.73035340466683,0.0667622830183506,BL/T04,ns,ns,ns/ns,GUT
Intestinimonas_butyriciproducens,-0.210620183004842,Value,BL,T04,20,20,64,0.133,-0.548889085983046,0.110791987074148,Wilcoxon,two.sided,0.884,-2.89305530139925,-2.686588404318,0.187696168558807,BL/T04,ns,ns,ns/ns,GUT
Intestinimonas_massiliensis,-0.163793827498448,Value,BL,T04,20,20,76,0.294,-0.384564488704647,0.146459911189776,Wilcoxon,two.sided,0.884,-2.89179062923349,-2.74609851203482,0.136008923557452,BL/T04,ns,ns,ns/ns,GUT
Klebsiella_pneumoniae,0.215486000522614,Value,BL,T04,20,20,138,0.231,-0.150618190887506,0.594921860900833,Wilcoxon,two.sided,0.884,-2.84663750945963,-3.05834665587068,-0.19203188063904,BL/T04,ns,ns,ns/ns,GUT
Klebsiella_quasipneumoniae,-0.00128877777009773,Value,BL,T04,20,20,105,1,-0.243158956277043,0.220880426434867,Wilcoxon,two.sided,1,-2.69217339971455,-2.69606589714287,-0.00388494126209717,BL/T04,ns,ns,ns/ns,GUT
Klebsiella_variicola,0.0504713979535926,Value,BL,T04,20,20,112,0.812,-0.253599278600118,0.354485533213497,Wilcoxon,two.sided,0.975003717472119,-2.74434790198952,-2.78106636979738,-0.0360604052211152,BL/T04,ns,ns,ns/ns,GUT
Lachnospira_eligens,-0.0968306028463378,Value,BL,T04,20,20,75,0.277,-0.335353013184677,0.0948341633239611,Wilcoxon,two.sided,0.884,-2.41043341996603,-2.30008906899571,0.104670193313469,BL/T04,ns,ns,ns/ns,GUT
Lachnospira_pectinoschiza,0.10078215949163,Value,BL,T04,20,20,117,0.674,-0.290152811247246,0.335119297920426,Wilcoxon,two.sided,0.941868,-2.42991762738454,-2.49530928608608,-0.0633424862055574,BL/T04,ns,ns,ns/ns,GUT
Lachnospira_sp_NSJ_43,0.195115521210619,Value,BL,T04,20,20,138,0.231,-0.107301509142747,0.413643504020508,Wilcoxon,two.sided,0.884,-2.60942598541454,-2.77732423707017,-0.155205767302918,BL/T04,ns,ns,ns/ns,GUT
Lachnospiraceae_bacterium_AM48_27BH,0.0318933230327618,Value,BL,T04,20,20,108,0.927,-0.293580553593766,0.350741312857438,Wilcoxon,two.sided,0.986543130990415,-2.67017547375506,-2.70647102866814,-0.0356523878164946,BL/T04,ns,ns,ns/ns,GUT
Lachnospiraceae_bacterium_BX3,-0.112455792189456,Value,BL,T04,20,20,84,0.452,-0.67854863951371,0.22536730878188,Wilcoxon,two.sided,0.912475,-2.94421426842703,-2.78207006824477,0.150266747272771,BL/T04,ns,ns,ns/ns,GUT
Lachnospiraceae_bacterium_Marseille_Q4251,0.0117475496092256,Value,BL,T04,20,20,106,0.985,-0.205115156703671,0.187826409828614,Wilcoxon,two.sided,0.997351097178683,-2.8157289456755,-2.81661506122583,-0.000885723181712721,BL/T04,ns,ns,ns/ns,GUT
Lachnospiraceae_bacterium_OM04_12BH,-0.0333261808541941,Value,BL,T04,20,20,100,0.869,-0.361914648293971,0.269226701408026,Wilcoxon,two.sided,0.984866666666667,-2.84077542306999,-2.75228012163166,0.0847962851359105,BL/T04,ns,ns,ns/ns,GUT
Lacrimispora_amygdalina,0.0212427206779834,Value,BL,T04,20,20,116,0.701,-0.11614540594358,0.186485034522101,Wilcoxon,two.sided,0.941868,-2.68718636148772,-2.72159988498116,-0.0338346221462769,BL/T04,ns,ns,ns/ns,GUT
Lacrimispora_celerecrescens,0.0358582852021972,Value,BL,T04,20,20,120,0.596,-0.206462801517476,0.287079871769572,Wilcoxon,two.sided,0.916704761904762,-2.71255525118888,-2.74201560171034,-0.0290347334089014,BL/T04,ns,ns,ns/ns,GUT
Lacrimispora_saccharolytica,0.0450044212890933,Value,BL,T04,20,20,120,0.596,-0.150264024732163,0.238220650254487,Wilcoxon,two.sided,0.916704761904762,-2.77604638424713,-2.82331603734283,-0.0461864470529766,BL/T04,ns,ns,ns/ns,GUT
Lawsonibacter_asaccharolyticus,0.131563921681908,Value,BL,T04,20,20,135,0.277,-0.139808271774745,0.317222429166324,Wilcoxon,two.sided,0.884,-2.67085312979878,-2.77305481964662,-0.0973097156248139,BL/T04,ns,ns,ns/ns,GUT
Longicatena_caecimuris,0.0685381958318412,Value,BL,T04,20,20,117,0.674,-0.282363281236819,0.340054201503406,Wilcoxon,two.sided,0.941868,-2.903195879731,-2.91224217182524,-0.00900561950066573,BL/T04,ns,ns,ns/ns,GUT
Megamonas_funiformis,-0.0837921984381074,Value,BL,T04,20,20,77,0.312,-0.331683158827726,0.106993454864378,Wilcoxon,two.sided,0.884,-2.6807743091596,-2.55292817475453,0.120309738102508,BL/T04,ns,ns,ns/ns,GUT
Megasphaera_sp_NM10,0.0309353491349127,Value,BL,T04,20,20,111,0.841,-0.268017266413724,0.384353474964651,Wilcoxon,two.sided,0.984213768115942,-2.80499555697326,-2.84204463593238,-0.0363792559568918,BL/T04,ns,ns,ns/ns,GUT
Mesosutterella_multiformis,-0.0243832349603373,Value,BL,T04,20,20,99,0.841,-0.225229420506648,0.323704493183731,Wilcoxon,two.sided,0.984213768115942,-2.66515550305731,-2.72382917869053,-0.057016875255212,BL/T04,ns,ns,ns/ns,GUT
Negativibacillus_massiliensis,-0.370346800262613,Value,BL,T04,20,20,47,0.0296,-0.681677757725127,-0.0386644338122804,Wilcoxon,two.sided,0.735446153846154,-2.940349037632,-2.61557252238549,0.281243777473696,BL/T04,ns,*,*/ns,GUT
Odoribacter_sp_AF15_53,0.0702397332505172,Value,BL,T04,20,20,125,0.475,-0.215425512442108,0.393602515813047,Wilcoxon,two.sided,0.913244047619048,-2.7274008965979,-2.80448302207577,-0.0742556491926686,BL/T04,ns,ns,ns/ns,GUT
Odoribacter_splanchnicus,-0.087701706619315,Value,BL,T04,20,20,90,0.596,-0.378589651412893,0.214839757998234,Wilcoxon,two.sided,0.916704761904762,-2.7052684555133,-2.62633156895483,0.075976192033705,BL/T04,ns,ns,ns/ns,GUT
Oscillibacter_sp_ER4,-0.0603375895963119,Value,BL,T04,20,20,92,0.648,-0.335174245674236,0.186891752015634,Wilcoxon,two.sided,0.941868,-2.74646520047548,-2.59583469109849,0.140310061154077,BL/T04,ns,ns,ns/ns,GUT
Oscillospiraceae_bacterium_Marseille_Q3528,-0.138436991234239,Value,BL,T04,20,20,80,0.368,-0.512600061017268,0.181976858656613,Wilcoxon,two.sided,0.900484848484848,-2.96835221880331,-2.83682712060796,0.123566367193533,BL/T04,ns,ns,ns/ns,GUT
Oscillospiraceae_bacterium_N12,-0.319211643020101,Value,BL,T04,20,20,36,0.00831,-0.588813728155378,-0.0837027245236734,Wilcoxon,two.sided,0.536826,-3.03932455156778,-2.66826123551917,0.31558658189791,BL/T04,ns,**,**/ns,GUT
Oscillospiraceae_unclassified_SGB15252,0.210387649375091,Value,BL,T04,20,20,148,0.114,-0.116495807512113,0.499790421634053,Wilcoxon,two.sided,0.884,-2.68100350178107,-2.84763064705439,-0.154116803773455,BL/T04,ns,ns,ns/ns,GUT
Oscillospiraceae_unclassified_SGB15256,-0.322610342646451,Value,BL,T04,20,20,53,0.0532,-0.661061522360061,0.0191494039918925,Wilcoxon,two.sided,0.884,-2.92520141790502,-2.57929956855294,0.297064308320099,BL/T04,ns,ns,ns/ns,GUT
Parabacteroides_distasonis,0.0639784173817541,Value,BL,T04,20,20,123,0.522,-0.105298567478107,0.212928421192027,Wilcoxon,two.sided,0.916704761904762,-2.2822039797963,-2.32964111639511,-0.0463463582198176,BL/T04,ns,ns,ns/ns,GUT
Parabacteroides_faecis,-0.0996865440289273,Value,BL,T04,20,20,91,0.622,-0.518991681034191,0.313127675641993,Wilcoxon,two.sided,0.934446511627907,-2.95142345019489,-2.88592294994023,0.0634446420586869,BL/T04,ns,ns,ns/ns,GUT
Parabacteroides_goldsteinii,0.0400464500255137,Value,BL,T04,20,20,116,0.701,-0.321400318532214,0.332439714050656,Wilcoxon,two.sided,0.941868,-2.87245741570461,-2.84237431773169,0.0296394766308864,BL/T04,ns,ns,ns/ns,GUT
Parabacteroides_johnsonii,0.187434530429744,Value,BL,T04,20,20,133,0.312,-0.191697071956165,0.468070742643342,Wilcoxon,two.sided,0.884,-2.70569741565634,-2.8431687437207,-0.128807665428023,BL/T04,ns,ns,ns/ns,GUT
Parabacteroides_merdae,0.00724716103351075,Value,BL,T04,20,20,107,0.956,-0.196832749652247,0.210093240648527,Wilcoxon,two.sided,0.986543130990415,-2.53985753675448,-2.53035870517698,0.00945400134314126,BL/T04,ns,ns,ns/ns,GUT
Parabacteroides_sp_TM07_1AC,0.0147763832356621,Value,BL,T04,20,20,109,0.898,-0.268526102869904,0.338794618649295,Wilcoxon,two.sided,0.986543130990415,-2.74029576945124,-2.7881118159393,-0.0467080423317282,BL/T04,ns,ns,ns/ns,GUT
Paraprevotella_clara,-0.0404736247511801,Value,BL,T04,20,20,91,0.622,-0.320569986654612,0.15757438710728,Wilcoxon,two.sided,0.934446511627907,-2.80733760313597,-2.71688696333164,0.0865910418151467,BL/T04,ns,ns,ns/ns,GUT
Parasutterella_excrementihominis,-0.13000927955699,Value,BL,T04,20,20,80,0.368,-0.373945890949389,0.132709832030846,Wilcoxon,two.sided,0.900484848484848,-2.72841813896782,-2.57676801687768,0.141195802680001,BL/T04,ns,ns,ns/ns,GUT
Parasutterella_SGB9260,-0.14708469244569,Value,BL,T04,20,20,67,0.165,-0.379934048442716,0.0542751064098697,Wilcoxon,two.sided,0.884,-2.81086240053746,-2.6489928576634,0.150030382655483,BL/T04,ns,ns,ns/ns,GUT
Phascolarctobacterium_faecium,-0.0632626568617597,Value,BL,T04,20,20,92,0.648,-0.348516849092945,0.14937557456381,Wilcoxon,two.sided,0.941868,-2.47915339451622,-2.38330437900206,0.0915294194687353,BL/T04,ns,ns,ns/ns,GUT
Phascolarctobacterium_SGB5790,-0.00949615414600169,Value,BL,T04,20,20,99,0.841,-0.348397247207685,0.316518523243787,Wilcoxon,two.sided,0.984213768115942,-2.86071285593611,-2.86167958444765,-0.000966261530475749,BL/T04,ns,ns,ns/ns,GUT
Phascolarctobacterium_succinatutens,0.0629309100153543,Value,BL,T04,20,20,115,0.729,-0.218382417397583,0.382291198182451,Wilcoxon,two.sided,0.941868,-2.77526087670183,-2.86677653168772,-0.0875672395398137,BL/T04,ns,ns,ns/ns,GUT
Phocaeicola_coprocola,-0.435313957625618,Value,BL,T04,20,20,47,0.0296,-0.881818747512544,-0.0175359922642646,Wilcoxon,two.sided,0.735446153846154,-2.77596634780682,-2.32532254573472,0.372007459322049,BL/T04,ns,*,*/ns,GUT
Phocaeicola_coprophilus,-0.125425814357742,Value,BL,T04,20,20,77,0.312,-0.362290851387206,0.135320314179667,Wilcoxon,two.sided,0.884,-2.88352596228825,-2.75912699934729,0.117248637727652,BL/T04,ns,ns,ns/ns,GUT
Phocaeicola_dorei,-0.1511698296093,Value,BL,T04,20,20,71,0.216,-0.364990510284093,0.0928262501841344,Wilcoxon,two.sided,0.884,-2.44790809604328,-2.31080400575642,0.128484758763573,BL/T04,ns,ns,ns/ns,GUT
Phocaeicola_massiliensis,0.0479169170243823,Value,BL,T04,20,20,116,0.701,-0.27040986170926,0.434658007268517,Wilcoxon,two.sided,0.941868,-2.6601132741959,-2.71503180443991,-0.0534635414286948,BL/T04,ns,ns,ns/ns,GUT
Phocaeicola_plebeius,-0.0766621085296997,Value,BL,T04,20,20,84,0.452,-0.291140486904546,0.0814099862848725,Wilcoxon,two.sided,0.912475,-2.23434148975922,-2.1218635580249,0.106589898218206,BL/T04,ns,ns,ns/ns,GUT
Phocaeicola_SGB6473,-0.0440386184832927,Value,BL,T04,20,20,95,0.729,-0.373325517722151,0.227444266600223,Wilcoxon,two.sided,0.941868,-2.88335134675945,-2.77444556135405,0.103373750210605,BL/T04,ns,ns,ns/ns,GUT
Phocaeicola_vulgatus,0.0512628417129247,Value,BL,T04,20,20,122,0.546,-0.0861217971555683,0.200853146790721,Wilcoxon,two.sided,0.916704761904762,-1.86484470118556,-1.91498435383945,-0.048923157852893,BL/T04,ns,ns,ns/ns,GUT
Prevotella_bivia,0.117131935678836,Value,BL,T04,20,20,124,0.498,-0.176498654717954,0.471098617990958,Wilcoxon,two.sided,0.916704761904762,-2.83570365287773,-3.05195590564429,-0.19577420673964,BL/T04,ns,ns,ns/ns,GUT
Prevotella_copri_clade_A,0.0319941868828989,Value,BL,T04,20,20,112,0.812,-0.278504795806766,0.281856535094954,Wilcoxon,two.sided,0.975003717472119,-2.58952282030864,-2.61282333697563,-0.0230332040132018,BL/T04,ns,ns,ns/ns,GUT
Prevotella_copri_clade_C,-0.201324700377768,Value,BL,T04,20,20,64,0.133,-0.487117682565257,0.0724972926092242,Wilcoxon,two.sided,0.884,-2.72940775795831,-2.50824948650333,0.199799811179291,BL/T04,ns,ns,ns/ns,GUT
Prevotella_corporis,-0.0871693324407198,Value,BL,T04,20,20,87,0.522,-0.449552730036743,0.204786230538248,Wilcoxon,two.sided,0.916704761904762,-2.90995887572921,-2.79998369767664,0.104337652959406,BL/T04,ns,ns,ns/ns,GUT
Prevotella_disiens,-0.0169922781351967,Value,BL,T04,20,20,102,0.927,-0.246497829608488,0.23094969876014,Wilcoxon,two.sided,0.986543130990415,-2.90068620392117,-2.90424120454849,-0.00354869654884862,BL/T04,ns,ns,ns/ns,GUT
Prevotella_stercorea,0.129612554333605,Value,BL,T04,20,20,142,0.177,-0.0737381653935192,0.38650783447015,Wilcoxon,two.sided,0.884,-2.66402329471452,-2.8172890210806,-0.142597679925644,BL/T04,ns,ns,ns/ns,GUT
Prevotella_timonensis,-0.129768554425822,Value,BL,T04,20,20,84,0.452,-0.410831980066288,0.242347955077264,Wilcoxon,two.sided,0.912475,-2.8403080158897,-2.80925486862396,0.030580752945534,BL/T04,ns,ns,ns/ns,GUT
Pseudoruminococcus_massiliensis,-0.0988424811460192,Value,BL,T04,20,20,80,0.368,-0.340952617072994,0.112007415204433,Wilcoxon,two.sided,0.900484848484848,-2.92378056372812,-2.79031670287032,0.125278307667411,BL/T04,ns,ns,ns/ns,GUT
Rheinheimera_SGB14999,-0.0457910051423088,Value,BL,T04,20,20,98,0.812,-0.563988511016278,0.338864588944902,Wilcoxon,two.sided,0.975003717472119,-2.9029871582331,-2.8542188624942,0.0476164239285509,BL/T04,ns,ns,ns/ns,GUT
Romboutsia_timonensis,-0.219009519250108,Value,BL,T04,20,20,64,0.133,-0.475539398566624,0.0810700459786313,Wilcoxon,two.sided,0.884,-2.91978362081712,-2.74375663474714,0.162141796551573,BL/T04,ns,ns,ns/ns,GUT
Roseburia_faecis,-0.136999516023359,Value,BL,T04,20,20,85,0.475,-0.493189261530602,0.214024431379802,Wilcoxon,two.sided,0.913244047619048,-2.68824165569876,-2.55993908702373,0.120714351748373,BL/T04,ns,ns,ns/ns,GUT
Roseburia_hominis,-0.126897925654342,Value,BL,T04,20,20,72,0.231,-0.415781241982891,0.13307055728436,Wilcoxon,two.sided,0.884,-2.78504000495115,-2.63804646613009,0.137144205019824,BL/T04,ns,ns,ns/ns,GUT
Roseburia_intestinalis,-0.0135448979954335,Value,BL,T04,20,20,103,0.956,-0.299549896330463,0.126251296195832,Wilcoxon,two.sided,0.986543130990415,-2.56845512258413,-2.44001203572985,0.120838883442127,BL/T04,ns,ns,ns/ns,GUT
Roseburia_inulinivorans,-0.0540016793027481,Value,BL,T04,20,20,89,0.571,-0.311870365571068,0.193075023545689,Wilcoxon,two.sided,0.916704761904762,-2.5211283855304,-2.46656226584372,0.0531294213765602,BL/T04,ns,ns,ns/ns,GUT
Roseburia_sp_AF02_12,0.115196072117969,Value,BL,T04,20,20,126,0.452,-0.227531232694466,0.448448681047817,Wilcoxon,two.sided,0.912475,-2.74126322405216,-2.89772514571998,-0.145365276654717,BL/T04,ns,ns,ns/ns,GUT
Roseburia_sp_AM16_25,-0.0803050442466123,Value,BL,T04,20,20,90,0.596,-0.372492409799424,0.23229694062015,Wilcoxon,two.sided,0.916704761904762,-2.86426009699379,-2.83134810702228,0.0323819880292105,BL/T04,ns,ns,ns/ns,GUT
Roseburia_sp_AM23_20,0.124623409899068,Value,BL,T04,20,20,127,0.43,-0.185340947386554,0.436039327635055,Wilcoxon,two.sided,0.912475,-2.77041552176733,-2.89342121014912,-0.116008741087899,BL/T04,ns,ns,ns/ns,GUT
Roseburia_sp_AM59_24XD,-0.181314377061321,Value,BL,T04,20,20,71,0.216,-0.434112977878838,0.0704190879261839,Wilcoxon,two.sided,0.884,-2.797528335165,-2.62669103815269,0.157719131334622,BL/T04,ns,ns,ns/ns,GUT
Ruminococcus_bicirculans,-0.0326193811548583,Value,BL,T04,20,20,101,0.898,-0.336666269449595,0.292042681664321,Wilcoxon,two.sided,0.986543130990415,-2.56267380239724,-2.53231287870169,0.0299091522167232,BL/T04,ns,ns,ns/ns,GUT
Ruminococcus_bovis,0.143144021411195,Value,BL,T04,20,20,130,0.368,-0.254683325925142,0.344710871309709,Wilcoxon,two.sided,0.900484848484848,-2.85778368212349,-2.95234303488607,-0.0903518647083709,BL/T04,ns,ns,ns/ns,GUT
Ruminococcus_bromii,-0.0796640306637576,Value,BL,T04,20,20,76,0.294,-0.273763901615511,0.108412308264129,Wilcoxon,two.sided,0.884,-2.3830305665645,-2.30802736967632,0.0723236354246708,BL/T04,ns,ns,ns/ns,GUT
Ruminococcus_callidus,-0.119244167435815,Value,BL,T04,20,20,78,0.33,-0.417188948446443,0.135005944978202,Wilcoxon,two.sided,0.88825,-2.88765892453996,-2.7187331315096,0.156085201459105,BL/T04,ns,ns,ns/ns,GUT
Ruminococcus_gnavus,0.170207011281386,Value,BL,T04,20,20,135,0.277,-0.176865943397971,0.456700090033284,Wilcoxon,two.sided,0.884,-2.52639922109416,-2.66230539492528,-0.127430723429414,BL/T04,ns,ns,ns/ns,GUT
Ruminococcus_lactaris,0.236568974119465,Value,BL,T04,20,20,161,0.0362,0.0148542113334933,0.468401475540563,Wilcoxon,two.sided,0.779506666666667,-2.65095245111716,-2.89489894123736,-0.21828897901902,BL/T04,ns,*,*/ns,GUT
Ruminococcus_SGB4421,-0.210047968476922,Value,BL,T04,20,20,69,0.189,-0.478299624928626,0.133957014115964,Wilcoxon,two.sided,0.884,-2.78933159116144,-2.62247624833992,0.154312389170037,BL/T04,ns,ns,ns/ns,GUT
Ruminococcus_sp_AF13_28,-0.101010711501062,Value,BL,T04,20,20,89,0.571,-0.372886921362898,0.198477218152567,Wilcoxon,two.sided,0.916704761904762,-2.69875719358577,-2.57474443654206,0.116905101090106,BL/T04,ns,ns,ns/ns,GUT
Ruminococcus_sp_BSD2780120874_150323_B10,0.199326220559916,Value,BL,T04,20,20,141,0.189,-0.155818429275424,0.468328241382818,Wilcoxon,two.sided,0.884,-2.73984298969436,-2.85532686595789,-0.109288280517528,BL/T04,ns,ns,ns/ns,GUT
Ruminococcus_torques,0.16815844050475,Value,BL,T04,20,20,139,0.216,-0.134959483926434,0.353258442452754,Wilcoxon,two.sided,0.884,-2.44026154222565,-2.56759784812198,-0.119857598614076,BL/T04,ns,ns,ns/ns,GUT
Ruthenibacterium_lactatiformans,-0.106143570401762,Value,BL,T04,20,20,81,0.388,-0.377596753690542,0.124143457601923,Wilcoxon,two.sided,0.91108275862069,-2.85216863496421,-2.69218361935853,0.148407087453536,BL/T04,ns,ns,ns/ns,GUT
Sellimonas_intestinalis,0.119134978911621,Value,BL,T04,20,20,125,0.475,-0.192058392631394,0.423013768703252,Wilcoxon,two.sided,0.913244047619048,-2.78186795925861,-2.89160924019072,-0.104126907915484,BL/T04,ns,ns,ns/ns,GUT
Streptococcus_parasanguinis,-0.0101379240888448,Value,BL,T04,20,20,105,1,-0.277781398070607,0.375059481699082,Wilcoxon,two.sided,1,-2.80541034244736,-2.8772930137205,-0.0694166082194562,BL/T04,ns,ns,ns/ns,GUT
Streptococcus_pasteurianus,0.247446445193563,Value,BL,T04,20,20,149,0.105,-0.042244061061689,0.562201029616964,Wilcoxon,two.sided,0.884,-2.65256227584458,-2.90057360443634,-0.221551347303279,BL/T04,ns,ns,ns/ns,GUT
Streptococcus_salivarius,-0.047647240156876,Value,BL,T04,20,20,97,0.784,-0.331479352378917,0.207394097636488,Wilcoxon,two.sided,0.973969230769231,-2.69243184326713,-2.60962374311428,0.0795577594770327,BL/T04,ns,ns,ns/ns,GUT
Streptococcus_thermophilus,0.0502324280552251,Value,BL,T04,20,20,119,0.622,-0.189831936476659,0.315061976649631,Wilcoxon,two.sided,0.934446511627907,-2.71800524098302,-2.79300986643539,-0.0723249643167619,BL/T04,ns,ns,ns/ns,GUT
Sutterella_sp_AM11_39,0.0709930208412817,Value,BL,T04,20,20,115,0.729,-0.20861652830651,0.466773273213576,Wilcoxon,two.sided,0.941868,-2.67782681573048,-2.86283212728109,-0.169747256898235,BL/T04,ns,ns,ns/ns,GUT
Sutterella_wadsworthensis,0.118839030186421,Value,BL,T04,20,20,133,0.312,-0.140050594578831,0.381754668318368,Wilcoxon,two.sided,0.884,-2.54472547106644,-2.6776204462546,-0.124776281534098,BL/T04,ns,ns,ns/ns,GUT
Tyzzerella_nexilis,0.099895373870898,Value,BL,T04,20,20,135,0.277,-0.072225329451491,0.297414957806299,Wilcoxon,two.sided,0.884,-2.61968426560346,-2.74781767513992,-0.12056441694808,BL/T04,ns,ns,ns/ns,GUT
Veillonella_atypica,-0.351615623917235,Value,BL,T04,20,20,51,0.0441,-0.738058639256688,-0.00627924844725603,Wilcoxon,two.sided,0.884,-3.05959253714343,-2.68155251706928,0.320662214313549,BL/T04,ns,*,*/ns,GUT
Veillonella_dispar,-0.0457049428986326,Value,BL,T04,20,20,93,0.674,-0.272869603984718,0.174982920815518,Wilcoxon,two.sided,0.941868,-2.75235545184879,-2.73561282172374,0.0166040173157339,BL/T04,ns,ns,ns/ns,GUT
Veillonella_parvula,-0.201833106484969,Value,BL,T04,20,20,78,0.33,-0.507970334098879,0.252523437615972,Wilcoxon,two.sided,0.88825,-2.9944353674144,-2.81151051260445,0.167990062108003,BL/T04,ns,ns,ns/ns,GUT
Veillonella_rogosae,0.0268892591390263,Value,BL,T04,20,20,110,0.869,-0.257090165173733,0.383941313379042,Wilcoxon,two.sided,0.984866666666667,-2.72268060888479,-2.80552691995954,-0.079593047583673,BL/T04,ns,ns,ns/ns,GUT
Vescimonas_coprocola,0.0694948351808744,Value,BL,T04,20,20,115,0.729,-0.189217558645986,0.261056675105869,Wilcoxon,two.sided,0.941868,-2.64181167335322,-2.67454106040081,-0.0322051878097435,BL/T04,ns,ns,ns/ns,GUT
Vescimonas_SGB15087,0.0228370655424179,Value,BL,T04,20,20,107,0.956,-0.294595188457425,0.311984428045284,Wilcoxon,two.sided,0.986543130990415,-2.63395751697351,-2.66015324005408,-0.0258584917920001,BL/T04,ns,ns,ns/ns,GUT
Victivallis_lenta,0.0134097558052052,Value,BL,T04,20,20,109,0.898,-0.205515078438301,0.273399543804507,Wilcoxon,two.sided,0.986543130990415,-2.88095482692272,-2.96039235950308,-0.0764401023047218,BL/T04,ns,ns,ns/ns,GUT
Waltera_intestinalis,0.0414475632663944,Value,BL,T04,20,20,112,0.812,-0.262854867539787,0.356956945155482,Wilcoxon,two.sided,0.975003717472119,-2.65367248359657,-2.71469946194564,-0.0592372865932882,BL/T04,ns,ns,ns/ns,GUT
Adlercreutzia_equolifaciens,0.199482116352794,Value,BL,T12,20,20,133,0.312,-0.261419913895835,0.493513784041811,Wilcoxon,two.sided,0.974872727272727,-2.75526437583425,-2.89488988207918,-0.13069970514346,BL/T12,ns,ns,ns/ns,GUT
Agathobaculum_butyriciproducens,0.0194204988964208,Value,BL,T12,20,20,114,0.756,-0.138796473562096,0.229336868051745,Wilcoxon,two.sided,0.981708196721311,-2.72881104727388,-2.65118039872905,0.0747647871951198,BL/T12,ns,ns,ns/ns,GUT
Akkermansia_muciniphila,-0.385353873463921,Value,BL,T12,20,20,51,0.0441,-0.788246309218516,-0.0117682476604535,Wilcoxon,two.sided,0.6137,-2.92794263775067,-2.55029955134964,0.320374130625747,BL/T12,ns,*,*/ns,GUT
Alistipes_communis,0.0103323338432015,Value,BL,T12,20,20,106,0.985,-0.340445431492985,0.223104642868605,Wilcoxon,two.sided,0.994234375,-2.76668029918346,-2.68384342224343,0.0795843351969557,BL/T12,ns,ns,ns/ns,GUT
Alistipes_finegoldii,-0.0438940900742738,Value,BL,T12,20,20,92,0.648,-0.276806855027916,0.184368834352775,Wilcoxon,two.sided,0.981708196721311,-2.68394702029029,-2.63677934976609,0.0460890628338953,BL/T12,ns,ns,ns/ns,GUT
Alistipes_ihumii,-0.0122691307203018,Value,BL,T12,20,20,104,0.985,-0.263993210759274,0.276558873716784,Wilcoxon,two.sided,0.994234375,-2.73792487393651,-2.75593530766851,-0.0178501673213865,BL/T12,ns,ns,ns/ns,GUT
Alistipes_indistinctus,0.0615972434479269,Value,BL,T12,20,20,117,0.674,-0.153203457124517,0.352835792495732,Wilcoxon,two.sided,0.981708196721311,-2.67816072009938,-2.82446961011344,-0.136547119507916,BL/T12,ns,ns,ns/ns,GUT
Alistipes_onderdonkii,-0.204122172625302,Value,BL,T12,20,20,64,0.133,-0.573821602147969,0.052559059903545,Wilcoxon,two.sided,0.914021276595745,-2.89810979224655,-2.56019003710316,0.291115986173156,BL/T12,ns,ns,ns/ns,GUT
Alistipes_putredinis,-0.0144227604281919,Value,BL,T12,20,20,101,0.898,-0.178740244129037,0.20165466056122,Wilcoxon,two.sided,0.981708196721311,-2.35814498569429,-2.37503020744575,-0.0167442510625455,BL/T12,ns,ns,ns/ns,GUT
Alistipes_senegalensis,-0.0305050690983449,Value,BL,T12,20,20,102,0.927,-0.371004007973333,0.468507684408118,Wilcoxon,two.sided,0.981708196721311,-2.86093767917319,-2.95429309324215,-0.0892513293187936,BL/T12,ns,ns,ns/ns,GUT
Alistipes_shahii,-0.172608169102084,Value,BL,T12,20,20,65,0.143,-0.353224487794359,0.104814929568122,Wilcoxon,two.sided,0.939184615384615,-2.71693647278465,-2.56729347761025,0.13945145520022,BL/T12,ns,ns,ns/ns,GUT
Alistipes_sp_AF17_16,-0.0729586048519127,Value,BL,T12,20,20,86,0.498,-0.562954687673401,0.204844011614394,Wilcoxon,two.sided,0.974872727272727,-3.00744774531719,-2.76556624647849,0.216627567396273,BL/T12,ns,ns,ns/ns,GUT
Anaerobutyricum_hallii,-0.133433016046862,Value,BL,T12,20,20,78,0.33,-0.407176020342868,0.135163469649126,Wilcoxon,two.sided,0.974872727272727,-2.80007617258087,-2.64467042095994,0.144451582387026,BL/T12,ns,ns,ns/ns,GUT
Anaerobutyricum_soehngenii,-0.0795132951279441,Value,BL,T12,20,20,85,0.475,-0.351133634840785,0.150252993106284,Wilcoxon,two.sided,0.974872727272727,-2.82646286060303,-2.72226412677445,0.0991199441804782,BL/T12,ns,ns,ns/ns,GUT
Anaerostipes_hadrus,0.0346697295603727,Value,BL,T12,20,20,113,0.784,-0.205995510944562,0.268438965229277,Wilcoxon,two.sided,0.981708196721311,-2.5887130174908,-2.65825264649627,-0.0672283026224115,BL/T12,ns,ns,ns/ns,GUT
Anaerotignum_faecicola,0.154515334730011,Value,BL,T12,20,20,139,0.216,-0.0551341151873608,0.391824828798354,Wilcoxon,two.sided,0.942810810810811,-2.6428905575136,-2.82829760940517,-0.170086219309166,BL/T12,ns,ns,ns/ns,GUT
Anaerotignum_lactatifermentans,-0.118311833668549,Value,BL,T12,20,20,84,0.452,-0.472810693600823,0.223239904605503,Wilcoxon,two.sided,0.974872727272727,-2.8975463127414,-2.76288959450061,0.126330154296696,BL/T12,ns,ns,ns/ns,GUT
Anaerotruncus_colihominis,-0.0888783395468709,Value,BL,T12,20,20,89,0.571,-0.353952821139329,0.328145766108701,Wilcoxon,two.sided,0.981708196721311,-2.81050562609545,-2.80395373428606,0.00653052145960146,BL/T12,ns,ns,ns/ns,GUT
Bacteroides_caccae,-0.119234110574339,Value,BL,T12,20,20,81,0.388,-0.346639476076183,0.126327684216133,Wilcoxon,two.sided,0.974872727272727,-2.49480972921577,-2.37513192548774,0.11304096867772,BL/T12,ns,ns,ns/ns,GUT
Bacteroides_cellulosilyticus,-0.104540160311875,Value,BL,T12,20,20,78,0.33,-0.307796778072348,0.171531038612202,Wilcoxon,two.sided,0.974872727272727,-2.81510568670465,-2.73611071042468,0.0760300303615116,BL/T12,ns,ns,ns/ns,GUT
Bacteroides_clarus,0.0685494142017955,Value,BL,T12,20,20,124,0.498,-0.169146396616453,0.28628637887004,Wilcoxon,two.sided,0.974872727272727,-2.76925386252668,-2.74059749868621,0.0282534495134983,BL/T12,ns,ns,ns/ns,GUT
Bacteroides_congonensis,-0.0599827819420797,Value,BL,T12,20,20,97,0.784,-0.254486615315303,0.289509123184577,Wilcoxon,two.sided,0.981708196721311,-2.83474860920372,-2.82343273914272,0.0112523245359693,BL/T12,ns,ns,ns/ns,GUT
Bacteroides_eggerthii,0.116538940698185,Value,BL,T12,20,20,123,0.522,-0.229817454365698,0.372491380382082,Wilcoxon,two.sided,0.980267441860465,-2.5922368317417,-2.68365041676728,-0.087473723031345,BL/T12,ns,ns,ns/ns,GUT
Bacteroides_faecis,-0.185920688510679,Value,BL,T12,20,20,58,0.0826,-0.365647316854614,0.0543819513460448,Wilcoxon,two.sided,0.721075675675676,-2.8227282249924,-2.70997270814757,0.106839386749054,BL/T12,ns,ns,ns/ns,GUT
Bacteroides_finegoldii,0.218737339144875,Value,BL,T12,20,20,165,0.024,0.0311741547756115,0.510246318277529,Wilcoxon,two.sided,0.6137,-2.51704176831689,-2.75832767567421,-0.21614786434337,BL/T12,ns,*,*/ns,GUT
Bacteroides_fragilis,0.0564224347761976,Value,BL,T12,20,20,120,0.596,-0.152211427226825,0.240026680334597,Wilcoxon,two.sided,0.981708196721311,-2.3964322320233,-2.3903550911086,0.00605874956744572,BL/T12,ns,ns,ns/ns,GUT
Bacteroides_intestinalis,-0.149415104713681,Value,BL,T12,20,20,73,0.245,-0.359020195832692,0.122772907829158,Wilcoxon,two.sided,0.953433734939759,-2.85671525887758,-2.75259145758616,0.0990520804187312,BL/T12,ns,ns,ns/ns,GUT
Bacteroides_nordii,0.0850770948495568,Value,BL,T12,20,20,121,0.571,-0.184791185379944,0.340484875737067,Wilcoxon,two.sided,0.981708196721311,-2.63217468615559,-2.69635495799909,-0.0622048049924228,BL/T12,ns,ns,ns/ns,GUT
Bacteroides_ovatus,-0.00641529844496302,Value,BL,T12,20,20,102,0.927,-0.250305028481348,0.200452537765355,Wilcoxon,two.sided,0.981708196721311,-2.48960307573909,-2.48355963404969,0.00602525333904679,BL/T12,ns,ns,ns/ns,GUT
Bacteroides_salyersiae,-0.113627236093567,Value,BL,T12,20,20,83,0.43,-0.433610952794732,0.107777047805708,Wilcoxon,two.sided,0.974872727272727,-2.76448312640243,-2.60467943119082,0.148250762531704,BL/T12,ns,ns,ns/ns,GUT
Bacteroides_sp_AF16_49,0.00433862290975262,Value,BL,T12,20,20,105,1,-0.309611664567877,0.303875744712018,Wilcoxon,two.sided,1,-2.76209490871993,-2.75194011684129,0.0101035783959404,BL/T12,ns,ns,ns/ns,GUT
Bacteroides_stercoris,-0.0710086727781408,Value,BL,T12,20,20,79,0.349,-0.30994107992529,0.256649029610529,Wilcoxon,two.sided,0.974872727272727,-2.3592318541888,-2.21189733250692,0.137441444868996,BL/T12,ns,ns,ns/ns,GUT
Bacteroides_thetaiotaomicron,0.087225880999254,Value,BL,T12,20,20,131,0.349,-0.108219432110235,0.249851345388199,Wilcoxon,two.sided,0.974872727272727,-2.39931254792317,-2.46934157436541,-0.0676857756219807,BL/T12,ns,ns,ns/ns,GUT
Bacteroides_uniformis,-0.0314239017669236,Value,BL,T12,20,20,88,0.546,-0.133581749110239,0.0818920255084742,Wilcoxon,two.sided,0.981708196721311,-2.00117285185122,-1.97773306336402,0.0231692953581257,BL/T12,ns,ns,ns/ns,GUT
Bacteroides_xylanisolvens,0.0363905279843517,Value,BL,T12,20,20,117,0.674,-0.189514147725109,0.240542474839366,Wilcoxon,two.sided,0.981708196721311,-2.45182741348891,-2.44946429846241,0.00236032726119248,BL/T12,ns,ns,ns/ns,GUT
Barnesiella_intestinihominis,0.336263892591637,Value,BL,T12,20,20,158,0.0484,0.00956519654263333,0.819472077984238,Wilcoxon,two.sided,0.6137,-2.53637923863052,-2.95079884704937,-0.346719276223451,BL/T12,ns,*,*/ns,GUT
Bifidobacterium_adolescentis,0.164939483979466,Value,BL,T12,20,20,133,0.312,-0.130392768431357,0.501818975970589,Wilcoxon,two.sided,0.974872727272727,-2.62108313221669,-2.82947862535198,-0.189293440910124,BL/T12,ns,ns,ns/ns,GUT
Bifidobacterium_bifidum,0.167504979246955,Value,BL,T12,20,20,133,0.312,-0.151718436762419,0.501871716537649,Wilcoxon,two.sided,0.974872727272727,-2.73422475495118,-2.89995762451478,-0.153349961821229,BL/T12,ns,ns,ns/ns,GUT
Bifidobacterium_longum,0.035933479241541,Value,BL,T12,20,20,118,0.648,-0.208696283499026,0.3639208964418,Wilcoxon,two.sided,0.981708196721311,-2.78441985468352,-2.87776059649571,-0.0892379097527184,BL/T12,ns,ns,ns/ns,GUT
Bifidobacterium_pseudocatenulatum,-0.0422725615125326,Value,BL,T12,20,20,99,0.841,-0.339601824085976,0.263480592764066,Wilcoxon,two.sided,0.981708196721311,-2.89095652337521,-2.84812880285925,0.0419359854971576,BL/T12,ns,ns,ns/ns,GUT
Bilophila_wadsworthia,-0.200529783387767,Value,BL,T12,20,20,58,0.0826,-0.448968532420183,0.0156352563784177,Wilcoxon,two.sided,0.721075675675676,-2.8154848241201,-2.4783474441657,0.29053104523785,BL/T12,ns,ns,ns/ns,GUT
Blautia_caecimuris,-0.0504740743401914,Value,BL,T12,20,20,95,0.729,-0.289285958360535,0.258059417086772,Wilcoxon,two.sided,0.981708196721311,-2.66849293040045,-2.67752368595093,-0.00899022212643084,BL/T12,ns,ns,ns/ns,GUT
Blautia_faecicola,0.0985455487008162,Value,BL,T12,20,20,111,0.841,-0.201816109579089,0.27504200278813,Wilcoxon,two.sided,0.981708196721311,-2.68400051241178,-2.72016894423914,-0.0355297096067023,BL/T12,ns,ns,ns/ns,GUT
Blautia_faecis,-0.0367723676094882,Value,BL,T12,20,20,98,0.812,-0.266505020893449,0.197992057570923,Wilcoxon,two.sided,0.981708196721311,-2.72837626625836,-2.71000811772588,0.0182014917826394,BL/T12,ns,ns,ns/ns,GUT
Blautia_glucerasea,0.132170379294389,Value,BL,T12,20,20,126,0.452,-0.175799437057565,0.490963096918277,Wilcoxon,two.sided,0.974872727272727,-2.80080594988903,-2.92697861415369,-0.11882486100309,BL/T12,ns,ns,ns/ns,GUT
Blautia_hansenii,0.0110838476721421,Value,BL,T12,20,20,108,0.927,-0.265946743709928,0.245624232304513,Wilcoxon,two.sided,0.981708196721311,-2.73875868335008,-2.73689509648038,0.0018618525460652,BL/T12,ns,ns,ns/ns,GUT
Blautia_luti,0.0455715480349748,Value,BL,T12,20,20,119,0.622,-0.204960695240988,0.27283809400622,Wilcoxon,two.sided,0.981708196721311,-2.78661249956339,-2.80836398960652,-0.0215183017857622,BL/T12,ns,ns,ns/ns,GUT
Blautia_massiliensis,-0.208725034697754,Value,BL,T12,20,20,64,0.133,-0.487974109848329,0.0971488670124625,Wilcoxon,two.sided,0.914021276595745,-2.79878426000903,-2.60753134879605,0.175005619813709,BL/T12,ns,ns,ns/ns,GUT
Blautia_obeum,-0.0243959028653854,Value,BL,T12,20,20,99,0.841,-0.346738783752921,0.255646780695434,Wilcoxon,two.sided,0.981708196721311,-2.86403426307584,-2.81728181340751,0.0456924661754992,BL/T12,ns,ns,ns/ns,GUT
Blautia_sp_MSK_20_85,-0.0715002729077638,Value,BL,T12,20,20,87,0.522,-0.336296478291269,0.252200394847146,Wilcoxon,two.sided,0.980267441860465,-2.85708767840227,-2.84682634989669,0.0102090384801006,BL/T12,ns,ns,ns/ns,GUT
Blautia_stercoris,-0.049939932393636,Value,BL,T12,20,20,94,0.701,-0.172668419225817,0.228097977989952,Wilcoxon,two.sided,0.981708196721311,-2.79317709571532,-2.73509246585944,0.0564603206490334,BL/T12,ns,ns,ns/ns,GUT
Blautia_wexlerae,-0.299756859452949,Value,BL,T12,20,20,14,0.00021,-0.414956470364879,-0.168537639269787,Wilcoxon,two.sided,0.06783,-2.58488385265382,-2.297417621465,0.252676125008927,BL/T12,ns,***,***/ns,GUT
Butyricicoccus_sp_AM29_23AC,0.114497444977501,Value,BL,T12,20,20,128,0.409,-0.176766268830364,0.437661672481857,Wilcoxon,two.sided,0.974872727272727,-2.84184131880039,-2.90615560309753,-0.0623307272818855,BL/T12,ns,ns,ns/ns,GUT
Butyricimonas_faecihominis,-0.0831039469889862,Value,BL,T12,20,20,92,0.648,-0.341940496014481,0.293706100447684,Wilcoxon,two.sided,0.981708196721311,-2.93121282907364,-2.88058021946199,0.0493924680924257,BL/T12,ns,ns,ns/ns,GUT
Butyricimonas_paravirosa,-0.0549430456020052,Value,BL,T12,20,20,96,0.756,-0.318253005915631,0.235338872081254,Wilcoxon,two.sided,0.981708196721311,-2.81820700034762,-2.74277855751164,0.0727191336544198,BL/T12,ns,ns,ns/ns,GUT
Butyricimonas_SGB15260,-0.00678048608425452,Value,BL,T12,20,20,104,0.985,-0.318074908093815,0.220799351411195,Wilcoxon,two.sided,0.994234375,-2.83028431741245,-2.72709443677048,0.0982058747228086,BL/T12,ns,ns,ns/ns,GUT
Butyricimonas_sp_Marseille_P3923,0.0371523867419111,Value,BL,T12,20,20,116,0.701,-0.256871206991086,0.380815556511712,Wilcoxon,two.sided,0.981708196721311,-2.72282374406161,-2.75951561018217,-0.0360347453824808,BL/T12,ns,ns,ns/ns,GUT
Butyricimonas_virosa,-0.232588214254923,Value,BL,T12,20,20,53,0.0532,-0.465622404323194,0.00104107733391712,Wilcoxon,two.sided,0.6137,-2.78697086216204,-2.54986342235495,0.212775944777788,BL/T12,ns,ns,ns/ns,GUT
Candidatus_Cibionibacter_quicibialis,-0.074866156301169,Value,BL,T12,20,20,85,0.475,-0.30164059399466,0.167952783516788,Wilcoxon,two.sided,0.974872727272727,-2.58651547085115,-2.52315318973399,0.061435851379236,BL/T12,ns,ns,ns/ns,GUT
Catenibacterium_SGB4425,0.0834774716577328,Value,BL,T12,20,20,123,0.522,-0.200709243676941,0.39767619523684,Wilcoxon,two.sided,0.980267441860465,-2.6298531883953,-2.73717764972671,-0.101946710448225,BL/T12,ns,ns,ns/ns,GUT
Clostridiaceae_bacterium,-0.110354366140752,Value,BL,T12,20,20,68,0.177,-0.274780639676533,0.0333571735317002,Wilcoxon,two.sided,0.939184615384615,-2.58641499037169,-2.45658520867702,0.122066985709121,BL/T12,ns,ns,ns/ns,GUT
Clostridiaceae_bacterium_AF18_31LB,-0.167043049597725,Value,BL,T12,20,20,68,0.177,-0.455803574179156,0.141089322774928,Wilcoxon,two.sided,0.939184615384615,-2.83030840468342,-2.66872734046157,0.149782063493625,BL/T12,ns,ns,ns/ns,GUT
Clostridiaceae_bacterium_Marseille_Q3526,-0.228490184068708,Value,BL,T12,20,20,69,0.189,-0.589349070878779,0.0986918720113306,Wilcoxon,two.sided,0.939184615384615,-3.05039216276153,-2.77830143150259,0.240661791980177,BL/T12,ns,ns,ns/ns,GUT
Clostridiaceae_bacterium_Marseille_Q4143,-0.0853336004577007,Value,BL,T12,20,20,90,0.596,-0.386826205834093,0.227757364101002,Wilcoxon,two.sided,0.981708196721311,-2.80679128745964,-2.72310327638398,0.0803700489306123,BL/T12,ns,ns,ns/ns,GUT
Clostridiaceae_bacterium_Marseille_Q4145,0.062867770914307,Value,BL,T12,20,20,124,0.498,-0.123009495210559,0.278957491926885,Wilcoxon,two.sided,0.974872727272727,-2.71052034023966,-2.77723683059334,-0.0645852297532767,BL/T12,ns,ns,ns/ns,GUT
Clostridiaceae_bacterium_Marseille_Q4149,0.0574236919548771,Value,BL,T12,20,20,121,0.571,-0.139337659985775,0.285318826733666,Wilcoxon,two.sided,0.981708196721311,-2.62281809350971,-2.69392744815334,-0.0686948914293564,BL/T12,ns,ns,ns/ns,GUT
Clostridiaceae_unclassified_SGB4771,0.0171391088773014,Value,BL,T12,20,20,109,0.898,-0.211946892245834,0.293231023453039,Wilcoxon,two.sided,0.981708196721311,-2.80937381506783,-2.8537824869632,-0.0434508610402371,BL/T12,ns,ns,ns/ns,GUT
Clostridiales_bacterium,-0.00540811632798888,Value,BL,T12,20,20,104,0.985,-0.291480387362387,0.178707108027276,Wilcoxon,two.sided,0.994234375,-2.7342454478511,-2.63290754436627,0.0965257166353086,BL/T12,ns,ns,ns/ns,GUT
Clostridiales_bacterium_Choco116,0.0133544086793801,Value,BL,T12,20,20,109,0.898,-0.277573759376818,0.352924449535061,Wilcoxon,two.sided,0.981708196721311,-2.78112038164157,-2.83424133173079,-0.0517580889385838,BL/T12,ns,ns,ns/ns,GUT
Clostridiales_bacterium_KLE1615,0.0565912476742044,Value,BL,T12,20,20,116,0.701,-0.183781669979325,0.309815382979149,Wilcoxon,two.sided,0.981708196721311,-2.62293100816408,-2.6662744834526,-0.0424304365605229,BL/T12,ns,ns,ns/ns,GUT
Clostridium_butyricum,0.138132349152502,Value,BL,T12,20,20,141,0.189,-0.0382073140139469,0.359585431869834,Wilcoxon,two.sided,0.939184615384615,-2.62534818519407,-2.79444288631679,-0.156229689578926,BL/T12,ns,ns,ns/ns,GUT
Clostridium_fessum,-0.0333876906222703,Value,BL,T12,20,20,98,0.812,-0.254079682269958,0.153530498965624,Wilcoxon,two.sided,0.981708196721311,-2.64004082777068,-2.56022305321129,0.0767922996402586,BL/T12,ns,ns,ns/ns,GUT
Clostridium_leptum,0.113250960301988,Value,BL,T12,20,20,125,0.475,-0.16272243745284,0.431135549515111,Wilcoxon,two.sided,0.974872727272727,-2.79792604696207,-2.95532982868546,-0.146179377582182,BL/T12,ns,ns,ns/ns,GUT
Clostridium_SGB4750,-0.0277567574563193,Value,BL,T12,20,20,104,0.985,-0.232297906560901,0.215174656048648,Wilcoxon,two.sided,0.994234375,-2.69433880714012,-2.72702294177124,-0.0321613685783937,BL/T12,ns,ns,ns/ns,GUT
Clostridium_SGB4751,0.0955972864119495,Value,BL,T12,20,20,111,0.841,-0.433177847472321,0.480202330070861,Wilcoxon,two.sided,0.981708196721311,-2.92480923837681,-2.94754784638514,-0.0224839391765569,BL/T12,ns,ns,ns/ns,GUT
Clostridium_SGB6179,0.197902816513894,Value,BL,T12,20,20,141,0.189,-0.121940251591324,0.475067276092789,Wilcoxon,two.sided,0.939184615384615,-2.81456511728151,-2.97811005156151,-0.151471322937134,BL/T12,ns,ns,ns/ns,GUT
Clostridium_sp_1001270H_150608_G6,-0.085629658209072,Value,BL,T12,20,20,86,0.498,-0.297146663223537,0.178672864713994,Wilcoxon,two.sided,0.974872727272727,-2.75243448993002,-2.74750965772339,0.00491274488959916,BL/T12,ns,ns,ns/ns,GUT
Clostridium_sp_AF12_28,0.0290165973514639,Value,BL,T12,20,20,108,0.927,-0.361808201526373,0.351397295466676,Wilcoxon,two.sided,0.981708196721311,-2.8163610755621,-2.79211525836971,0.023956553660458,BL/T12,ns,ns,ns/ns,GUT
Clostridium_sp_AF20_17LB,0.100675296886362,Value,BL,T12,20,20,124,0.498,-0.169860331237095,0.32039169911044,Wilcoxon,two.sided,0.974872727272727,-2.71995052644448,-2.74770167951748,-0.0273730687344067,BL/T12,ns,ns,ns/ns,GUT
Clostridium_sp_AF27_2AA,-0.0257773282697944,Value,BL,T12,20,20,100,0.869,-0.311284085108347,0.271948352017705,Wilcoxon,two.sided,0.981708196721311,-2.87934625576398,-2.88421132632154,-0.00485327434593029,BL/T12,ns,ns,ns/ns,GUT
Clostridium_sp_AF34_10BH,0.00554785137555258,Value,BL,T12,20,20,108,0.927,-0.15254246138791,0.128198968111346,Wilcoxon,two.sided,0.981708196721311,-2.35579036813733,-2.34938240381397,0.00638752060856523,BL/T12,ns,ns,ns/ns,GUT
Clostridium_sp_AF34_13,-0.346284015136052,Value,BL,T12,20,20,53,0.0532,-0.674909951563791,0.00542230555251821,Wilcoxon,two.sided,0.6137,-2.98709480353334,-2.67241913291743,0.273589996894599,BL/T12,ns,ns,ns/ns,GUT
Clostridium_sp_AF36_4,-0.177759286389688,Value,BL,T12,20,20,63,0.123,-0.395245478134535,0.0544280476261505,Wilcoxon,two.sided,0.914021276595745,-2.81562499856935,-2.66354056695492,0.141572850919988,BL/T12,ns,ns,ns/ns,GUT
Clostridium_sp_AM22_11AC,-0.0893498308260491,Value,BL,T12,20,20,82,0.409,-0.32002629833776,0.130473028581287,Wilcoxon,two.sided,0.974872727272727,-2.68885385759027,-2.58184409708648,0.101662470764225,BL/T12,ns,ns,ns/ns,GUT
Clostridium_sp_AM33_3,0.231833391126098,Value,BL,T12,20,20,138,0.231,-0.0804566588235902,0.528967572451752,Wilcoxon,two.sided,0.953433734939759,-2.5711617343664,-2.80295275318774,-0.208469223142864,BL/T12,ns,ns,ns/ns,GUT
Clostridium_sp_AM42_4,0.0572060269657438,Value,BL,T12,20,20,124,0.498,-0.212573670828214,0.230887168529704,Wilcoxon,two.sided,0.974872727272727,-2.85714842360318,-2.77917184916194,0.0750857416767079,BL/T12,ns,ns,ns/ns,GUT
Clostridium_sp_AM49_4BH,0.0767563257956422,Value,BL,T12,20,20,116,0.701,-0.28897324323811,0.275685081864443,Wilcoxon,two.sided,0.981708196721311,-2.8431008038515,-2.81096708427238,0.0316282319010712,BL/T12,ns,ns,ns/ns,GUT
Clostridium_sp_AT4,0.0755881861451884,Value,BL,T12,20,20,115,0.729,-0.250305798609845,0.40531268293114,Wilcoxon,two.sided,0.981708196721311,-2.6951771702459,-2.80727375842214,-0.106247051927006,BL/T12,ns,ns,ns/ns,GUT
Clostridium_symbiosum,0.266111376272639,Value,BL,T12,20,20,135,0.277,-0.196409057431068,0.65006988962839,Wilcoxon,two.sided,0.974872727272727,-2.73873383756628,-2.94891326337382,-0.190768634406751,BL/T12,ns,ns,ns/ns,GUT
Collinsella_aerofaciens,0.17875297339484,Value,BL,T12,20,20,132,0.33,-0.138221121466997,0.500293307597422,Wilcoxon,two.sided,0.974872727272727,-2.71285429319831,-2.88504080969016,-0.158870822257169,BL/T12,ns,ns,ns/ns,GUT
Collinsella_SGB14861,0.22653228556579,Value,BL,T12,20,20,162,0.0328,0.0219906288567251,0.456893926022952,Wilcoxon,two.sided,0.6137,-2.5592620678463,-2.82305104697005,-0.234114334891713,BL/T12,ns,*,*/ns,GUT
Collinsella_SGB4121,0.0756890941416816,Value,BL,T12,20,20,122,0.546,-0.178742791071351,0.3669813863031,Wilcoxon,two.sided,0.981708196721311,-2.81206088020513,-2.93070300672203,-0.112115562732794,BL/T12,ns,ns,ns/ns,GUT
Coprobacillus_cateniformis,0.11591894415775,Value,BL,T12,20,20,137,0.245,-0.107344328046818,0.352554203221014,Wilcoxon,two.sided,0.953433734939759,-2.67148132235765,-2.77458508429442,-0.0981278083189652,BL/T12,ns,ns,ns/ns,GUT
Coprobacter_fastidiosus,0.0286549037550927,Value,BL,T12,20,20,111,0.841,-0.283672750681942,0.361125999430918,Wilcoxon,two.sided,0.981708196721311,-2.80663106658398,-2.83568616530596,-0.0286410013095191,BL/T12,ns,ns,ns/ns,GUT
Coprobacter_secundus,-0.150632335814109,Value,BL,T12,20,20,52,0.0484,-0.37425734260216,-0.00345851903758554,Wilcoxon,two.sided,0.6137,-2.77620488126918,-2.65135771440327,0.117647174752961,BL/T12,ns,*,*/ns,GUT
Coprococcus_catus,0.085140559958014,Value,BL,T12,20,20,113,0.784,-0.308212415867228,0.332134836240376,Wilcoxon,two.sided,0.981708196721311,-2.8761146470642,-2.90937521581141,-0.0327194030021622,BL/T12,ns,ns,ns/ns,GUT
Coprococcus_comes,0.0129056035649763,Value,BL,T12,20,20,106,0.985,-0.261370022629952,0.258709044778623,Wilcoxon,two.sided,0.994234375,-2.66933778344305,-2.69502705215818,-0.0253648438753363,BL/T12,ns,ns,ns/ns,GUT
Coprococcus_eutactus,0.101095726739249,Value,BL,T12,20,20,134,0.294,-0.128344818134929,0.354561624460736,Wilcoxon,two.sided,0.974872727272727,-2.50245754075094,-2.624898783771,-0.115505994515969,BL/T12,ns,ns,ns/ns,GUT
Coprococcus_SGB4669,0.203058046784917,Value,BL,T12,20,20,153,0.0759,-0.0363130409708086,0.510986411931136,Wilcoxon,two.sided,0.72105,-2.62313719241959,-2.87604186753914,-0.225464595701109,BL/T12,ns,ns,ns/ns,GUT
Desulfovibrio_piger,0.0726885910403781,Value,BL,T12,20,20,119,0.622,-0.237654569109034,0.402514653873677,Wilcoxon,two.sided,0.981708196721311,-2.73993966959456,-2.84078437105498,-0.096077795530539,BL/T12,ns,ns,ns/ns,GUT
Desulfovibrio_SGB5076,0.0507683752416132,Value,BL,T12,20,20,116,0.701,-0.182219493031509,0.267652506123414,Wilcoxon,two.sided,0.981708196721311,-2.82809473662369,-2.88244822667899,-0.0529277734511288,BL/T12,ns,ns,ns/ns,GUT
Desulfovibrio_SGB5077,-0.157920123561866,Value,BL,T12,20,20,67,0.165,-0.413913763449986,0.0603421614449078,Wilcoxon,two.sided,0.939184615384615,-2.71851151375145,-2.55728331404731,0.149478237840855,BL/T12,ns,ns,ns/ns,GUT
Dialister_hominis,0.0279799160606633,Value,BL,T12,20,20,111,0.841,-0.220921739238061,0.258400532231195,Wilcoxon,two.sided,0.981708196721311,-2.72774067321733,-2.74555747929582,-0.0176599471982769,BL/T12,ns,ns,ns/ns,GUT
Dialister_invisus,-0.0113779080952731,Value,BL,T12,20,20,101,0.898,-0.193823809396374,0.18798541175642,Wilcoxon,two.sided,0.981708196721311,-2.6795070219854,-2.67267725949446,0.0068065453150165,BL/T12,ns,ns,ns/ns,GUT
Dorea_formicigenerans,0.0313869185878056,Value,BL,T12,20,20,119,0.622,-0.21881938822645,0.3164430469566,Wilcoxon,two.sided,0.981708196721311,-2.74371623226443,-2.80684470891814,-0.0612159543836551,BL/T12,ns,ns,ns/ns,GUT
Dorea_longicatena,-0.181523264051729,Value,BL,T12,20,20,53,0.0532,-0.339750498113195,0.0038322820067469,Wilcoxon,two.sided,0.6137,-2.74559007378022,-2.58575469127946,0.148278083410592,BL/T12,ns,ns,ns/ns,GUT
Dorea_sp_AF36_15AT,-0.0898216215928191,Value,BL,T12,20,20,83,0.43,-0.299363548787909,0.121511276263831,Wilcoxon,two.sided,0.974872727272727,-2.84823546524444,-2.73617442228813,0.106215089066617,BL/T12,ns,ns,ns/ns,GUT
Dysosmobacter_sp_BX15,-0.133166390197261,Value,BL,T12,20,20,72,0.231,-0.383108983435916,0.172608198426604,Wilcoxon,two.sided,0.953433734939759,-2.8832379876208,-2.82250865504521,0.058956721125978,BL/T12,ns,ns,ns/ns,GUT
Dysosmobacter_sp_NSJ_60,0.0392611785671484,Value,BL,T12,20,20,110,0.869,-0.23624687204345,0.423568447540101,Wilcoxon,two.sided,0.981708196721311,-2.7976325150907,-2.87654865797434,-0.0759569658171303,BL/T12,ns,ns,ns/ns,GUT
Dysosmobacter_welbionis,0.0627427143131438,Value,BL,T12,20,20,124,0.498,-0.173303852863798,0.255458628083108,Wilcoxon,two.sided,0.974872727272727,-2.51899603358979,-2.55323645821584,-0.0336672680385969,BL/T12,ns,ns,ns/ns,GUT
Eggerthella_lenta,0.112956357450486,Value,BL,T12,20,20,134,0.294,-0.0805630391227545,0.303731233773598,Wilcoxon,two.sided,0.974872727272727,-2.66838270590757,-2.78666012876755,-0.111789486043755,BL/T12,ns,ns,ns/ns,GUT
Eisenbergiella_massiliensis,0.0767977698847891,Value,BL,T12,20,20,124,0.498,-0.153457196489175,0.306845564770938,Wilcoxon,two.sided,0.974872727272727,-2.80712182872135,-2.88744907108115,-0.0772639974252357,BL/T12,ns,ns,ns/ns,GUT
Eisenbergiella_tayi,0.0109479966924674,Value,BL,T12,20,20,108,0.927,-0.218033801481992,0.261332985764544,Wilcoxon,two.sided,0.981708196721311,-2.7263394329704,-2.74492873104428,-0.0184186289080499,BL/T12,ns,ns,ns/ns,GUT
Enterobacter_hormaechei,0.050749625371086,Value,BL,T12,20,20,115,0.729,-0.228830678845604,0.316817501299064,Wilcoxon,two.sided,0.981708196721311,-2.70132724539656,-2.71867842922045,-0.0172023709539144,BL/T12,ns,ns,ns/ns,GUT
Enterobacter_kobei,0.096690294673256,Value,BL,T12,20,20,121,0.571,-0.198031842518054,0.398374445167976,Wilcoxon,two.sided,0.981708196721311,-2.73714181870305,-2.85757898565234,-0.113718936782289,BL/T12,ns,ns,ns/ns,GUT
Enterocloster_aldenensis,0.136572326494208,Value,BL,T12,20,20,139,0.216,-0.103236521337593,0.414724826817286,Wilcoxon,two.sided,0.942810810810811,-2.64859999228852,-2.81658823735574,-0.155282820200616,BL/T12,ns,ns,ns/ns,GUT
Enterocloster_asparagiformis,-0.0226332400321522,Value,BL,T12,20,20,98,0.812,-0.244433698948231,0.225059936849485,Wilcoxon,two.sided,0.981708196721311,-2.70255387145514,-2.73947417573911,-0.0362550741089283,BL/T12,ns,ns,ns/ns,GUT
Enterocloster_bolteae,0.0249065521425633,Value,BL,T12,20,20,113,0.784,-0.181163720114585,0.245398380412649,Wilcoxon,two.sided,0.981708196721311,-2.68795830595915,-2.7079989839767,-0.0198425069103365,BL/T12,ns,ns,ns/ns,GUT
Enterocloster_citroniae,0.0983761078759392,Value,BL,T12,20,20,146,0.133,-0.0197306789296043,0.327776353197113,Wilcoxon,two.sided,0.914021276595745,-2.71679083332349,-2.86609485931275,-0.139156564378929,BL/T12,ns,ns,ns/ns,GUT
Enterocloster_clostridioformis,0.0791898155238401,Value,BL,T12,20,20,117,0.674,-0.284896032086145,0.498712386115805,Wilcoxon,two.sided,0.981708196721311,-2.8722807128649,-3.00418013443838,-0.123897125633473,BL/T12,ns,ns,ns/ns,GUT
Enterocloster_lavalensis,-0.139983360208537,Value,BL,T12,20,20,81,0.388,-0.44277895546903,0.213319489165117,Wilcoxon,two.sided,0.974872727272727,-2.84404613002966,-2.74973318469695,0.0901267191563567,BL/T12,ns,ns,ns/ns,GUT
Enterocloster_SGB14313,0.024793329621055,Value,BL,T12,20,20,108,0.927,-0.264582521248671,0.377087667157745,Wilcoxon,two.sided,0.981708196721311,-2.74553026829304,-2.80942178829989,-0.0619334308409212,BL/T12,ns,ns,ns/ns,GUT
Erysipelatoclostridium_ramosum,-0.0382086738935099,Value,BL,T12,20,20,96,0.756,-0.266097644042192,0.225925146331948,Wilcoxon,two.sided,0.981708196721311,-2.73921347702235,-2.73844414436755,0.00076903687012279,BL/T12,ns,ns,ns/ns,GUT
Escherichia_coli,0.150301141807217,Value,BL,T12,20,20,126,0.452,-0.174316545367466,0.434512317171576,Wilcoxon,two.sided,0.974872727272727,-2.49958824818212,-2.59128616530438,-0.0877342063809174,BL/T12,ns,ns,ns/ns,GUT
Eubacteriaceae_bacterium,-0.203066402216912,Value,BL,T12,20,20,70,0.202,-0.582914533161612,0.130636942062169,Wilcoxon,two.sided,0.942810810810811,-3.02415057211224,-2.76000075577759,0.234399814282279,BL/T12,ns,ns,ns/ns,GUT
Eubacteriales_unclassified_SGB15145,-0.0842920543075695,Value,BL,T12,20,20,85,0.475,-0.374184929061713,0.295774149187372,Wilcoxon,two.sided,0.974872727272727,-2.88143026307768,-2.8942531248568,-0.0127413449996986,BL/T12,ns,ns,ns/ns,GUT
Eubacterium_ramulus,0.011930538310634,Value,BL,T12,20,20,106,0.985,-0.248618194653583,0.270719678693549,Wilcoxon,two.sided,0.994234375,-2.74616449033773,-2.7537317539439,-0.00753877549469181,BL/T12,ns,ns,ns/ns,GUT
Eubacterium_rectale,0.213224917601489,Value,BL,T12,20,20,148,0.114,-0.0681821171071302,0.501397642547433,Wilcoxon,two.sided,0.89809756097561,-2.32691606475414,-2.54633744980725,-0.198376471694785,BL/T12,ns,ns,ns/ns,GUT
Eubacterium_SGB6276,0.276149586950732,Value,BL,T12,20,20,148,0.114,-0.0696387998347567,0.60472186036542,Wilcoxon,two.sided,0.89809756097561,-2.71491042372133,-2.99330734466359,-0.245606887502461,BL/T12,ns,ns,ns/ns,GUT
Eubacterium_siraeum,0.00550798272866193,Value,BL,T12,20,20,108,0.927,-0.244242530481026,0.297110802772712,Wilcoxon,two.sided,0.981708196721311,-2.64203733135071,-2.66399310380673,-0.0217182153617553,BL/T12,ns,ns,ns/ns,GUT
Eubacterium_sp_AF16_48,0.0380252386949486,Value,BL,T12,20,20,107,0.956,-0.297068965845477,0.537370896969116,Wilcoxon,two.sided,0.989705128205128,-2.75475760422068,-2.88962197712697,-0.126513148556488,BL/T12,ns,ns,ns/ns,GUT
Eubacterium_sp_AF34_35BH,0.237997248284093,Value,BL,T12,20,20,152,0.0826,-0.0456973897154529,0.47605035114205,Wilcoxon,two.sided,0.721075675675676,-2.78870512109801,-2.98665300894237,-0.180609999451946,BL/T12,ns,ns,ns/ns,GUT
Eubacterium_ventriosum,0.174468553914601,Value,BL,T12,20,20,141,0.189,-0.163225056707777,0.369868031180026,Wilcoxon,two.sided,0.939184615384615,-2.64412593253627,-2.74372252538787,-0.0949433787697724,BL/T12,ns,ns,ns/ns,GUT
Evtepia_gabavorous,-0.155582343138058,Value,BL,T12,20,20,56,0.0696,-0.419023478355558,0.0139880358350299,Wilcoxon,two.sided,0.681236363636364,-2.93729695480806,-2.78535584157152,0.141448443985007,BL/T12,ns,ns,ns/ns,GUT
Faecalibacillus_faecis,0.307822630277973,Value,BL,T12,20,20,159,0.0441,0.00584945845972862,0.566822810884019,Wilcoxon,two.sided,0.6137,-2.71249256844149,-2.94079639396875,-0.205634214047407,BL/T12,ns,*,*/ns,GUT
Faecalibacillus_intestinalis,0.0601528455722645,Value,BL,T12,20,20,117,0.674,-0.209951981709554,0.308327643055077,Wilcoxon,two.sided,0.981708196721311,-2.76268048745604,-2.81431822079721,-0.0503486950681702,BL/T12,ns,ns,ns/ns,GUT
Faecalibacterium_prausnitzii,-0.0863635362872949,Value,BL,T12,20,20,78,0.33,-0.350059966031406,0.0789708549141566,Wilcoxon,two.sided,0.974872727272727,-1.97580806167454,-1.82301775518471,0.142185357001815,BL/T12,ns,ns,ns/ns,GUT
Faecalibacterium_SGB15315,-0.189017369924385,Value,BL,T12,20,20,65,0.143,-0.461309237769857,0.0670796551850628,Wilcoxon,two.sided,0.939184615384615,-3.05747775168799,-2.79138977976922,0.23593180939529,BL/T12,ns,ns,ns/ns,GUT
Faecalibacterium_SGB15346,-0.0682698807846892,Value,BL,T12,20,20,91,0.622,-0.265337061653217,0.163740903785815,Wilcoxon,two.sided,0.981708196721311,-2.54982305601483,-2.56130344355214,-0.0114149879540563,BL/T12,ns,ns,ns/ns,GUT
Faecalicatena_fissicatena,-0.0454348682703801,Value,BL,T12,20,20,97,0.784,-0.372082915314116,0.237664683756361,Wilcoxon,two.sided,0.981708196721311,-2.9274555596499,-2.8336498608345,0.0896630820242888,BL/T12,ns,ns,ns/ns,GUT
Faecalimonas_umbilicata,-0.176179617728802,Value,BL,T12,20,20,73,0.245,-0.467380456006844,0.147755173300476,Wilcoxon,two.sided,0.953433734939759,-2.85628573119533,-2.69040708891878,0.153475002131245,BL/T12,ns,ns,ns/ns,GUT
Firmicutes_bacterium_AF16_15,0.0188870228303262,Value,BL,T12,20,20,111,0.841,-0.219804632761607,0.230341935724564,Wilcoxon,two.sided,0.981708196721311,-2.66768771467924,-2.6629323572581,0.00474408642666219,BL/T12,ns,ns,ns/ns,GUT
Flavonifractor_plautii,-0.279141904048596,Value,BL,T12,20,20,51,0.0441,-0.516699273075649,-0.00256856826690344,Wilcoxon,two.sided,0.6137,-2.83456030476161,-2.59568169940336,0.214206619927768,BL/T12,ns,*,*/ns,GUT
Fusicatenibacter_saccharivorans,-0.0882464762542559,Value,BL,T12,20,20,85,0.475,-0.334844119437723,0.108946487937423,Wilcoxon,two.sided,0.974872727272727,-2.54896239414283,-2.41830552603012,0.122798763050094,BL/T12,ns,ns,ns/ns,GUT
Fusobacterium_mortiferum,-0.146519127446148,Value,BL,T12,20,20,81,0.388,-0.565414443665341,0.189932842089224,Wilcoxon,two.sided,0.974872727272727,-2.9742638198976,-2.75398181151275,0.199081986446913,BL/T12,ns,ns,ns/ns,GUT
Fusobacterium_ulcerans,0.000627837896069461,Value,BL,T12,20,20,105,1,-0.170769672107792,0.206723100439537,Wilcoxon,two.sided,1,-2.62034670209104,-2.65665120467997,-0.0356610220687386,BL/T12,ns,ns,ns/ns,GUT
Fusobacterium_varium,-0.204640709674522,Value,BL,T12,20,20,66,0.154,-0.491135400868048,0.0927967249912882,Wilcoxon,two.sided,0.939184615384615,-2.8563341246207,-2.63857398795065,0.197013217767633,BL/T12,ns,ns,ns/ns,GUT
Gemmiger_formicilis,-0.133372337575207,Value,BL,T12,20,20,84,0.452,-0.385275189208941,0.158688375459975,Wilcoxon,two.sided,0.974872727272727,-2.78885999626904,-2.71167186697903,0.0743540619261602,BL/T12,ns,ns,ns/ns,GUT
Gemmiger_SGB15295,-0.230186917691265,Value,BL,T12,20,20,78,0.33,-0.593367983429969,0.153861342367627,Wilcoxon,two.sided,0.974872727272727,-2.97118470807873,-2.75149895459867,0.198593246451261,BL/T12,ns,ns,ns/ns,GUT
GGB13493_SGB15238,0.0749760902957064,Value,BL,T12,20,20,125,0.475,-0.15035852009039,0.297822861743241,Wilcoxon,two.sided,0.974872727272727,-2.70275645046396,-2.78545942843134,-0.0794606718318849,BL/T12,ns,ns,ns/ns,GUT
GGB1495_SGB2071,-0.138976639473755,Value,BL,T12,20,20,78,0.33,-0.512536062727305,0.176132942497125,Wilcoxon,two.sided,0.974872727272727,-2.7560805485223,-2.56826444012931,0.17211641804411,BL/T12,ns,ns,ns/ns,GUT
GGB16040_SGB9347,0.189496021624948,Value,BL,T12,20,20,157,0.0532,-0.000259196687750096,0.471422512223278,Wilcoxon,two.sided,0.6137,-2.73702047724193,-3.03600617378782,-0.26158372650073,BL/T12,ns,ns,ns/ns,GUT
GGB1663_SGB2279,0.0535718158317814,Value,BL,T12,20,20,125,0.475,-0.150677265956414,0.209213167395534,Wilcoxon,two.sided,0.974872727272727,-2.65175500075327,-2.60726019010239,0.0435333337406551,BL/T12,ns,ns,ns/ns,GUT
GGB2998_SGB3988,-0.226736833411731,Value,BL,T12,20,20,55,0.0637,-0.476470073510815,0.0261276700420225,Wilcoxon,two.sided,0.663712903225807,-2.84365828805736,-2.61487604396432,0.206023633512798,BL/T12,ns,ns,ns/ns,GUT
GGB3175_SGB4191,0.132431839041848,Value,BL,T12,20,20,123,0.522,-0.168755386850681,0.436533842386772,Wilcoxon,two.sided,0.980267441860465,-2.69080235231612,-2.77381373453062,-0.0797454778569785,BL/T12,ns,ns,ns/ns,GUT
GGB3256_SGB4303,-0.167925365261825,Value,BL,T12,20,20,68,0.177,-0.361241369714709,0.078980050319335,Wilcoxon,two.sided,0.939184615384615,-2.73655094868851,-2.59581195838348,0.131676289501165,BL/T12,ns,ns,ns/ns,GUT
GGB3277_SGB4327,-0.0353193218516544,Value,BL,T12,20,20,102,0.927,-0.352419185525379,0.272251457593576,Wilcoxon,two.sided,0.981708196721311,-2.72458427900069,-2.6744473177393,0.0489205949595275,BL/T12,ns,ns,ns/ns,GUT
GGB3278_SGB4328,0.161084676683471,Value,BL,T12,20,20,135,0.277,-0.149944183943695,0.42649596405763,Wilcoxon,two.sided,0.974872727272727,-2.6896441470617,-2.81441170227033,-0.117576396715694,BL/T12,ns,ns,ns/ns,GUT
GGB3304_SGB4367,0.0387888865501732,Value,BL,T12,20,20,114,0.756,-0.258871943281648,0.60304542644102,Wilcoxon,two.sided,0.981708196721311,-2.67291982473551,-2.86211921640757,-0.173280300597835,BL/T12,ns,ns,ns/ns,GUT
GGB3321_SGB4394,0.252276265992855,Value,BL,T12,20,20,162,0.0328,0.0256343096730842,0.507011558834249,Wilcoxon,two.sided,0.6137,-2.63237803030348,-2.88135169259062,-0.222322143881186,BL/T12,ns,*,*/ns,GUT
GGB33469_SGB15236,0.0915840825593823,Value,BL,T12,20,20,117,0.674,-0.268309655371725,0.384342028309961,Wilcoxon,two.sided,0.981708196721311,-3.02203565254031,-3.01758055969498,0.00444519829573975,BL/T12,ns,ns,ns/ns,GUT
GGB3363_SGB4447,-0.0851933698469131,Value,BL,T12,20,20,81,0.388,-0.362131788713479,0.128772454921736,Wilcoxon,two.sided,0.974872727272727,-2.7252559799786,-2.59471396862887,0.122697173787759,BL/T12,ns,ns,ns/ns,GUT
GGB3363_SGB4448,-0.186648962834174,Value,BL,T12,20,20,54,0.0583,-0.34854382812536,0.00651344469979742,Wilcoxon,two.sided,0.627696666666667,-2.69056341124359,-2.55337965745105,0.128554814544699,BL/T12,ns,ns,ns/ns,GUT
GGB33928_SGB15225,0.0115475306367485,Value,BL,T12,20,20,107,0.956,-0.302527233686665,0.318563943029927,Wilcoxon,two.sided,0.989705128205128,-2.67778504048136,-2.71624586692396,-0.0377396423347503,BL/T12,ns,ns,ns/ns,GUT
GGB3486_SGB4658,0.196418471969613,Value,BL,T12,20,20,162,0.0328,0.0172095074278455,0.381824134669809,Wilcoxon,two.sided,0.6137,-2.58001893371639,-2.75303668066236,-0.159579699093092,BL/T12,ns,*,*/ns,GUT
GGB3490_SGB4664,0.0261177402542676,Value,BL,T12,20,20,115,0.729,-0.127719635042544,0.230098048621103,Wilcoxon,two.sided,0.981708196721311,-2.74664844662658,-2.80835825046657,-0.0598806310910052,BL/T12,ns,ns,ns/ns,GUT
GGB3612_SGB4882,0.125464782085461,Value,BL,T12,20,20,132,0.33,-0.116406119942316,0.372569342298678,Wilcoxon,two.sided,0.974872727272727,-2.71986100982893,-2.8450606021993,-0.117960435360452,BL/T12,ns,ns,ns/ns,GUT
GGB3619_SGB4894,-0.148466045573285,Value,BL,T12,20,20,69,0.189,-0.577896673734433,0.082436194817896,Wilcoxon,two.sided,0.939184615384615,-2.98173616653054,-2.79808193678478,0.16860645812339,BL/T12,ns,ns,ns/ns,GUT
GGB3632_SGB4921,-0.0176719694945608,Value,BL,T12,20,20,101,0.898,-0.234151357467087,0.453221605822172,Wilcoxon,two.sided,0.981708196721311,-2.8100110669159,-2.91188314793423,-0.0970106250623064,BL/T12,ns,ns,ns/ns,GUT
GGB3653_SGB4964,-0.0243194611448629,Value,BL,T12,20,20,99,0.841,-0.319692550251457,0.240192811054633,Wilcoxon,two.sided,0.981708196721311,-2.83049114615867,-2.77453349405592,0.0544480823045263,BL/T12,ns,ns,ns/ns,GUT
GGB3746_SGB5089,0.367836288904467,Value,BL,T12,20,20,186,0.00143,0.137490582464917,0.653731571240173,Wilcoxon,two.sided,0.153963333333333,-2.53451018770307,-2.94981284202836,-0.347343398206543,BL/T12,ns,**,**/ns,GUT
GGB3815_SGB5180,0.210336252390836,Value,BL,T12,20,20,140,0.202,-0.100587831270947,0.526075655360844,Wilcoxon,two.sided,0.942810810810811,-2.74302012173187,-2.94626590129214,-0.185022721661396,BL/T12,ns,ns,ns/ns,GUT
GGB3819_SGB5184,-0.160222376893342,Value,BL,T12,20,20,68,0.177,-0.38785253281909,0.0950574157940869,Wilcoxon,two.sided,0.939184615384615,-2.80475281997179,-2.60082173731588,0.185592104929327,BL/T12,ns,ns,ns/ns,GUT
GGB3828_SGB5197,0.211436188490309,Value,BL,T12,20,20,157,0.0532,-0.016782046028863,0.411199099257952,Wilcoxon,two.sided,0.6137,-2.71846008310567,-2.92121455085813,-0.184614316204923,BL/T12,ns,ns,ns/ns,GUT
GGB42994_SGB4746,-0.200964840960102,Value,BL,T12,20,20,71,0.216,-0.461846159975492,0.103061763284803,Wilcoxon,two.sided,0.942810810810811,-2.80427808889071,-2.64875331012902,0.144554594692495,BL/T12,ns,ns,ns/ns,GUT
GGB4578_SGB6328,-0.121767052271448,Value,BL,T12,20,20,76,0.294,-0.319988338486003,0.105140573385159,Wilcoxon,two.sided,0.974872727272727,-2.76970378269927,-2.67252812255617,0.0927392962252392,BL/T12,ns,ns,ns/ns,GUT
GGB4596_SGB6358,0.0206963125980955,Value,BL,T12,20,20,106,0.985,-0.218648845870042,0.210495495648848,Wilcoxon,two.sided,0.994234375,-2.62720868557177,-2.62049284984155,0.00669338496647888,BL/T12,ns,ns,ns/ns,GUT
GGB4599_SGB6362,0.246662646821646,Value,BL,T12,20,20,156,0.0583,-0.00707782394185608,0.44924149111091,Wilcoxon,two.sided,0.627696666666667,-2.65622102920549,-2.86139966728607,-0.186627803324841,BL/T12,ns,ns,ns/ns,GUT
GGB4605_SGB6376,-0.0323315264269372,Value,BL,T12,20,20,94,0.701,-0.30140735877509,0.164247518305519,Wilcoxon,two.sided,0.981708196721311,-2.78103177914085,-2.69655037565848,0.0811019035880904,BL/T12,ns,ns,ns/ns,GUT
GGB4651_SGB6438,-0.0441970190560912,Value,BL,T12,20,20,95,0.729,-0.304973002174581,0.221150299036377,Wilcoxon,two.sided,0.981708196721311,-2.73729761260178,-2.69497806281361,0.0414485659799933,BL/T12,ns,ns,ns/ns,GUT
GGB4684_SGB6478,-0.0382634020497542,Value,BL,T12,20,20,91,0.622,-0.243569190725201,0.171016900788951,Wilcoxon,two.sided,0.981708196721311,-2.67447769962198,-2.72702362374495,-0.0512119189934815,BL/T12,ns,ns,ns/ns,GUT
GGB51269_SGB5062,0.0121500510221778,Value,BL,T12,20,20,108,0.927,-0.28265971483271,0.368586137902861,Wilcoxon,two.sided,0.981708196721311,-2.84751878236202,-2.88656785634167,-0.0383059429359161,BL/T12,ns,ns,ns/ns,GUT
GGB51647_SGB4348,-0.0706650447909427,Value,BL,T12,20,20,87,0.522,-0.340856146064156,0.214491212949083,Wilcoxon,two.sided,0.980267441860465,-2.62956377793803,-2.55319912767875,0.0735892986209065,BL/T12,ns,ns,ns/ns,GUT
GGB51884_SGB49168,-0.146887482751999,Value,BL,T12,20,20,71,0.216,-0.381434228744448,0.0704072736015822,Wilcoxon,two.sided,0.942810810810811,-2.85050415971965,-2.68333758171373,0.15457908348295,BL/T12,ns,ns,ns/ns,GUT
GGB53985_SGB6367,-0.0130768694550081,Value,BL,T12,20,20,101,0.898,-0.238756217232149,0.192347779330352,Wilcoxon,two.sided,0.981708196721311,-2.76570308841619,-2.73787480122846,0.0274481172713359,BL/T12,ns,ns,ns/ns,GUT
GGB58714_SGB5072,0.0174364260633167,Value,BL,T12,20,20,110,0.869,-0.317692349119462,0.389186889155086,Wilcoxon,two.sided,0.981708196721311,-2.78358685051339,-2.82843975285895,-0.0438761122029995,BL/T12,ns,ns,ns/ns,GUT
GGB6569_SGB9281,0.194817616452362,Value,BL,T12,20,20,136,0.261,-0.146813302134455,0.572058594683702,Wilcoxon,two.sided,0.974872727272727,-2.59828563546444,-2.8380121822198,-0.214890828487136,BL/T12,ns,ns,ns/ns,GUT
GGB79734_SGB15291,-0.0725917953244533,Value,BL,T12,20,20,87,0.522,-0.554211885948733,0.137142593092755,Wilcoxon,two.sided,0.980267441860465,-2.94133338823969,-2.77300931931936,0.155570302189575,BL/T12,ns,ns,ns/ns,GUT
GGB79916_SGB4587,-0.212667080623415,Value,BL,T12,20,20,73,0.245,-0.567015372731257,0.179069729920266,Wilcoxon,two.sided,0.953433734939759,-2.89747056681564,-2.71531819838376,0.167336817978854,BL/T12,ns,ns,ns/ns,GUT
GGB80011_SGB15265,-0.264804648944205,Value,BL,T12,20,20,24,0.00143,-0.480154932428409,-0.109410435773162,Wilcoxon,two.sided,0.153963333333333,-2.89897353600237,-2.59592457278331,0.264706874734515,BL/T12,ns,**,**/ns,GUT
GGB80011_SGB15267,-0.177029030385048,Value,BL,T12,20,20,75,0.277,-0.409571674898012,0.104313581524628,Wilcoxon,two.sided,0.974872727272727,-2.82388764825384,-2.66926606122771,0.143772660010819,BL/T12,ns,ns,ns/ns,GUT
GGB9061_SGB13979,-0.0197083356916569,Value,BL,T12,20,20,103,0.956,-0.365143702240128,0.300821092702557,Wilcoxon,two.sided,0.989705128205128,-2.86100660028472,-2.80586564907967,0.0536743610419001,BL/T12,ns,ns,ns/ns,GUT
GGB9062_SGB13981,-0.151780519740657,Value,BL,T12,20,20,80,0.368,-0.467273643097218,0.266431156804522,Wilcoxon,two.sided,0.974872727272727,-2.93254020317998,-2.85213939191761,0.0773320938268005,BL/T12,ns,ns,ns/ns,GUT
GGB9063_SGB13982,-0.195020086651711,Value,BL,T12,20,20,73,0.245,-0.53616298102991,0.115875607964901,Wilcoxon,two.sided,0.953433734939759,-2.89676508651706,-2.6799643758568,0.196225046003092,BL/T12,ns,ns,ns/ns,GUT
GGB9302_SGB14263,0.115912436245119,Value,BL,T12,20,20,130,0.368,-0.143338407915484,0.484977735064332,Wilcoxon,two.sided,0.974872727272727,-2.76172077465279,-2.93919712225859,-0.163373459747716,BL/T12,ns,ns,ns/ns,GUT
GGB9342_SGB14306,-0.113235613451622,Value,BL,T12,20,20,73,0.245,-0.271466146477264,0.0889619053755704,Wilcoxon,two.sided,0.953433734939759,-2.80737601077139,-2.72055236701541,0.0832593537216823,BL/T12,ns,ns,ns/ns,GUT
GGB9345_SGB14311,-0.18790611608305,Value,BL,T12,20,20,60,0.0973,-0.430025153365133,0.0522543994415376,Wilcoxon,two.sided,0.80584358974359,-2.84084236004712,-2.67058442610028,0.15722418087755,BL/T12,ns,ns,ns/ns,GUT
GGB9480_SGB14874,0.00242030367549184,Value,BL,T12,20,20,107,0.956,-0.26334240575241,0.363914066568084,Wilcoxon,two.sided,0.989705128205128,-2.74644180505429,-2.79224070279902,-0.0447810887884843,BL/T12,ns,ns,ns/ns,GUT
GGB9524_SGB14924,-0.107266184054962,Value,BL,T12,20,20,90,0.596,-0.43826388049093,0.279109130947457,Wilcoxon,two.sided,0.981708196721311,-2.90740621943539,-2.82668640486365,0.0776273141008252,BL/T12,ns,ns,ns/ns,GUT
GGB9593_SGB15015,0.179544691071431,Value,BL,T12,20,20,139,0.216,-0.0808288998065534,0.432788269605086,Wilcoxon,two.sided,0.942810810810811,-2.63394565866559,-2.80396882264736,-0.157023546888702,BL/T12,ns,ns,ns/ns,GUT
GGB9595_SGB15019,0.0515504371091147,Value,BL,T12,20,20,111,0.841,-0.230837300829469,0.320173001358546,Wilcoxon,two.sided,0.981708196721311,-2.777436520041,-2.81669044408847,-0.038503074989018,BL/T12,ns,ns,ns/ns,GUT
GGB9602_SGB15028,0.0318751002449968,Value,BL,T12,20,20,110,0.869,-0.318714116244411,0.442294871675339,Wilcoxon,two.sided,0.981708196721311,-2.90718257927182,-2.99215508811173,-0.0815546491966804,BL/T12,ns,ns,ns/ns,GUT
GGB9602_SGB15031,-0.0173460789842437,Value,BL,T12,20,20,101,0.898,-0.191736879957478,0.127751999498853,Wilcoxon,two.sided,0.981708196721311,-2.74541849889137,-2.68289977111693,0.0606422478017437,BL/T12,ns,ns,ns/ns,GUT
GGB9614_SGB15049,-0.0535970820248273,Value,BL,T12,20,20,95,0.729,-0.301356087670959,0.186817585869901,Wilcoxon,two.sided,0.981708196721311,-2.79767935977257,-2.75479139899196,0.0419937500958546,BL/T12,ns,ns,ns/ns,GUT
GGB9616_SGB15051,0.123632764641404,Value,BL,T12,20,20,133,0.312,-0.119451231161743,0.326522663212245,Wilcoxon,two.sided,0.974872727272727,-2.7316303984738,-2.83744496848115,-0.10058223082273,BL/T12,ns,ns,ns/ns,GUT
GGB9616_SGB15052,-0.191193902538781,Value,BL,T12,20,20,72,0.231,-0.53641745951511,0.143345250445146,Wilcoxon,two.sided,0.953433734939759,-3.03055023825307,-2.84947309094496,0.166426858797317,BL/T12,ns,ns,ns/ns,GUT
GGB9627_SGB15081,-0.00627057258796515,Value,BL,T12,20,20,102,0.927,-0.215862829083614,0.273637175019974,Wilcoxon,two.sided,0.981708196721311,-2.72419169245931,-2.76588046150755,-0.0408432125814625,BL/T12,ns,ns,ns/ns,GUT
GGB9634_SGB15093,0.101101978834916,Value,BL,T12,20,20,122,0.546,-0.200875683962217,0.34261308452754,Wilcoxon,two.sided,0.981708196721311,-2.65898747859338,-2.73776561875128,-0.0758290489690407,BL/T12,ns,ns,ns/ns,GUT
GGB9635_SGB15103,0.0877567080567002,Value,BL,T12,20,20,128,0.409,-0.131716400075928,0.300282407102929,Wilcoxon,two.sided,0.974872727272727,-2.74934665649574,-2.90384010631473,-0.143661676187813,BL/T12,ns,ns,ns/ns,GUT
GGB9635_SGB15106,-0.202538067585933,Value,BL,T12,20,20,82,0.409,-0.581624143954333,0.116084752879535,Wilcoxon,two.sided,0.974872727272727,-2.90573019945925,-2.65047232948587,0.227341025559211,BL/T12,ns,ns,ns/ns,GUT
GGB9677_SGB15180,-0.00893652391987521,Value,BL,T12,20,20,103,0.956,-0.286738106796483,0.285360450356686,Wilcoxon,two.sided,0.989705128205128,-2.78376542029691,-2.78145686834646,0.00230589133838336,BL/T12,ns,ns,ns/ns,GUT
GGB9691_SGB15198,-0.175722831921926,Value,BL,T12,20,20,60,0.0973,-0.422929813429584,0.028802375127069,Wilcoxon,two.sided,0.80584358974359,-2.93843437347778,-2.65449848488637,0.249930273017603,BL/T12,ns,ns,ns/ns,GUT
GGB9699_SGB15216,-0.0130035081791743,Value,BL,T12,20,20,101,0.898,-0.225947402658409,0.189448804959326,Wilcoxon,two.sided,0.981708196721311,-2.74373356031102,-2.72981387578883,0.0138236954463763,BL/T12,ns,ns,ns/ns,GUT
GGB9707_SGB15229,0.00310041561736929,Value,BL,T12,20,20,107,0.956,-0.271303138050587,0.313997692295853,Wilcoxon,two.sided,0.989705128205128,-2.78497382118611,-2.82476501329769,-0.0390199161791268,BL/T12,ns,ns,ns/ns,GUT
GGB9708_SGB15233,0.0173239707566903,Value,BL,T12,20,20,108,0.927,-0.333349930460908,0.293133667026901,Wilcoxon,two.sided,0.981708196721311,-2.97373290584947,-2.92769636436822,0.0450082995270464,BL/T12,ns,ns,ns/ns,GUT
GGB9708_SGB15234,-0.194439385370963,Value,BL,T12,20,20,68,0.177,-0.542010353130535,0.0908873736370488,Wilcoxon,two.sided,0.939184615384615,-2.90635396999948,-2.66407858859707,0.216944683090651,BL/T12,ns,ns,ns/ns,GUT
GGB9712_SGB15244,0.0742361853984215,Value,BL,T12,20,20,125,0.475,-0.1365769981516,0.398205300994213,Wilcoxon,two.sided,0.974872727272727,-2.6933658759169,-2.86397876308625,-0.157527446843389,BL/T12,ns,ns,ns/ns,GUT
GGB9713_SGB15249,0.155420605913062,Value,BL,T12,20,20,140,0.202,-0.131727083671382,0.421913231892583,Wilcoxon,two.sided,0.942810810810811,-2.78072316275851,-2.92460740105366,-0.13442969753608,BL/T12,ns,ns,ns/ns,GUT
GGB9747_SGB15356,-0.127641039853029,Value,BL,T12,20,20,80,0.368,-0.442397539027829,0.164219186887971,Wilcoxon,two.sided,0.974872727272727,-2.91628859797117,-2.76674223218919,0.139367400016143,BL/T12,ns,ns,ns/ns,GUT
GGB9758_SGB15368,0.00813773080564106,Value,BL,T12,20,20,107,0.956,-0.228045686523756,0.417178675013898,Wilcoxon,two.sided,0.989705128205128,-2.71635343498081,-2.73809348479503,-0.0215071050387243,BL/T12,ns,ns,ns/ns,GUT
GGB9760_SGB15373,-0.371172321981639,Value,BL,T12,20,20,48,0.0328,-0.712195034337399,-0.0319158817002614,Wilcoxon,two.sided,0.6137,-3.1768636515152,-2.79161145157341,0.325882216883023,BL/T12,ns,*,*/ns,GUT
GGB9760_SGB15374,0.0605803697724949,Value,BL,T12,20,20,125,0.475,-0.162026820715685,0.290352346219668,Wilcoxon,two.sided,0.974872727272727,-2.71164224470664,-2.78095360708879,-0.0670148547243435,BL/T12,ns,ns,ns/ns,GUT
GGB9813_SGB15447,-0.0617738826750213,Value,BL,T12,20,20,94,0.701,-0.398550663786204,0.264917493959243,Wilcoxon,two.sided,0.981708196721311,-2.81083509985158,-2.74591293058422,0.0629017159907486,BL/T12,ns,ns,ns/ns,GUT
Haemophilus_parainfluenzae,0.0994926080131229,Value,BL,T12,20,20,129,0.388,-0.135316672009257,0.326832646777641,Wilcoxon,two.sided,0.974872727272727,-2.60342757518617,-2.6881611843309,-0.08133443532148,BL/T12,ns,ns,ns/ns,GUT
Holdemanella_biformis,0.0588395404294214,Value,BL,T12,20,20,115,0.729,-0.263057376300994,0.368109191131646,Wilcoxon,two.sided,0.981708196721311,-2.80498264256517,-2.82918931972086,-0.0239183394116051,BL/T12,ns,ns,ns/ns,GUT
Holdemanella_porci,0.189439548020071,Value,BL,T12,20,20,130,0.368,-0.275879106713446,0.738050842183333,Wilcoxon,two.sided,0.974872727272727,-2.80585798922753,-3.08889979163781,-0.249233666872235,BL/T12,ns,ns,ns/ns,GUT
Holdemania_filiformis,0.0466212203501951,Value,BL,T12,20,20,120,0.596,-0.0814206984677748,0.181587594626653,Wilcoxon,two.sided,0.981708196721311,-2.68108213347468,-2.71314526223483,-0.0315598364676933,BL/T12,ns,ns,ns/ns,GUT
Holdemania_massiliensis,-0.140410340237165,Value,BL,T12,20,20,82,0.409,-0.498675837579989,0.180369374615899,Wilcoxon,two.sided,0.974872727272727,-2.90440226457232,-2.7469585618535,0.146213868835452,BL/T12,ns,ns,ns/ns,GUT
Hungatella_hathewayi,0.0404413648388936,Value,BL,T12,20,20,117,0.674,-0.254593841551296,0.285078811783414,Wilcoxon,two.sided,0.981708196721311,-2.80185441077227,-2.79087262036739,0.0109219284071705,BL/T12,ns,ns,ns/ns,GUT
Hydrogenoanaerobacterium_saccharovorans,0.0730260231024805,Value,BL,T12,20,20,121,0.571,-0.19285107145919,0.36631520741739,Wilcoxon,two.sided,0.981708196721311,-2.75404761943994,-2.85254174452422,-0.0939402647028616,BL/T12,ns,ns,ns/ns,GUT
Intestinibacter_bartlettii,0.309741573706443,Value,BL,T12,20,20,157,0.0532,-0.00652001521196155,0.586514124531305,Wilcoxon,two.sided,0.6137,-2.79939472335807,-3.00635635004099,-0.188106149300911,BL/T12,ns,ns,ns/ns,GUT
Intestinimonas_butyriciproducens,-0.322957452030785,Value,BL,T12,20,20,38,0.0107,-0.619811277370411,-0.0945887863285522,Wilcoxon,two.sided,0.6137,-2.89305530139925,-2.53513932563569,0.305951153705004,BL/T12,ns,*,*/ns,GUT
Intestinimonas_massiliensis,-0.0809395528472613,Value,BL,T12,20,20,83,0.43,-0.349031437866549,0.150672622915951,Wilcoxon,two.sided,0.974872727272727,-2.89179062923349,-2.78851530522835,0.098283322908287,BL/T12,ns,ns,ns/ns,GUT
Klebsiella_pneumoniae,-0.0630820845700582,Value,BL,T12,20,20,94,0.701,-0.413386403016247,0.212722194317532,Wilcoxon,two.sided,0.981708196721311,-2.84663750945963,-2.72437902712842,0.11534315697721,BL/T12,ns,ns,ns/ns,GUT
Klebsiella_quasipneumoniae,0.349181705701931,Value,BL,T12,20,20,168,0.0172,0.0562366476366647,0.624253103840628,Wilcoxon,two.sided,0.6137,-2.69217339971455,-3.08857183077818,-0.333896372690128,BL/T12,ns,*,*/ns,GUT
Klebsiella_variicola,0.0166941975690936,Value,BL,T12,20,20,109,0.898,-0.337773004879088,0.315474731196646,Wilcoxon,two.sided,0.981708196721311,-2.74434790198952,-2.72919323770513,0.0150409794906202,BL/T12,ns,ns,ns/ns,GUT
Lachnospira_eligens,-0.0292456081023326,Value,BL,T12,20,20,99,0.841,-0.294885859563124,0.243216980614058,Wilcoxon,two.sided,0.981708196721311,-2.41043341996603,-2.37716042078573,0.0327314332283199,BL/T12,ns,ns,ns/ns,GUT
Lachnospira_pectinoschiza,-0.0711098820940743,Value,BL,T12,20,20,89,0.571,-0.441654877698589,0.202023248481587,Wilcoxon,two.sided,0.981708196721311,-2.42991762738454,-2.3363332483433,0.0894607223472009,BL/T12,ns,ns,ns/ns,GUT
Lachnospira_sp_NSJ_43,-0.021550890551716,Value,BL,T12,20,20,98,0.812,-0.24999054589759,0.138711235514338,Wilcoxon,two.sided,0.981708196721311,-2.60942598541454,-2.51955992164026,0.0860548114197215,BL/T12,ns,ns,ns/ns,GUT
Lachnospiraceae_bacterium_AM48_27BH,0.0871723464021806,Value,BL,T12,20,20,132,0.33,-0.0979383017922137,0.254765719350169,Wilcoxon,two.sided,0.974872727272727,-2.67017547375506,-2.76577788610544,-0.0913043602575801,BL/T12,ns,ns,ns/ns,GUT
Lachnospiraceae_bacterium_BX3,0.0370895549467753,Value,BL,T12,20,20,116,0.701,-0.25158876560669,0.23534036789131,Wilcoxon,two.sided,0.981708196721311,-2.94421426842703,-2.81328417944504,0.123040381768097,BL/T12,ns,ns,ns/ns,GUT
Lachnospiraceae_bacterium_Marseille_Q4251,-0.116617916056014,Value,BL,T12,20,20,67,0.165,-0.271230206373712,0.0456735605221079,Wilcoxon,two.sided,0.939184615384615,-2.8157289456755,-2.70147907923442,0.108181412980115,BL/T12,ns,ns,ns/ns,GUT
Lachnospiraceae_bacterium_OM04_12BH,0.0174454536630521,Value,BL,T12,20,20,110,0.869,-0.14958996913404,0.204081139769599,Wilcoxon,two.sided,0.981708196721311,-2.84077542306999,-2.83704989220178,0.00371860826633125,BL/T12,ns,ns,ns/ns,GUT
Lacrimispora_amygdalina,-0.151466355615028,Value,BL,T12,20,20,64,0.133,-0.349002661780894,0.0574489065414545,Wilcoxon,two.sided,0.914021276595745,-2.68718636148772,-2.54556103427465,0.132452972650116,BL/T12,ns,ns,ns/ns,GUT
Lacrimispora_celerecrescens,0.0141151524286962,Value,BL,T12,20,20,110,0.869,-0.349152305141968,0.371600376003915,Wilcoxon,two.sided,0.981708196721311,-2.71255525118888,-2.79403632705593,-0.0783314682153946,BL/T12,ns,ns,ns/ns,GUT
Lacrimispora_saccharolytica,-0.0212716153946858,Value,BL,T12,20,20,100,0.869,-0.300986678415319,0.192077693890386,Wilcoxon,two.sided,0.981708196721311,-2.77604638424713,-2.7523348493101,0.0234347827681912,BL/T12,ns,ns,ns/ns,GUT
Lawsonibacter_asaccharolyticus,0.0850558992151871,Value,BL,T12,20,20,128,0.409,-0.135844205580325,0.282128891629072,Wilcoxon,two.sided,0.974872727272727,-2.67085312979878,-2.7523151016987,-0.0783138034256072,BL/T12,ns,ns,ns/ns,GUT
Longicatena_caecimuris,-0.0728350472491994,Value,BL,T12,20,20,79,0.349,-0.282646579325747,0.120859419990631,Wilcoxon,two.sided,0.974872727272727,-2.903195879731,-2.81583655487974,0.0837521191548181,BL/T12,ns,ns,ns/ns,GUT
Megamonas_funiformis,-0.0867413723438459,Value,BL,T12,20,20,94,0.701,-0.392908891355295,0.235947910087757,Wilcoxon,two.sided,0.981708196721311,-2.6807743091596,-2.63235782617963,0.0472809143770705,BL/T12,ns,ns,ns/ns,GUT
Megasphaera_sp_NM10,0.0140857123015168,Value,BL,T12,20,20,108,0.927,-0.196522412507929,0.28916794572113,Wilcoxon,two.sided,0.981708196721311,-2.80499555697326,-2.7873833336803,0.0174589254153869,BL/T12,ns,ns,ns/ns,GUT
Mesosutterella_multiformis,0.196605127302544,Value,BL,T12,20,20,133,0.312,-0.164488596399957,0.470629347323381,Wilcoxon,two.sided,0.974872727272727,-2.66515550305731,-2.83851506407498,-0.159871053832124,BL/T12,ns,ns,ns/ns,GUT
Negativibacillus_massiliensis,-0.216371901273842,Value,BL,T12,20,20,66,0.154,-0.571986067911128,0.0766074825878138,Wilcoxon,two.sided,0.939184615384615,-2.940349037632,-2.67577633086903,0.234734283903511,BL/T12,ns,ns,ns/ns,GUT
Odoribacter_sp_AF15_53,0.0695116147234892,Value,BL,T12,20,20,120,0.596,-0.151175914548711,0.264898208900935,Wilcoxon,two.sided,0.981708196721311,-2.7274008965979,-2.79284042167606,-0.0633874136282375,BL/T12,ns,ns,ns/ns,GUT
Odoribacter_splanchnicus,0.0494085413582042,Value,BL,T12,20,20,118,0.648,-0.193433352964637,0.243333417667671,Wilcoxon,two.sided,0.981708196721311,-2.7052684555133,-2.71813869849994,-0.0127881252423769,BL/T12,ns,ns,ns/ns,GUT
Oscillibacter_sp_ER4,-0.146274345897247,Value,BL,T12,20,20,77,0.312,-0.43393178109909,0.126592407628757,Wilcoxon,two.sided,0.974872727272727,-2.74646520047548,-2.54763814103057,0.181343628315159,BL/T12,ns,ns,ns/ns,GUT
Oscillospiraceae_bacterium_Marseille_Q3528,-0.0538252526522391,Value,BL,T12,20,20,88,0.546,-0.276693655353013,0.14256471893459,Wilcoxon,two.sided,0.981708196721311,-2.96835221880331,-2.90583542241625,0.0606404300557756,BL/T12,ns,ns,ns/ns,GUT
Oscillospiraceae_bacterium_N12,-0.272586622150181,Value,BL,T12,20,20,52,0.0484,-0.553154808167898,-0.00373537838113691,Wilcoxon,two.sided,0.6137,-3.03932455156778,-2.71493630159019,0.280950654692663,BL/T12,ns,*,*/ns,GUT
Oscillospiraceae_unclassified_SGB15252,0.0913745051676768,Value,BL,T12,20,20,127,0.43,-0.178184321341777,0.280062160926492,Wilcoxon,two.sided,0.974872727272727,-2.68100350178107,-2.71424884875618,-0.0327046711090837,BL/T12,ns,ns,ns/ns,GUT
Oscillospiraceae_unclassified_SGB15256,0.056800668822618,Value,BL,T12,20,20,117,0.674,-0.235658277133939,0.409637868228518,Wilcoxon,two.sided,0.981708196721311,-2.92520141790502,-3.00285010951605,-0.0747815303298638,BL/T12,ns,ns,ns/ns,GUT
Parabacteroides_distasonis,0.0924012177944348,Value,BL,T12,20,20,135,0.277,-0.0622705117843054,0.293984637365295,Wilcoxon,two.sided,0.974872727272727,-2.2822039797963,-2.38873683228019,-0.101231570519081,BL/T12,ns,ns,ns/ns,GUT
Parabacteroides_faecis,-0.0904375161664885,Value,BL,T12,20,20,88,0.546,-0.397580749207105,0.261177120312517,Wilcoxon,two.sided,0.981708196721311,-2.95142345019489,-2.92509979035023,0.0259831549404469,BL/T12,ns,ns,ns/ns,GUT
Parabacteroides_goldsteinii,-0.0840537983039809,Value,BL,T12,20,20,81,0.388,-0.498367397286605,0.195972554593777,Wilcoxon,two.sided,0.974872727272727,-2.87245741570461,-2.73138667074088,0.131967071555341,BL/T12,ns,ns,ns/ns,GUT
Parabacteroides_johnsonii,0.038553367129966,Value,BL,T12,20,20,111,0.841,-0.342484905834102,0.436232524456775,Wilcoxon,two.sided,0.981708196721311,-2.70569741565634,-2.74334884973778,-0.0369599230319351,BL/T12,ns,ns,ns/ns,GUT
Parabacteroides_merdae,-0.0114225341127179,Value,BL,T12,20,20,99,0.841,-0.186035864345902,0.315566510199735,Wilcoxon,two.sided,0.981708196721311,-2.53985753675448,-2.59296362468011,-0.0517439763445199,BL/T12,ns,ns,ns/ns,GUT
Parabacteroides_sp_TM07_1AC,-0.0163575944748754,Value,BL,T12,20,20,99,0.841,-0.330710969706139,0.305635379250154,Wilcoxon,two.sided,0.981708196721311,-2.74029576945124,-2.75011582797956,-0.00977215510786561,BL/T12,ns,ns,ns/ns,GUT
Paraprevotella_clara,0.0290292893061775,Value,BL,T12,20,20,111,0.841,-0.311577880016778,0.305644428506819,Wilcoxon,two.sided,0.981708196721311,-2.80733760313597,-2.77317798614675,0.0335891326341809,BL/T12,ns,ns,ns/ns,GUT
Parasutterella_excrementihominis,-0.0541840634558937,Value,BL,T12,20,20,93,0.674,-0.230375992592024,0.163064709869581,Wilcoxon,two.sided,0.981708196721311,-2.72841813896782,-2.6873156656022,0.0402802222191343,BL/T12,ns,ns,ns/ns,GUT
Parasutterella_SGB9260,0.12989847344539,Value,BL,T12,20,20,124,0.498,-0.205661609203858,0.505283797575527,Wilcoxon,two.sided,0.974872727272727,-2.81086240053746,-2.96391336637175,-0.142411443115112,BL/T12,ns,ns,ns/ns,GUT
Phascolarctobacterium_faecium,-0.0298172603744559,Value,BL,T12,20,20,93,0.674,-0.229372210512789,0.151819726650697,Wilcoxon,two.sided,0.981708196721311,-2.47915339451622,-2.4107016878806,0.066210597409468,BL/T12,ns,ns,ns/ns,GUT
Phascolarctobacterium_SGB5790,-0.0416038659276484,Value,BL,T12,20,20,101,0.898,-0.472468872840027,0.428809832138102,Wilcoxon,two.sided,0.981708196721311,-2.86071285593611,-2.8767811281283,-0.0159405439382259,BL/T12,ns,ns,ns/ns,GUT
Phascolarctobacterium_succinatutens,-0.0543988175888727,Value,BL,T12,20,20,94,0.701,-0.323819685811003,0.187290753641849,Wilcoxon,two.sided,0.981708196721311,-2.77526087670183,-2.70375999705068,0.0690603568841646,BL/T12,ns,ns,ns/ns,GUT
Phocaeicola_coprocola,-0.25843581406349,Value,BL,T12,20,20,63,0.123,-0.604102107751197,0.0976428320675193,Wilcoxon,two.sided,0.914021276595745,-2.77596634780682,-2.52159369500695,0.226635569355847,BL/T12,ns,ns,ns/ns,GUT
Phocaeicola_coprophilus,-0.126659762332337,Value,BL,T12,20,20,86,0.498,-0.308844172318649,0.172020087268449,Wilcoxon,two.sided,0.974872727272727,-2.88352596228825,-2.86388760067091,0.019448016995398,BL/T12,ns,ns,ns/ns,GUT
Phocaeicola_dorei,0.149849021834935,Value,BL,T12,20,20,125,0.475,-0.134536238558345,0.422422154981485,Wilcoxon,two.sided,0.974872727272727,-2.44790809604328,-2.55474771886249,-0.101508767728962,BL/T12,ns,ns,ns/ns,GUT
Phocaeicola_massiliensis,-0.0755397194155694,Value,BL,T12,20,20,92,0.648,-0.376930486900169,0.155040834873871,Wilcoxon,two.sided,0.981708196721311,-2.6601132741959,-2.5791071820658,0.0778921742842112,BL/T12,ns,ns,ns/ns,GUT
Phocaeicola_plebeius,0.194239108977906,Value,BL,T12,20,20,154,0.0696,-0.0181315087026916,0.359751596836512,Wilcoxon,two.sided,0.681236363636364,-2.23434148975922,-2.42393341242029,-0.17361032617864,BL/T12,ns,ns,ns/ns,GUT
Phocaeicola_SGB6473,0.0464247074333619,Value,BL,T12,20,20,112,0.812,-0.303319633594699,0.313031862572505,Wilcoxon,two.sided,0.981708196721311,-2.88335134675945,-2.85823286686417,0.024808196052078,BL/T12,ns,ns,ns/ns,GUT
Phocaeicola_vulgatus,0.0108834497096163,Value,BL,T12,20,20,111,0.841,-0.269014127836275,0.130259388504926,Wilcoxon,two.sided,0.981708196721311,-1.86484470118556,-1.81128900530997,0.0521708203308233,BL/T12,ns,ns,ns/ns,GUT
Prevotella_bivia,0.0421168136205492,Value,BL,T12,20,20,111,0.841,-0.30768559257529,0.397698457642088,Wilcoxon,two.sided,0.981708196721311,-2.83570365287773,-2.92052768499361,-0.0814177914577567,BL/T12,ns,ns,ns/ns,GUT
Prevotella_copri_clade_A,-0.106242874017634,Value,BL,T12,20,20,67,0.165,-0.251977881393069,0.0354651625303855,Wilcoxon,two.sided,0.939184615384615,-2.58952282030864,-2.51865450016049,0.0684698335313761,BL/T12,ns,ns,ns/ns,GUT
Prevotella_copri_clade_C,0.121934290957261,Value,BL,T12,20,20,122,0.546,-0.21144586026614,0.473231747727436,Wilcoxon,two.sided,0.981708196721311,-2.72940775795831,-2.86646364286513,-0.128442364753853,BL/T12,ns,ns,ns/ns,GUT
Prevotella_corporis,-0.177637700894905,Value,BL,T12,20,20,80,0.368,-0.442231251527856,0.19852139270449,Wilcoxon,two.sided,0.974872727272727,-2.90995887572921,-2.77091599817301,0.130188328669751,BL/T12,ns,ns,ns/ns,GUT
Prevotella_disiens,-0.0434610618698069,Value,BL,T12,20,20,97,0.784,-0.425074244715019,0.315591767657239,Wilcoxon,two.sided,0.981708196721311,-2.90068620392117,-2.88276084228684,0.0177665968100581,BL/T12,ns,ns,ns/ns,GUT
Prevotella_stercorea,0.108214744992117,Value,BL,T12,20,20,132,0.33,-0.149221421008043,0.415889648328222,Wilcoxon,two.sided,0.974872727272727,-2.66402329471452,-2.81937039720277,-0.144400820461027,BL/T12,ns,ns,ns/ns,GUT
Prevotella_timonensis,-0.183449097585574,Value,BL,T12,20,20,79,0.349,-0.479162899662565,0.143223098096964,Wilcoxon,two.sided,0.974872727272727,-2.8403080158897,-2.67189154594849,0.155649387581712,BL/T12,ns,ns,ns/ns,GUT
Pseudoruminococcus_massiliensis,-0.109506655818566,Value,BL,T12,20,20,91,0.622,-0.467733234249995,0.30166215115444,Wilcoxon,two.sided,0.981708196721311,-2.92378056372812,-2.79729943139738,0.119098731820241,BL/T12,ns,ns,ns/ns,GUT
Rheinheimera_SGB14999,-0.111903215727121,Value,BL,T12,20,20,85,0.475,-0.463646579304106,0.230943822046793,Wilcoxon,two.sided,0.974872727272727,-2.9029871582331,-2.7868783239428,0.109848380969689,BL/T12,ns,ns,ns/ns,GUT
Romboutsia_timonensis,-0.273760910627674,Value,BL,T12,20,20,35,0.0073,-0.467973014226992,-0.0964970861631169,Wilcoxon,two.sided,0.589475,-2.91978362081712,-2.64289113615261,0.24442937982112,BL/T12,ns,**,**/ns,GUT
Roseburia_faecis,-0.0615179338756803,Value,BL,T12,20,20,89,0.571,-0.283235600036096,0.140421877324749,Wilcoxon,two.sided,0.981708196721311,-2.68824165569876,-2.61058480140759,0.0747891048291342,BL/T12,ns,ns,ns/ns,GUT
Roseburia_hominis,-0.200790904980237,Value,BL,T12,20,20,42,0.0172,-0.392533583376705,-0.0442196541613851,Wilcoxon,two.sided,0.6137,-2.78504000495115,-2.57092924531126,0.194011923763829,BL/T12,ns,*,*/ns,GUT
Roseburia_intestinalis,0.0118676720631932,Value,BL,T12,20,20,108,0.927,-0.211513751267411,0.462617056545936,Wilcoxon,two.sided,0.981708196721311,-2.56845512258413,-2.66991573549717,-0.0966371289387319,BL/T12,ns,ns,ns/ns,GUT
Roseburia_inulinivorans,0.0353382315806144,Value,BL,T12,20,20,118,0.648,-0.175056836593897,0.287385879554739,Wilcoxon,two.sided,0.981708196721311,-2.5211283855304,-2.57938443915968,-0.0566223208176318,BL/T12,ns,ns,ns/ns,GUT
Roseburia_sp_AF02_12,0.0675332121311574,Value,BL,T12,20,20,126,0.452,-0.178009161458714,0.245782481789547,Wilcoxon,two.sided,0.974872727272727,-2.74126322405216,-2.7594768010078,-0.0180496966690952,BL/T12,ns,ns,ns/ns,GUT
Roseburia_sp_AM16_25,0.0184167925810084,Value,BL,T12,20,20,108,0.927,-0.251341213462673,0.212098537489529,Wilcoxon,two.sided,0.981708196721311,-2.86426009699379,-2.83328693803731,0.0305031707060893,BL/T12,ns,ns,ns/ns,GUT
Roseburia_sp_AM23_20,-0.018567583269421,Value,BL,T12,20,20,100,0.869,-0.347000502817929,0.234224117116995,Wilcoxon,two.sided,0.981708196721311,-2.77041552176733,-2.69335230967301,0.0742380892042862,BL/T12,ns,ns,ns/ns,GUT
Roseburia_sp_AM59_24XD,-0.125031988931807,Value,BL,T12,20,20,93,0.674,-0.449201873195499,0.206556318150514,Wilcoxon,two.sided,0.981708196721311,-2.797528335165,-2.7018138950786,0.0914066072110403,BL/T12,ns,ns,ns/ns,GUT
Ruminococcus_bicirculans,0.0558190598124552,Value,BL,T12,20,20,113,0.784,-0.14317335703711,0.254047423362615,Wilcoxon,two.sided,0.981708196721311,-2.56267380239724,-2.61849414859786,-0.0543180441069276,BL/T12,ns,ns,ns/ns,GUT
Ruminococcus_bovis,0.0169711050101113,Value,BL,T12,20,20,108,0.927,-0.275276290492117,0.316114378847296,Wilcoxon,two.sided,0.981708196721311,-2.85778368212349,-2.88570074546372,-0.0275344860937531,BL/T12,ns,ns,ns/ns,GUT
Ruminococcus_bromii,-0.0810706609135346,Value,BL,T12,20,20,83,0.43,-0.290688365130979,0.129380132142269,Wilcoxon,two.sided,0.974872727272727,-2.3830305665645,-2.30537236974677,0.0747903506113233,BL/T12,ns,ns,ns/ns,GUT
Ruminococcus_callidus,0.0329717650958962,Value,BL,T12,20,20,114,0.756,-0.192698281534301,0.293329743612601,Wilcoxon,two.sided,0.981708196721311,-2.88765892453996,-2.82061123180648,0.0648956692902097,BL/T12,ns,ns,ns/ns,GUT
Ruminococcus_gnavus,0.172237266228145,Value,BL,T12,20,20,143,0.165,-0.108080586319096,0.358287426935663,Wilcoxon,two.sided,0.939184615384615,-2.52639922109416,-2.61178277040215,-0.0819334261917788,BL/T12,ns,ns,ns/ns,GUT
Ruminococcus_lactaris,0.0953406417479964,Value,BL,T12,20,20,123,0.522,-0.212891651788319,0.570665998722663,Wilcoxon,two.sided,0.980267441860465,-2.65095245111716,-2.83807981245457,-0.171536406701807,BL/T12,ns,ns,ns/ns,GUT
Ruminococcus_SGB4421,-0.0652318396087478,Value,BL,T12,20,20,88,0.546,-0.298808305143704,0.136186651163522,Wilcoxon,two.sided,0.981708196721311,-2.78933159116144,-2.66554422274471,0.116704559569373,BL/T12,ns,ns,ns/ns,GUT
Ruminococcus_sp_AF13_28,0.0350624505890728,Value,BL,T12,20,20,116,0.701,-0.201779099125824,0.254359971401418,Wilcoxon,two.sided,0.981708196721311,-2.69875719358577,-2.72296751212057,-0.0239218947219816,BL/T12,ns,ns,ns/ns,GUT
Ruminococcus_sp_BSD2780120874_150323_B10,0.188701447937517,Value,BL,T12,20,20,134,0.294,-0.188183366605004,0.534844936739953,Wilcoxon,two.sided,0.974872727272727,-2.73984298969436,-2.88133776327621,-0.132338608424314,BL/T12,ns,ns,ns/ns,GUT
Ruminococcus_torques,0.142880160344224,Value,BL,T12,20,20,164,0.0266,0.0301316021055515,0.276828804464383,Wilcoxon,two.sided,0.6137,-2.44026154222565,-2.56463186982841,-0.117223170163395,BL/T12,ns,*,*/ns,GUT
Ruthenibacterium_lactatiformans,0.0026078489276814,Value,BL,T12,20,20,105,1,-0.303056398915218,0.308402157574009,Wilcoxon,two.sided,1,-2.85216863496421,-2.84242721031603,0.00969428287585941,BL/T12,ns,ns,ns/ns,GUT
Sellimonas_intestinalis,-0.0996488574628732,Value,BL,T12,20,20,81,0.388,-0.33623039642713,0.126182120865375,Wilcoxon,two.sided,0.974872727272727,-2.78186795925861,-2.67671493149513,0.0999838120451026,BL/T12,ns,ns,ns/ns,GUT
Streptococcus_parasanguinis,-0.097892345449152,Value,BL,T12,20,20,80,0.368,-0.380237919861286,0.172908800165846,Wilcoxon,two.sided,0.974872727272727,-2.80541034244736,-2.69280751295169,0.10670216179412,BL/T12,ns,ns,ns/ns,GUT
Streptococcus_pasteurianus,0.31703038437915,Value,BL,T12,20,20,162,0.0328,0.0287534183687765,0.605773671893086,Wilcoxon,two.sided,0.6137,-2.65256227584458,-2.97144789727932,-0.276787153852857,BL/T12,ns,*,*/ns,GUT
Streptococcus_salivarius,0.0579257882130517,Value,BL,T12,20,20,119,0.622,-0.18433822164029,0.34954100213319,Wilcoxon,two.sided,0.981708196721311,-2.69243184326713,-2.76341505624934,-0.0685771171898317,BL/T12,ns,ns,ns/ns,GUT
Streptococcus_thermophilus,-0.0622338028392923,Value,BL,T12,20,20,94,0.701,-0.303282990998108,0.220199652201275,Wilcoxon,two.sided,0.981708196721311,-2.71800524098302,-2.68705528243898,0.0304806670421748,BL/T12,ns,ns,ns/ns,GUT
Sutterella_sp_AM11_39,0.179106166674912,Value,BL,T12,20,20,140,0.202,-0.0701538286609604,0.596038489151563,Wilcoxon,two.sided,0.942810810810811,-2.67782681573048,-2.95001782209018,-0.240740615877181,BL/T12,ns,ns,ns/ns,GUT
Sutterella_wadsworthensis,0.258989472586088,Value,BL,T12,20,20,160,0.04,0.00892055300372818,0.549371618725973,Wilcoxon,two.sided,0.6137,-2.54472547106644,-2.83204814007061,-0.25256461125743,BL/T12,ns,*,*/ns,GUT
Tyzzerella_nexilis,0.0548264231035872,Value,BL,T12,20,20,117,0.674,-0.170005322796146,0.361770322823056,Wilcoxon,two.sided,0.981708196721311,-2.61968426560346,-2.71510068371282,-0.091134581487182,BL/T12,ns,ns,ns/ns,GUT
Veillonella_atypica,-0.29433100757469,Value,BL,T12,20,20,43,0.0192,-0.521674505463708,-0.0654335885113313,Wilcoxon,two.sided,0.6137,-3.05959253714343,-2.73150542476008,0.283739645577088,BL/T12,ns,*,*/ns,GUT
Veillonella_dispar,-0.0411248994902161,Value,BL,T12,20,20,96,0.756,-0.307482103930596,0.277772250854733,Wilcoxon,two.sided,0.981708196721311,-2.75235545184879,-2.73137523965776,0.0207631581828053,BL/T12,ns,ns,ns/ns,GUT
Veillonella_parvula,-0.0965047863446833,Value,BL,T12,20,20,83,0.43,-0.35195145297734,0.17258260647863,Wilcoxon,two.sided,0.974872727272727,-2.9944353674144,-2.84057209864904,0.143115676460645,BL/T12,ns,ns,ns/ns,GUT
Veillonella_rogosae,0.0918118861262632,Value,BL,T12,20,20,131,0.349,-0.107377779764625,0.284189469536588,Wilcoxon,two.sided,0.974872727272727,-2.72268060888479,-2.80133431706222,-0.0757136970234355,BL/T12,ns,ns,ns/ns,GUT
Vescimonas_coprocola,0.076401103457562,Value,BL,T12,20,20,118,0.648,-0.169836995237648,0.373188422627434,Wilcoxon,two.sided,0.981708196721311,-2.64181167335322,-2.71266923084801,-0.0684597830823769,BL/T12,ns,ns,ns/ns,GUT
Vescimonas_SGB15087,0.182570680808615,Value,BL,T12,20,20,136,0.261,-0.0976091487791286,0.492548594778193,Wilcoxon,two.sided,0.974872727272727,-2.63395751697351,-2.85487828613024,-0.199605302897578,BL/T12,ns,ns,ns/ns,GUT
Victivallis_lenta,0.0751499034275589,Value,BL,T12,20,20,117,0.674,-0.316603927909884,0.430170013428828,Wilcoxon,two.sided,0.981708196721311,-2.88095482692272,-2.94599171736223,-0.0630094374718122,BL/T12,ns,ns,ns/ns,GUT
Waltera_intestinalis,-0.120662224981345,Value,BL,T12,20,20,76,0.294,-0.262108545585793,0.0727721379402579,Wilcoxon,two.sided,0.974872727272727,-2.65367248359657,-2.62325712957041,0.0299619772916326,BL/T12,ns,ns,ns/ns,GUT
Adlercreutzia_equolifaciens,-0.0293751485286071,Value,BL,T24,20,20,98,0.812,-0.351349782115108,0.149087841127505,Wilcoxon,two.sided,1,-2.75526437583425,-2.75218712548269,0.00307252530764319,BL/T24,ns,ns,ns/ns,GUT
Agathobaculum_butyriciproducens,-0.00332719105596435,Value,BL,T24,20,20,104,0.985,-0.22120667444798,0.205405911641179,Wilcoxon,two.sided,1,-2.72881104727388,-2.68463051194935,0.0432324010664431,BL/T24,ns,ns,ns/ns,GUT
Akkermansia_muciniphila,-0.125809927647763,Value,BL,T24,20,20,92,0.648,-0.707639325931126,0.341101835015451,Wilcoxon,two.sided,1,-2.92794263775067,-2.71497301627215,0.193071585525077,BL/T24,ns,ns,ns/ns,GUT
Alistipes_communis,0.0222539207307596,Value,BL,T24,20,20,111,0.841,-0.262673179810459,0.347372415636207,Wilcoxon,two.sided,1,-2.76668029918346,-2.8029698115568,-0.0356465568956476,BL/T24,ns,ns,ns/ns,GUT
Alistipes_finegoldii,0.145128117709821,Value,BL,T24,20,20,135,0.277,-0.130873937372215,0.443320179096245,Wilcoxon,two.sided,1,-2.68394702029029,-2.83061268135412,-0.136858305737593,BL/T24,ns,ns,ns/ns,GUT
Alistipes_ihumii,0.0300002388910308,Value,BL,T24,20,20,107,0.956,-0.292575184973607,0.312876126803182,Wilcoxon,two.sided,1,-2.73792487393651,-2.75200819566742,-0.0139850731253767,BL/T24,ns,ns,ns/ns,GUT
Alistipes_indistinctus,0.193715610821617,Value,BL,T24,20,20,152,0.0826,-0.0205411561216662,0.458013999354704,Wilcoxon,two.sided,1,-2.67816072009938,-2.92829885087623,-0.223254049830506,BL/T24,ns,ns,ns/ns,GUT
Alistipes_onderdonkii,-0.300915930422505,Value,BL,T24,20,20,57,0.0759,-0.683523072370108,0.0852707614404684,Wilcoxon,two.sided,1,-2.89810979224655,-2.56399773383883,0.288265945770365,BL/T24,ns,ns,ns/ns,GUT
Alistipes_putredinis,-0.071588782961042,Value,BL,T24,20,20,85,0.475,-0.293340762411752,0.150218522610124,Wilcoxon,two.sided,1,-2.35814498569429,-2.30248597583614,0.054165225806974,BL/T24,ns,ns,ns/ns,GUT
Alistipes_senegalensis,-0.093030229982914,Value,BL,T24,20,20,86,0.498,-0.349869675914999,0.201601971083407,Wilcoxon,two.sided,1,-2.86093767917319,-2.8130044018297,0.0468199172150697,BL/T24,ns,ns,ns/ns,GUT
Alistipes_shahii,-0.140078290755799,Value,BL,T24,20,20,72,0.231,-0.382235021353321,0.0580465850891485,Wilcoxon,two.sided,1,-2.71693647278465,-2.56225801237472,0.143821915960797,BL/T24,ns,ns,ns/ns,GUT
Alistipes_sp_AF17_16,0.00780907869816405,Value,BL,T24,20,20,106,0.985,-0.504723597499135,0.386122273485701,Wilcoxon,two.sided,1,-3.00744774531719,-2.90290930950324,0.0994275425608682,BL/T24,ns,ns,ns/ns,GUT
Anaerobutyricum_hallii,0.0286651194241252,Value,BL,T24,20,20,110,0.869,-0.20713291174593,0.258664248352423,Wilcoxon,two.sided,1,-2.80007617258087,-2.8397464415604,-0.0389036138244551,BL/T24,ns,ns,ns/ns,GUT
Anaerobutyricum_soehngenii,-0.115879093071723,Value,BL,T24,20,20,95,0.729,-0.322555423886751,0.306274545603359,Wilcoxon,two.sided,1,-2.82646286060303,-2.81163996798749,0.0147141072346488,BL/T24,ns,ns,ns/ns,GUT
Anaerostipes_hadrus,0.21425008954436,Value,BL,T24,20,20,146,0.133,-0.0528858045377991,0.401314370497123,Wilcoxon,two.sided,1,-2.5887130174908,-2.77475789147962,-0.17062413627529,BL/T24,ns,ns,ns/ns,GUT
Anaerotignum_faecicola,0.0914713016434625,Value,BL,T24,20,20,130,0.368,-0.101370923221161,0.286525924431899,Wilcoxon,two.sided,1,-2.6428905575136,-2.74619849462839,-0.0983128827352161,BL/T24,ns,ns,ns/ns,GUT
Anaerotignum_lactatifermentans,-0.0177222436271676,Value,BL,T24,20,20,102,0.927,-0.288679896806041,0.272108839409333,Wilcoxon,two.sided,1,-2.8975463127414,-2.81896315793837,0.075648286149325,BL/T24,ns,ns,ns/ns,GUT
Anaerotruncus_colihominis,0.107019961326599,Value,BL,T24,20,20,127,0.43,-0.209410678132117,0.340767417260752,Wilcoxon,two.sided,1,-2.81050562609545,-2.86676861669214,-0.0547371984033859,BL/T24,ns,ns,ns/ns,GUT
Bacteroides_caccae,0.117159678516476,Value,BL,T24,20,20,132,0.33,-0.15309535096156,0.496431234629686,Wilcoxon,two.sided,1,-2.49480972921577,-2.69895637190879,-0.185771135726727,BL/T24,ns,ns,ns/ns,GUT
Bacteroides_cellulosilyticus,-0.139398790023183,Value,BL,T24,20,20,77,0.312,-0.368595544277373,0.142786456815686,Wilcoxon,two.sided,1,-2.81510568670465,-2.66551417219984,0.139406674496573,BL/T24,ns,ns,ns/ns,GUT
Bacteroides_clarus,0.0215413333962575,Value,BL,T24,20,20,108,0.927,-0.267645640136052,0.363147141331775,Wilcoxon,two.sided,1,-2.76925386252668,-2.81590263250131,-0.045593412355514,BL/T24,ns,ns,ns/ns,GUT
Bacteroides_congonensis,-0.107148804233357,Value,BL,T24,20,20,88,0.546,-0.435830997311902,0.211838330440278,Wilcoxon,two.sided,1,-2.83474860920372,-2.73927465936982,0.0911871005227314,BL/T24,ns,ns,ns/ns,GUT
Bacteroides_eggerthii,0.0383774118321109,Value,BL,T24,20,20,112,0.812,-0.272641507765899,0.34072908372948,Wilcoxon,two.sided,1,-2.5922368317417,-2.60316622374475,-0.0108700978398321,BL/T24,ns,ns,ns/ns,GUT
Bacteroides_faecis,-0.148769603210034,Value,BL,T24,20,20,72,0.231,-0.430698648793477,0.113881318841935,Wilcoxon,two.sided,1,-2.8227282249924,-2.65090765524047,0.158558581952911,BL/T24,ns,ns,ns/ns,GUT
Bacteroides_finegoldii,0.139369933061736,Value,BL,T24,20,20,139,0.216,-0.129660050233015,0.328521288893981,Wilcoxon,two.sided,1,-2.51704176831689,-2.62002306087949,-0.0980167796221855,BL/T24,ns,ns,ns/ns,GUT
Bacteroides_fragilis,0.0629241545710215,Value,BL,T24,20,20,122,0.546,-0.24103903552984,0.325440546636614,Wilcoxon,two.sided,1,-2.3964322320233,-2.50670113182602,-0.104602238060466,BL/T24,ns,ns,ns/ns,GUT
Bacteroides_intestinalis,-0.066916753252933,Value,BL,T24,20,20,83,0.43,-0.266118731585378,0.0887153429873642,Wilcoxon,two.sided,1,-2.85671525887758,-2.73666958681864,0.113369463099626,BL/T24,ns,ns,ns/ns,GUT
Bacteroides_nordii,0.203946109491573,Value,BL,T24,20,20,148,0.114,-0.0744569591929038,0.541527685541706,Wilcoxon,two.sided,1,-2.63217468615559,-2.83889221721896,-0.18790388909611,BL/T24,ns,ns,ns/ns,GUT
Bacteroides_ovatus,0.089777152030221,Value,BL,T24,20,20,125,0.475,-0.220474970377747,0.310198480835913,Wilcoxon,two.sided,1,-2.48960307573909,-2.54073216367023,-0.0498649082642161,BL/T24,ns,ns,ns/ns,GUT
Bacteroides_salyersiae,-0.168132911105284,Value,BL,T24,20,20,75,0.277,-0.38975898031183,0.102566885880077,Wilcoxon,two.sided,1,-2.76448312640243,-2.66870765429732,0.0914623063209331,BL/T24,ns,ns,ns/ns,GUT
Bacteroides_sp_AF16_49,-0.0783426312072188,Value,BL,T24,20,20,90,0.596,-0.342480155090639,0.274651154685649,Wilcoxon,two.sided,1,-2.76209490871993,-2.70182710050488,0.0585215254730066,BL/T24,ns,ns,ns/ns,GUT
Bacteroides_stercoris,-0.0388115079980936,Value,BL,T24,20,20,100,0.869,-0.409462992882205,0.286015840516392,Wilcoxon,two.sided,1,-2.3592318541888,-2.2298330476959,0.121685461493952,BL/T24,ns,ns,ns/ns,GUT
Bacteroides_thetaiotaomicron,-0.0863502417400077,Value,BL,T24,20,20,87,0.522,-0.324934560309939,0.20693853359805,Wilcoxon,two.sided,1,-2.39931254792317,-2.32701817204865,0.0698006293122942,BL/T24,ns,ns,ns/ns,GUT
Bacteroides_uniformis,0.0708435066360452,Value,BL,T24,20,20,131,0.349,-0.0817018226960797,0.238652239298664,Wilcoxon,two.sided,1,-2.00117285185122,-2.09513299493531,-0.08980427105467,BL/T24,ns,ns,ns/ns,GUT
Bacteroides_xylanisolvens,0.0699296211130537,Value,BL,T24,20,20,116,0.701,-0.315243604019513,0.248081971659855,Wilcoxon,two.sided,1,-2.45182741348891,-2.40577462919651,0.0450238273641607,BL/T24,ns,ns,ns/ns,GUT
Barnesiella_intestinihominis,-0.0323913525569783,Value,BL,T24,20,20,97,0.784,-0.204731056332681,0.293639798608501,Wilcoxon,two.sided,1,-2.53637923863052,-2.59278542320016,-0.0548727558061762,BL/T24,ns,ns,ns/ns,GUT
Bifidobacterium_adolescentis,0.118888887530984,Value,BL,T24,20,20,133,0.312,-0.101786475298796,0.354626539828296,Wilcoxon,two.sided,1,-2.62108313221669,-2.78480870766588,-0.151626561590124,BL/T24,ns,ns,ns/ns,GUT
Bifidobacterium_bifidum,0.0390188880032009,Value,BL,T24,20,20,110,0.869,-0.329059037389928,0.426772505544904,Wilcoxon,two.sided,1,-2.73422475495118,-2.80880467046638,-0.0719298089417558,BL/T24,ns,ns,ns/ns,GUT
Bifidobacterium_longum,0.00697722620235663,Value,BL,T24,20,20,107,0.956,-0.298400012656702,0.358331476533263,Wilcoxon,two.sided,1,-2.78441985468352,-2.81435129954711,-0.0294922416415752,BL/T24,ns,ns,ns/ns,GUT
Bifidobacterium_pseudocatenulatum,-0.0617752625699656,Value,BL,T24,20,20,90,0.596,-0.347121257032609,0.15792518584403,Wilcoxon,two.sided,1,-2.89095652337521,-2.76900026268709,0.115073822996711,BL/T24,ns,ns,ns/ns,GUT
Bilophila_wadsworthia,-0.156136902508685,Value,BL,T24,20,20,61,0.105,-0.406317772572877,0.0176174047863413,Wilcoxon,two.sided,1,-2.8154848241201,-2.55437865460118,0.231989248140367,BL/T24,ns,ns,ns/ns,GUT
Blautia_caecimuris,0.107550126426096,Value,BL,T24,20,20,126,0.452,-0.186997266497541,0.398898569319142,Wilcoxon,two.sided,1,-2.66849293040045,-2.7949399393158,-0.119068439317985,BL/T24,ns,ns,ns/ns,GUT
Blautia_faecicola,0.0232276054753567,Value,BL,T24,20,20,110,0.869,-0.222267672952376,0.272604726552042,Wilcoxon,two.sided,1,-2.68400051241178,-2.717104612935,-0.0325679600099269,BL/T24,ns,ns,ns/ns,GUT
Blautia_faecis,0.0356818323887736,Value,BL,T24,20,20,117,0.674,-0.162934564320716,0.259303338578191,Wilcoxon,two.sided,1,-2.72837626625836,-2.7775022493735,-0.0479574205014531,BL/T24,ns,ns,ns/ns,GUT
Blautia_glucerasea,-0.183213584632479,Value,BL,T24,20,20,69,0.189,-0.464656175595001,0.0997745741622551,Wilcoxon,two.sided,1,-2.80080594988903,-2.62935150238786,0.158246094301193,BL/T24,ns,ns,ns/ns,GUT
Blautia_hansenii,0.146210683516544,Value,BL,T24,20,20,137,0.245,-0.0801993569212931,0.336740822590183,Wilcoxon,two.sided,1,-2.73875868335008,-2.85688789842884,-0.111656945047928,BL/T24,ns,ns,ns/ns,GUT
Blautia_luti,-0.121739073250665,Value,BL,T24,20,20,64,0.133,-0.311976537017487,0.0331022368981673,Wilcoxon,two.sided,1,-2.78661249956339,-2.62941243124632,0.146003353156369,BL/T24,ns,ns,ns/ns,GUT
Blautia_massiliensis,-0.11722685100138,Value,BL,T24,20,20,90,0.596,-0.438249740437827,0.223251777661213,Wilcoxon,two.sided,1,-2.79878426000903,-2.72458185965783,0.0715784330344846,BL/T24,ns,ns,ns/ns,GUT
Blautia_obeum,-0.0395088394640097,Value,BL,T24,20,20,91,0.622,-0.314317634997058,0.183016776641907,Wilcoxon,two.sided,1,-2.86403426307584,-2.76999571000864,0.0898759438424753,BL/T24,ns,ns,ns/ns,GUT
Blautia_sp_MSK_20_85,0.0115552208539638,Value,BL,T24,20,20,108,0.927,-0.239083707748913,0.186902902640625,Wilcoxon,two.sided,1,-2.85708767840227,-2.83491397241142,0.0219314440617516,BL/T24,ns,ns,ns/ns,GUT
Blautia_stercoris,-0.161670076077757,Value,BL,T24,20,20,60,0.0973,-0.381627621213956,0.0280012764866957,Wilcoxon,two.sided,1,-2.79317709571532,-2.5783009844084,0.194642105591094,BL/T24,ns,ns,ns/ns,GUT
Blautia_wexlerae,-0.0922236112920826,Value,BL,T24,20,20,76,0.294,-0.300828137627469,0.088286627440165,Wilcoxon,two.sided,1,-2.58488385265382,-2.48422166502254,0.0959119874374885,BL/T24,ns,ns,ns/ns,GUT
Butyricicoccus_sp_AM29_23AC,-0.080111189749251,Value,BL,T24,20,20,89,0.571,-0.388608939801051,0.233544481958411,Wilcoxon,two.sided,1,-2.84184131880039,-2.70536923037232,0.127928804772695,BL/T24,ns,ns,ns/ns,GUT
Butyricimonas_faecihominis,-0.155927556539785,Value,BL,T24,20,20,83,0.43,-0.579654137341758,0.139285116668003,Wilcoxon,two.sided,1,-2.93121282907364,-2.69261851720277,0.213977117125418,BL/T24,ns,ns,ns/ns,GUT
Butyricimonas_paravirosa,0.246780565381513,Value,BL,T24,20,20,144,0.154,-0.13000087461958,0.548168164710902,Wilcoxon,two.sided,1,-2.81820700034762,-3.05795186157303,-0.214905601369767,BL/T24,ns,ns,ns/ns,GUT
Butyricimonas_SGB15260,-0.0371509014140917,Value,BL,T24,20,20,99,0.841,-0.262110744026156,0.324530023124318,Wilcoxon,two.sided,1,-2.83028431741245,-2.82763300416257,0.00264780471901307,BL/T24,ns,ns,ns/ns,GUT
Butyricimonas_sp_Marseille_P3923,-0.0353133380716086,Value,BL,T24,20,20,100,0.869,-0.352202744399659,0.282939540316244,Wilcoxon,two.sided,1,-2.72282374406161,-2.67929556757518,0.0426074490741906,BL/T24,ns,ns,ns/ns,GUT
Butyricimonas_virosa,-0.25439509075266,Value,BL,T24,20,20,38,0.0107,-0.461814776280043,-0.0451820594884473,Wilcoxon,two.sided,1,-2.78697086216204,-2.53645047456669,0.223559774757498,BL/T24,ns,*,*/ns,GUT
Candidatus_Cibionibacter_quicibialis,0.0825116670705406,Value,BL,T24,20,20,130,0.368,-0.111402544571818,0.260027133637774,Wilcoxon,two.sided,1,-2.58651547085115,-2.66175000718327,-0.072538811115495,BL/T24,ns,ns,ns/ns,GUT
Catenibacterium_SGB4425,0.0843961697011507,Value,BL,T24,20,20,127,0.43,-0.194715262261631,0.459595414606087,Wilcoxon,two.sided,1,-2.6298531883953,-2.81347027634714,-0.168575078708917,BL/T24,ns,ns,ns/ns,GUT
Clostridiaceae_bacterium,0.013220574022626,Value,BL,T24,20,20,108,0.927,-0.144911691344974,0.205174324310641,Wilcoxon,two.sided,1,-2.58641499037169,-2.63306261085068,-0.0455923140918916,BL/T24,ns,ns,ns/ns,GUT
Clostridiaceae_bacterium_AF18_31LB,0.0155108409499383,Value,BL,T24,20,20,110,0.869,-0.277301815946239,0.25690348538789,Wilcoxon,two.sided,1,-2.83030840468342,-2.83344325705983,-0.00312994897165548,BL/T24,ns,ns,ns/ns,GUT
Clostridiaceae_bacterium_Marseille_Q3526,-0.151483889533662,Value,BL,T24,20,20,87,0.522,-0.547502711966527,0.208799782934784,Wilcoxon,two.sided,1,-3.05039216276153,-2.86247016329582,0.172205561769543,BL/T24,ns,ns,ns/ns,GUT
Clostridiaceae_bacterium_Marseille_Q4143,0.00818987057348131,Value,BL,T24,20,20,106,0.985,-0.348353454740288,0.330214479562558,Wilcoxon,two.sided,1,-2.80679128745964,-2.77741692214503,0.0289512053760379,BL/T24,ns,ns,ns/ns,GUT
Clostridiaceae_bacterium_Marseille_Q4145,0.341856099255376,Value,BL,T24,20,20,166,0.0215,0.0381874668744981,0.731836665857774,Wilcoxon,two.sided,1,-2.71052034023966,-3.12312251389298,-0.345433516752169,BL/T24,ns,*,*/ns,GUT
Clostridiaceae_bacterium_Marseille_Q4149,0.123304353109526,Value,BL,T24,20,20,134,0.294,-0.129980809918107,0.443159184994669,Wilcoxon,two.sided,1,-2.62281809350971,-2.78898100699358,-0.153718798137387,BL/T24,ns,ns,ns/ns,GUT
Clostridiaceae_unclassified_SGB4771,-0.0311545102856916,Value,BL,T24,20,20,100,0.869,-0.242538567918613,0.293006279773738,Wilcoxon,two.sided,1,-2.80937381506783,-2.9099126951155,-0.0957999507993529,BL/T24,ns,ns,ns/ns,GUT
Clostridiales_bacterium,-0.0937492798117643,Value,BL,T24,20,20,78,0.33,-0.298457280241549,0.062755000424304,Wilcoxon,two.sided,1,-2.7342454478511,-2.61812494335588,0.109858837068182,BL/T24,ns,ns,ns/ns,GUT
Clostridiales_bacterium_Choco116,0.0480420023325726,Value,BL,T24,20,20,116,0.701,-0.296742950645054,0.453652059042189,Wilcoxon,two.sided,1,-2.78112038164157,-2.88981253457931,-0.103181080056443,BL/T24,ns,ns,ns/ns,GUT
Clostridiales_bacterium_KLE1615,-0.0561786970656335,Value,BL,T24,20,20,92,0.648,-0.29681228351338,0.225804034597601,Wilcoxon,two.sided,1,-2.62293100816408,-2.60766211406836,0.0151534976999203,BL/T24,ns,ns,ns/ns,GUT
Clostridium_butyricum,0.163206039267135,Value,BL,T24,20,20,145,0.143,-0.054726511358733,0.370528639576171,Wilcoxon,two.sided,1,-2.62534818519407,-2.78424520671187,-0.147468709260676,BL/T24,ns,ns,ns/ns,GUT
Clostridium_fessum,0.0431741051658312,Value,BL,T24,20,20,112,0.812,-0.245313946832893,0.280551455123948,Wilcoxon,two.sided,1,-2.64004082777068,-2.63209617799443,0.00791325720525881,BL/T24,ns,ns,ns/ns,GUT
Clostridium_leptum,0.0010289839066564,Value,BL,T24,20,20,105,1,-0.34394850914223,0.27270647215286,Wilcoxon,two.sided,1,-2.79792604696207,-2.74516780224236,0.0514136196319034,BL/T24,ns,ns,ns/ns,GUT
Clostridium_SGB4750,0.000525928491241223,Value,BL,T24,20,20,105,1,-0.191066287606052,0.261606302571559,Wilcoxon,two.sided,1,-2.69433880714012,-2.74987625371819,-0.0540500652496995,BL/T24,ns,ns,ns/ns,GUT
Clostridium_SGB4751,-0.126518487691645,Value,BL,T24,20,20,86,0.498,-0.5053174262685,0.167909445213057,Wilcoxon,two.sided,1,-2.92480923837681,-2.75733992001652,0.154838430438548,BL/T24,ns,ns,ns/ns,GUT
Clostridium_SGB6179,-0.0163411537625007,Value,BL,T24,20,20,102,0.927,-0.395851437462924,0.329647559297622,Wilcoxon,two.sided,1,-2.81456511728151,-2.8163806552192,-0.00181389184075717,BL/T24,ns,ns,ns/ns,GUT
Clostridium_sp_1001270H_150608_G6,-0.00305411139642719,Value,BL,T24,20,20,104,0.985,-0.316897685517733,0.240579568808104,Wilcoxon,two.sided,1,-2.75243448993002,-2.71316123641035,0.0385216741898488,BL/T24,ns,ns,ns/ns,GUT
Clostridium_sp_AF12_28,0.0488853128738898,Value,BL,T24,20,20,116,0.701,-0.245679900675555,0.357914301174897,Wilcoxon,two.sided,1,-2.8163610755621,-2.86855166580801,-0.0508742673416006,BL/T24,ns,ns,ns/ns,GUT
Clostridium_sp_AF20_17LB,-0.0152184336279177,Value,BL,T24,20,20,103,0.956,-0.331758357383628,0.315588486934732,Wilcoxon,two.sided,1,-2.71995052644448,-2.69650606653183,0.0231738597837468,BL/T24,ns,ns,ns/ns,GUT
Clostridium_sp_AF27_2AA,-0.0739329079991243,Value,BL,T24,20,20,92,0.648,-0.380774703116842,0.290658257795396,Wilcoxon,two.sided,1,-2.87934625576398,-2.84904483546148,0.0298514005008837,BL/T24,ns,ns,ns/ns,GUT
Clostridium_sp_AF34_10BH,0.197726506287449,Value,BL,T24,20,20,160,0.04,0.0129446687234331,0.359228197636148,Wilcoxon,two.sided,1,-2.35579036813733,-2.5458031933944,-0.173964084592311,BL/T24,ns,*,*/ns,GUT
Clostridium_sp_AF34_13,-0.128334504890297,Value,BL,T24,20,20,85,0.475,-0.48980692322317,0.245565762203178,Wilcoxon,two.sided,1,-2.98709480353334,-2.84792669392489,0.130298267611392,BL/T24,ns,ns,ns/ns,GUT
Clostridium_sp_AF36_4,-0.13381003440806,Value,BL,T24,20,20,87,0.522,-0.317998367731103,0.115964268210261,Wilcoxon,two.sided,1,-2.81562499856935,-2.69501466215867,0.113873480103188,BL/T24,ns,ns,ns/ns,GUT
Clostridium_sp_AM22_11AC,-0.100136434481406,Value,BL,T24,20,20,86,0.498,-0.351102358129763,0.264297648587265,Wilcoxon,two.sided,1,-2.68885385759027,-2.62362191462038,0.0631925622754669,BL/T24,ns,ns,ns/ns,GUT
Clostridium_sp_AM33_3,0.20011045771922,Value,BL,T24,20,20,159,0.0441,0.00243766079364649,0.399131144611043,Wilcoxon,two.sided,1,-2.5711617343664,-2.75540497337806,-0.169103953716688,BL/T24,ns,*,*/ns,GUT
Clostridium_sp_AM42_4,0.0814639031441196,Value,BL,T24,20,20,125,0.475,-0.220895460486014,0.399898723615989,Wilcoxon,two.sided,1,-2.85714842360318,-2.95204994389891,-0.0906644234210079,BL/T24,ns,ns,ns/ns,GUT
Clostridium_sp_AM49_4BH,-0.0545308731034349,Value,BL,T24,20,20,92,0.648,-0.392583255901352,0.18444668649339,Wilcoxon,two.sided,1,-2.8431008038515,-2.74086575763731,0.097339978563016,BL/T24,ns,ns,ns/ns,GUT
Clostridium_sp_AT4,0.143856831779734,Value,BL,T24,20,20,128,0.409,-0.195982130840007,0.396092541252528,Wilcoxon,two.sided,1,-2.6951771702459,-2.81263564353732,-0.111056886449504,BL/T24,ns,ns,ns/ns,GUT
Clostridium_symbiosum,0.236999755010988,Value,BL,T24,20,20,147,0.123,-0.0843473724529344,0.471282073450996,Wilcoxon,two.sided,1,-2.73873383756628,-2.86606409298098,-0.119852231539652,BL/T24,ns,ns,ns/ns,GUT
Collinsella_aerofaciens,0.285358820030443,Value,BL,T24,20,20,151,0.0897,-0.0708250637080381,0.56071323040824,Wilcoxon,two.sided,1,-2.71285429319831,-2.92732947337066,-0.194312032999597,BL/T24,ns,ns,ns/ns,GUT
Collinsella_SGB14861,0.0396458812013117,Value,BL,T24,20,20,113,0.784,-0.153317167793583,0.316194998045867,Wilcoxon,two.sided,1,-2.5592620678463,-2.64218699686933,-0.0796656480013404,BL/T24,ns,ns,ns/ns,GUT
Collinsella_SGB4121,-0.0631673979868062,Value,BL,T24,20,20,89,0.571,-0.272175781197725,0.197515406352923,Wilcoxon,two.sided,1,-2.81206088020513,-2.79881888674617,0.0131550846534196,BL/T24,ns,ns,ns/ns,GUT
Coprobacillus_cateniformis,0.0654228499034033,Value,BL,T24,20,20,125,0.475,-0.158394228934501,0.299637465943071,Wilcoxon,two.sided,1,-2.67148132235765,-2.68605238461122,-0.0144659244087686,BL/T24,ns,ns,ns/ns,GUT
Coprobacter_fastidiosus,-0.0627409325173862,Value,BL,T24,20,20,92,0.648,-0.390744565942833,0.212571844609206,Wilcoxon,two.sided,1,-2.80663106658398,-2.72469560245765,0.0787515336605538,BL/T24,ns,ns,ns/ns,GUT
Coprobacter_secundus,0.0277110535291661,Value,BL,T24,20,20,114,0.756,-0.155837468277631,0.299017411956733,Wilcoxon,two.sided,1,-2.77620488126918,-2.86659059608192,-0.0865315004456437,BL/T24,ns,ns,ns/ns,GUT
Coprococcus_catus,-0.0888760730031743,Value,BL,T24,20,20,84,0.452,-0.297781989658842,0.147223886158531,Wilcoxon,two.sided,1,-2.8761146470642,-2.79088551592528,0.0817911454701075,BL/T24,ns,ns,ns/ns,GUT
Coprococcus_comes,0.0594449867116298,Value,BL,T24,20,20,119,0.622,-0.181700793054658,0.270573286294197,Wilcoxon,two.sided,1,-2.66933778344305,-2.71285091458244,-0.0425930312023618,BL/T24,ns,ns,ns/ns,GUT
Coprococcus_eutactus,0.228805366494581,Value,BL,T24,20,20,140,0.202,-0.0566699719457953,0.588415796909781,Wilcoxon,two.sided,1,-2.50245754075094,-2.77908288799069,-0.244220148914328,BL/T24,ns,ns,ns/ns,GUT
Coprococcus_SGB4669,0.0205879315673365,Value,BL,T24,20,20,110,0.869,-0.223298280385035,0.287419854972564,Wilcoxon,two.sided,1,-2.62313719241959,-2.65992391988888,-0.036126245096138,BL/T24,ns,ns,ns/ns,GUT
Desulfovibrio_piger,0.0329875494901076,Value,BL,T24,20,20,111,0.841,-0.218721689734396,0.338394891162187,Wilcoxon,two.sided,1,-2.73993966959456,-2.78146495431861,-0.040686258643643,BL/T24,ns,ns,ns/ns,GUT
Desulfovibrio_SGB5076,0.0951213025268188,Value,BL,T24,20,20,113,0.784,-0.238918021029382,0.451337313709206,Wilcoxon,two.sided,1,-2.82809473662369,-2.96723541356253,-0.130274186003333,BL/T24,ns,ns,ns/ns,GUT
Desulfovibrio_SGB5077,-0.141187429422403,Value,BL,T24,20,20,73,0.245,-0.399752167039709,0.11310548014034,Wilcoxon,two.sided,1,-2.71851151375145,-2.56835067739017,0.139901790301441,BL/T24,ns,ns,ns/ns,GUT
Dialister_hominis,0.0276015160525016,Value,BL,T24,20,20,113,0.784,-0.2136905953616,0.236410149950789,Wilcoxon,two.sided,1,-2.72774067321733,-2.75103152445657,-0.0230237586222917,BL/T24,ns,ns,ns/ns,GUT
Dialister_invisus,-9.62355461714415e-05,Value,BL,T24,20,20,105,1,-0.259456603686215,0.241128636895385,Wilcoxon,two.sided,1,-2.6795070219854,-2.68680818714192,-0.00727464067835288,BL/T24,ns,ns,ns/ns,GUT
Dorea_formicigenerans,-0.065993552532106,Value,BL,T24,20,20,95,0.729,-0.320565949466969,0.227437101353263,Wilcoxon,two.sided,1,-2.74371623226443,-2.73230132654987,0.011350247259872,BL/T24,ns,ns,ns/ns,GUT
Dorea_longicatena,-0.131482387808698,Value,BL,T24,20,20,71,0.216,-0.312551191832993,0.091341921426159,Wilcoxon,two.sided,1,-2.74559007378022,-2.63162401742713,0.107926670980814,BL/T24,ns,ns,ns/ns,GUT
Dorea_sp_AF36_15AT,-0.0607227546939385,Value,BL,T24,20,20,95,0.729,-0.282388849000593,0.215609986700527,Wilcoxon,two.sided,1,-2.84823546524444,-2.79986252922786,0.047239377575137,BL/T24,ns,ns,ns/ns,GUT
Dysosmobacter_sp_BX15,-0.0618655824589112,Value,BL,T24,20,20,94,0.701,-0.317092255169245,0.209865262251235,Wilcoxon,two.sided,1,-2.8832379876208,-2.82403446209741,0.0575172346725842,BL/T24,ns,ns,ns/ns,GUT
Dysosmobacter_sp_NSJ_60,-0.0361101373088553,Value,BL,T24,20,20,98,0.812,-0.2978130587079,0.22999948832002,Wilcoxon,two.sided,1,-2.7976325150907,-2.7502248996495,0.0463181736418684,BL/T24,ns,ns,ns/ns,GUT
Dysosmobacter_welbionis,0.0239300428108674,Value,BL,T24,20,20,115,0.729,-0.155566287515647,0.283632928661138,Wilcoxon,two.sided,1,-2.51899603358979,-2.59669289060351,-0.0748262242331047,BL/T24,ns,ns,ns/ns,GUT
Eggerthella_lenta,0.138114411046666,Value,BL,T24,20,20,138,0.231,-0.0833547224728415,0.386231411258945,Wilcoxon,two.sided,1,-2.66838270590757,-2.86148934333373,-0.176560525060881,BL/T24,ns,ns,ns/ns,GUT
Eisenbergiella_massiliensis,-0.0465920511525836,Value,BL,T24,20,20,94,0.701,-0.375487848985354,0.3249332836992,Wilcoxon,two.sided,1,-2.80712182872135,-2.78986285008138,0.0171117342455368,BL/T24,ns,ns,ns/ns,GUT
Eisenbergiella_tayi,0.00216176455906159,Value,BL,T24,20,20,107,0.956,-0.218835618565607,0.251553912530611,Wilcoxon,two.sided,1,-2.7263394329704,-2.79747172704251,-0.068716307714024,BL/T24,ns,ns,ns/ns,GUT
Enterobacter_hormaechei,0.191356941806707,Value,BL,T24,20,20,147,0.123,-0.0798849252904088,0.585718730687807,Wilcoxon,two.sided,1,-2.70132724539656,-2.8961585483621,-0.178005006351689,BL/T24,ns,ns,ns/ns,GUT
Enterobacter_kobei,-0.0979088959629139,Value,BL,T24,20,20,79,0.349,-0.330303166000948,0.0914595385389123,Wilcoxon,two.sided,1,-2.73714181870305,-2.6115699139955,0.118291266225391,BL/T24,ns,ns,ns/ns,GUT
Enterocloster_aldenensis,-0.023843027360826,Value,BL,T24,20,20,98,0.812,-0.269082058185903,0.25289045964959,Wilcoxon,two.sided,1,-2.64859999228852,-2.66148416382796,-0.0128018767146259,BL/T24,ns,ns,ns/ns,GUT
Enterocloster_asparagiformis,-0.0563603618202632,Value,BL,T24,20,20,90,0.596,-0.1981326250221,0.104020209102565,Wilcoxon,two.sided,1,-2.70255387145514,-2.66754110105605,0.0344137651910554,BL/T24,ns,ns,ns/ns,GUT
Enterocloster_bolteae,-0.0430300926997835,Value,BL,T24,20,20,96,0.756,-0.315765856442991,0.236161424888743,Wilcoxon,two.sided,1,-2.68795830595915,-2.65611301297482,0.0313487459228542,BL/T24,ns,ns,ns/ns,GUT
Enterocloster_citroniae,0.144360284345169,Value,BL,T24,20,20,139,0.216,-0.101563016115212,0.396925225370057,Wilcoxon,two.sided,1,-2.71679083332349,-2.85315634243525,-0.127835019526882,BL/T24,ns,ns,ns/ns,GUT
Enterocloster_clostridioformis,-0.0619942508581373,Value,BL,T24,20,20,94,0.701,-0.343973172938002,0.225670054324369,Wilcoxon,two.sided,1,-2.8722807128649,-2.79575277368273,0.0737409912078895,BL/T24,ns,ns,ns/ns,GUT
Enterocloster_lavalensis,-0.0311233818372436,Value,BL,T24,20,20,99,0.841,-0.281113568671469,0.260159248722722,Wilcoxon,two.sided,1,-2.84404613002966,-2.82063857700403,0.0231377976876244,BL/T24,ns,ns,ns/ns,GUT
Enterocloster_SGB14313,-0.0170938178771323,Value,BL,T24,20,20,103,0.956,-0.216448411921286,0.243820191913702,Wilcoxon,two.sided,1,-2.74553026829304,-2.76046394922201,-0.0148232713728294,BL/T24,ns,ns,ns/ns,GUT
Erysipelatoclostridium_ramosum,0.0588052541694541,Value,BL,T24,20,20,117,0.674,-0.228317425093918,0.338500240113067,Wilcoxon,two.sided,1,-2.73921347702235,-2.7748884668545,-0.035053378239785,BL/T24,ns,ns,ns/ns,GUT
Escherichia_coli,0.0210945834282554,Value,BL,T24,20,20,109,0.898,-0.234161830356256,0.371885719599212,Wilcoxon,two.sided,1,-2.49958824818212,-2.53112841250519,-0.0310529905540242,BL/T24,ns,ns,ns/ns,GUT
Eubacteriaceae_bacterium,-0.295942684859474,Value,BL,T24,20,20,47,0.0296,-0.889960521839397,-0.0228441797824057,Wilcoxon,two.sided,1,-3.02415057211224,-2.58926085459109,0.361087994356691,BL/T24,ns,*,*/ns,GUT
Eubacteriales_unclassified_SGB15145,0.0236378735361809,Value,BL,T24,20,20,111,0.841,-0.415828518103499,0.427881489141485,Wilcoxon,two.sided,1,-2.88143026307768,-2.91718352690299,-0.0351289531413631,BL/T24,ns,ns,ns/ns,GUT
Eubacterium_ramulus,-0.157393894774414,Value,BL,T24,20,20,70,0.202,-0.407836949772058,0.0945377823980229,Wilcoxon,two.sided,1,-2.74616449033773,-2.58035416031933,0.153416407473911,BL/T24,ns,ns,ns/ns,GUT
Eubacterium_rectale,0.094220244276647,Value,BL,T24,20,20,125,0.475,-0.166773211061088,0.377803148686894,Wilcoxon,two.sided,1,-2.32691606475414,-2.47135797190462,-0.134917100843936,BL/T24,ns,ns,ns/ns,GUT
Eubacterium_SGB6276,-0.0115254803450074,Value,BL,T24,20,20,102,0.927,-0.246746236902911,0.225456179991955,Wilcoxon,two.sided,1,-2.71491042372133,-2.70456526427297,0.0102920145007376,BL/T24,ns,ns,ns/ns,GUT
Eubacterium_siraeum,0.205764988811641,Value,BL,T24,20,20,136,0.261,-0.167374211478403,0.571586763395372,Wilcoxon,two.sided,1,-2.64203733135071,-2.83272085858933,-0.174527534860622,BL/T24,ns,ns,ns/ns,GUT
Eubacterium_sp_AF16_48,-0.0979492811780419,Value,BL,T24,20,20,87,0.522,-0.34615572701687,0.163902359314104,Wilcoxon,two.sided,1,-2.75475760422068,-2.68412406696317,0.0682505641520344,BL/T24,ns,ns,ns/ns,GUT
Eubacterium_sp_AF34_35BH,0.0233436759466488,Value,BL,T24,20,20,109,0.898,-0.211107319637683,0.299180004427871,Wilcoxon,two.sided,1,-2.78870512109801,-2.82813631885769,-0.0386736383040394,BL/T24,ns,ns,ns/ns,GUT
Eubacterium_ventriosum,0.0650832526422819,Value,BL,T24,20,20,122,0.546,-0.164264072031135,0.296594176242407,Wilcoxon,two.sided,1,-2.64412593253627,-2.72896697483478,-0.0814334714655468,BL/T24,ns,ns,ns/ns,GUT
Evtepia_gabavorous,-0.0956204732305092,Value,BL,T24,20,20,86,0.498,-0.42488455962864,0.178997737345688,Wilcoxon,two.sided,1,-2.93729695480806,-2.79804945622034,0.130367955493625,BL/T24,ns,ns,ns/ns,GUT
Faecalibacillus_faecis,-0.0292763231428559,Value,BL,T24,20,20,97,0.784,-0.261620592137679,0.182082877268345,Wilcoxon,two.sided,1,-2.71249256844149,-2.62678612870662,0.0822308716508713,BL/T24,ns,ns,ns/ns,GUT
Faecalibacillus_intestinalis,-0.0329842061978822,Value,BL,T24,20,20,98,0.812,-0.317217374942877,0.242122794891168,Wilcoxon,two.sided,1,-2.76268048745604,-2.78714214801827,-0.0241672654121252,BL/T24,ns,ns,ns/ns,GUT
Faecalibacterium_prausnitzii,0.0166220008310639,Value,BL,T24,20,20,107,0.956,-0.236110125410987,0.192216110980217,Wilcoxon,two.sided,1,-1.97580806167454,-1.91752097954324,0.0566516407984077,BL/T24,ns,ns,ns/ns,GUT
Faecalibacterium_SGB15315,-0.0463211237648612,Value,BL,T24,20,20,101,0.898,-0.511975675306996,0.364844349784715,Wilcoxon,two.sided,1,-3.05747775168799,-2.93390990636101,0.116509198293937,BL/T24,ns,ns,ns/ns,GUT
Faecalibacterium_SGB15346,-0.0312050959486291,Value,BL,T24,20,20,77,0.312,-0.20959225287789,0.112280998100043,Wilcoxon,two.sided,1,-2.54982305601483,-2.49119086118929,0.0569776926238679,BL/T24,ns,ns,ns/ns,GUT
Faecalicatena_fissicatena,-0.105566885117915,Value,BL,T24,20,20,80,0.368,-0.377057695577379,0.111372750273047,Wilcoxon,two.sided,1,-2.9274555596499,-2.72830511740161,0.181613341275447,BL/T24,ns,ns,ns/ns,GUT
Faecalimonas_umbilicata,-0.111368085615511,Value,BL,T24,20,20,87,0.522,-0.439015945361715,0.219929904649376,Wilcoxon,two.sided,1,-2.85628573119533,-2.72399047211191,0.124246775349858,BL/T24,ns,ns,ns/ns,GUT
Firmicutes_bacterium_AF16_15,0.00393466272373777,Value,BL,T24,20,20,106,0.985,-0.234244643129501,0.345245935446148,Wilcoxon,two.sided,1,-2.66768771467924,-2.81376566090631,-0.136345631884516,BL/T24,ns,ns,ns/ns,GUT
Flavonifractor_plautii,-0.170918267945271,Value,BL,T24,20,20,70,0.202,-0.446244863912767,0.0651987791772199,Wilcoxon,two.sided,1,-2.83456030476161,-2.66863673055907,0.153513540499274,BL/T24,ns,ns,ns/ns,GUT
Fusicatenibacter_saccharivorans,0.0638730277853334,Value,BL,T24,20,20,119,0.622,-0.217907339876057,0.285978690368317,Wilcoxon,two.sided,1,-2.54896239414283,-2.55386862600401,-0.00489423552750683,BL/T24,ns,ns,ns/ns,GUT
Fusobacterium_mortiferum,-0.087055207430591,Value,BL,T24,20,20,88,0.546,-0.442266364075829,0.169302429188844,Wilcoxon,two.sided,1,-2.9742638198976,-2.8017712031283,0.159131924320007,BL/T24,ns,ns,ns/ns,GUT
Fusobacterium_ulcerans,0.117786441191595,Value,BL,T24,20,20,166,0.0215,0.0260815977614874,0.510080971107329,Wilcoxon,two.sided,1,-2.62034670209104,-2.84835507657566,-0.205393649314576,BL/T24,ns,*,*/ns,GUT
Fusobacterium_varium,0.0158833879915311,Value,BL,T24,20,20,108,0.927,-0.248665471429517,0.268254393140445,Wilcoxon,two.sided,1,-2.8563341246207,-2.86223112401318,-0.00587968014592888,BL/T24,ns,ns,ns/ns,GUT
Gemmiger_formicilis,-0.201005664275584,Value,BL,T24,20,20,62,0.114,-0.450912130234158,0.0564597948943797,Wilcoxon,two.sided,1,-2.78885999626904,-2.5814459438502,0.18848092589027,BL/T24,ns,ns,ns/ns,GUT
Gemmiger_SGB15295,-0.0379579451622434,Value,BL,T24,20,20,95,0.729,-0.389791925112168,0.177516254447468,Wilcoxon,two.sided,1,-2.97118470807873,-2.85595488494328,0.10906050307639,BL/T24,ns,ns,ns/ns,GUT
GGB13493_SGB15238,-0.0164399609701747,Value,BL,T24,20,20,98,0.812,-0.338789051707291,0.256672294643051,Wilcoxon,two.sided,1,-2.70275645046396,-2.68960490603645,0.0130658137099317,BL/T24,ns,ns,ns/ns,GUT
GGB1495_SGB2071,-0.155487909626774,Value,BL,T24,20,20,79,0.349,-0.512650773291395,0.128998014771063,Wilcoxon,two.sided,1,-2.7560805485223,-2.5375405355795,0.197653431412495,BL/T24,ns,ns,ns/ns,GUT
GGB16040_SGB9347,0.0741403969556389,Value,BL,T24,20,20,124,0.498,-0.162741667061796,0.411373697203182,Wilcoxon,two.sided,1,-2.73702047724193,-2.9110253474153,-0.160420869756215,BL/T24,ns,ns,ns/ns,GUT
GGB1663_SGB2279,0.202478448301743,Value,BL,T24,20,20,145,0.143,-0.106267885042707,0.494370123579619,Wilcoxon,two.sided,1,-2.65175500075327,-2.83975085719822,-0.17226773309342,BL/T24,ns,ns,ns/ns,GUT
GGB2998_SGB3988,-0.0576393758333293,Value,BL,T24,20,20,91,0.622,-0.280709596247048,0.219672830035385,Wilcoxon,two.sided,1,-2.84365828805736,-2.8068719722355,0.0361258480544829,BL/T24,ns,ns,ns/ns,GUT
GGB3175_SGB4191,0.112719545544137,Value,BL,T24,20,20,128,0.409,-0.126045269557563,0.242886342132624,Wilcoxon,two.sided,1,-2.69080235231612,-2.69965419144598,-0.00881289127323394,BL/T24,ns,ns,ns/ns,GUT
GGB3256_SGB4303,-0.00617130228581875,Value,BL,T24,20,20,100,0.869,-0.21133080532752,0.191333118095717,Wilcoxon,two.sided,1,-2.73655094868851,-2.73151108108327,0.00502720998318596,BL/T24,ns,ns,ns/ns,GUT
GGB3277_SGB4327,0.10569477379773,Value,BL,T24,20,20,128,0.409,-0.281405223624035,0.478524914069201,Wilcoxon,two.sided,1,-2.72458427900069,-2.78570528924244,-0.0593259061365437,BL/T24,ns,ns,ns/ns,GUT
GGB3278_SGB4328,0.0361676517622782,Value,BL,T24,20,20,112,0.812,-0.209490861990755,0.29361960248683,Wilcoxon,two.sided,1,-2.6896441470617,-2.81108366844554,-0.114613146982653,BL/T24,ns,ns,ns/ns,GUT
GGB3304_SGB4367,0.0683718592216289,Value,BL,T24,20,20,122,0.546,-0.276041657977316,0.394058653180237,Wilcoxon,two.sided,1,-2.67291982473551,-2.76459258379754,-0.0877111612237139,BL/T24,ns,ns,ns/ns,GUT
GGB3321_SGB4394,0.0361526026598744,Value,BL,T24,20,20,115,0.729,-0.289274776351824,0.232324737986011,Wilcoxon,two.sided,1,-2.63237803030348,-2.60634535197032,0.0256995964686251,BL/T24,ns,ns,ns/ns,GUT
GGB33469_SGB15236,-0.0439451605435653,Value,BL,T24,20,20,98,0.812,-0.443402291588146,0.410240820369273,Wilcoxon,two.sided,1,-3.02203565254031,-2.96816042377407,0.052474064332187,BL/T24,ns,ns,ns/ns,GUT
GGB3363_SGB4447,0.0807396474104678,Value,BL,T24,20,20,122,0.546,-0.230790714121141,0.428150745199653,Wilcoxon,two.sided,1,-2.7252559799786,-2.86359459360407,-0.129569842960693,BL/T24,ns,ns,ns/ns,GUT
GGB3363_SGB4448,0.0345290405012826,Value,BL,T24,20,20,114,0.756,-0.145099564124412,0.224060524627824,Wilcoxon,two.sided,1,-2.69056341124359,-2.69461693945201,-0.00404533479696847,BL/T24,ns,ns,ns/ns,GUT
GGB33928_SGB15225,0.0581801084302803,Value,BL,T24,20,20,118,0.648,-0.153456725688098,0.224079179464934,Wilcoxon,two.sided,1,-2.67778504048136,-2.70695806356545,-0.0287555895429507,BL/T24,ns,ns,ns/ns,GUT
GGB3486_SGB4658,0.252586454837613,Value,BL,T24,20,20,161,0.0362,0.0186868016070265,0.496592097414429,Wilcoxon,two.sided,1,-2.58001893371639,-2.83007293218753,-0.223186749158083,BL/T24,ns,*,*/ns,GUT
GGB3490_SGB4664,-0.092899540625885,Value,BL,T24,20,20,77,0.312,-0.260349314207407,0.113448522266295,Wilcoxon,two.sided,1,-2.74664844662658,-2.66439228741979,0.0790478984365262,BL/T24,ns,ns,ns/ns,GUT
GGB3612_SGB4882,0.0647022457112079,Value,BL,T24,20,20,122,0.546,-0.179386444376088,0.383435554858286,Wilcoxon,two.sided,1,-2.71986100982893,-2.82643012469636,-0.10126434115874,BL/T24,ns,ns,ns/ns,GUT
GGB3619_SGB4894,-0.0726094343916776,Value,BL,T24,20,20,92,0.648,-0.42873872022048,0.186549872263628,Wilcoxon,two.sided,1,-2.98173616653054,-2.84840339984182,0.125162642973346,BL/T24,ns,ns,ns/ns,GUT
GGB3632_SGB4921,-0.0995373796565693,Value,BL,T24,20,20,85,0.475,-0.412182212006604,0.175356351864816,Wilcoxon,two.sided,1,-2.8100110669159,-2.70678972965631,0.0982343885532008,BL/T24,ns,ns,ns/ns,GUT
GGB3653_SGB4964,-0.0437747806774332,Value,BL,T24,20,20,94,0.701,-0.245376917586714,0.312187578898185,Wilcoxon,two.sided,1,-2.83049114615867,-2.8543171129472,-0.0235465578653652,BL/T24,ns,ns,ns/ns,GUT
GGB3746_SGB5089,-0.0404809895821501,Value,BL,T24,20,20,87,0.522,-0.246020263416654,0.189300178652066,Wilcoxon,two.sided,1,-2.53451018770307,-2.50850115331279,0.025676552158424,BL/T24,ns,ns,ns/ns,GUT
GGB3815_SGB5180,0.00218506331542956,Value,BL,T24,20,20,106,0.985,-0.232219464342556,0.229620255481133,Wilcoxon,two.sided,1,-2.74302012173187,-2.7534442557161,-0.0103701773431532,BL/T24,ns,ns,ns/ns,GUT
GGB3819_SGB5184,-0.0933245914387298,Value,BL,T24,20,20,85,0.475,-0.270484876370556,0.132220526945126,Wilcoxon,two.sided,1,-2.80475281997179,-2.72387225069166,0.07777605085151,BL/T24,ns,ns,ns/ns,GUT
GGB3828_SGB5197,0.0890642134933839,Value,BL,T24,20,20,122,0.546,-0.257723871367081,0.424598375004571,Wilcoxon,two.sided,1,-2.71846008310567,-2.78914374272639,-0.0682973786672192,BL/T24,ns,ns,ns/ns,GUT
GGB42994_SGB4746,-0.088223563990635,Value,BL,T24,20,20,86,0.498,-0.283927020995702,0.136760242546533,Wilcoxon,two.sided,1,-2.80427808889071,-2.73886491849398,0.0633626773510682,BL/T24,ns,ns,ns/ns,GUT
GGB4578_SGB6328,0.00142786040924636,Value,BL,T24,20,20,105,1,-0.187940418249871,0.197322090809955,Wilcoxon,two.sided,1,-2.76970378269927,-2.76942501364763,0.000278730202758268,BL/T24,ns,ns,ns/ns,GUT
GGB4596_SGB6358,0.171232487493091,Value,BL,T24,20,20,138,0.231,-0.0754017773733164,0.355119352770627,Wilcoxon,two.sided,1,-2.62720868557177,-2.78204331592418,-0.143957156538867,BL/T24,ns,ns,ns/ns,GUT
GGB4599_SGB6362,0.11446153534029,Value,BL,T24,20,20,143,0.165,-0.0765028174006921,0.318238163520075,Wilcoxon,two.sided,1,-2.65622102920549,-2.76270219566472,-0.101184859541002,BL/T24,ns,ns,ns/ns,GUT
GGB4605_SGB6376,0.1466171990043,Value,BL,T24,20,20,127,0.43,-0.118636424128087,0.458362858563226,Wilcoxon,two.sided,1,-2.78103177914085,-2.93608807390455,-0.144149082841152,BL/T24,ns,ns,ns/ns,GUT
GGB4651_SGB6438,0.0256949520225775,Value,BL,T24,20,20,111,0.841,-0.167177081322676,0.199848959995058,Wilcoxon,two.sided,1,-2.73729761260178,-2.79878959932032,-0.0596754531157624,BL/T24,ns,ns,ns/ns,GUT
GGB4684_SGB6478,0.0810239523627528,Value,BL,T24,20,20,117,0.674,-0.206640448164807,0.315861674625939,Wilcoxon,two.sided,1,-2.67447769962198,-2.70711664387934,-0.0321176075085359,BL/T24,ns,ns,ns/ns,GUT
GGB51269_SGB5062,-0.124324002428802,Value,BL,T24,20,20,82,0.409,-0.376625838337547,0.141143164431214,Wilcoxon,two.sided,1,-2.84751878236202,-2.72285789810802,0.117481553996684,BL/T24,ns,ns,ns/ns,GUT
GGB51647_SGB4348,0.0472760601524936,Value,BL,T24,20,20,115,0.729,-0.257180909901498,0.407788455710194,Wilcoxon,two.sided,1,-2.62956377793803,-2.70903685170716,-0.0764730274185841,BL/T24,ns,ns,ns/ns,GUT
GGB51884_SGB49168,-0.154574964952725,Value,BL,T24,20,20,60,0.0973,-0.359863116917489,0.0493094301668004,Wilcoxon,two.sided,1,-2.85050415971965,-2.6943760374238,0.145076596544578,BL/T24,ns,ns,ns/ns,GUT
GGB53985_SGB6367,-0.127830180272542,Value,BL,T24,20,20,69,0.189,-0.251588694608437,0.120794893187021,Wilcoxon,two.sided,1,-2.76570308841619,-2.70358538974704,0.0602647440509272,BL/T24,ns,ns,ns/ns,GUT
GGB58714_SGB5072,0.0765668880037882,Value,BL,T24,20,20,122,0.546,-0.207762205421023,0.323113012782548,Wilcoxon,two.sided,1,-2.78358685051339,-2.86530567346404,-0.0785512787698273,BL/T24,ns,ns,ns/ns,GUT
GGB6569_SGB9281,0.113470347925643,Value,BL,T24,20,20,134,0.294,-0.18422670159079,0.317992410745945,Wilcoxon,two.sided,1,-2.59828563546444,-2.72652891498426,-0.120661803154888,BL/T24,ns,ns,ns/ns,GUT
GGB79734_SGB15291,-0.252538856553857,Value,BL,T24,20,20,73,0.245,-0.604915212876921,0.181132967365457,Wilcoxon,two.sided,1,-2.94133338823969,-2.73145818469658,0.190517216721929,BL/T24,ns,ns,ns/ns,GUT
GGB79916_SGB4587,-0.185848961669758,Value,BL,T24,20,20,75,0.277,-0.529299980416729,0.135632848605655,Wilcoxon,two.sided,1,-2.89747056681564,-2.67971741588818,0.197007481200624,BL/T24,ns,ns,ns/ns,GUT
GGB80011_SGB15265,-0.0556923403349204,Value,BL,T24,20,20,91,0.622,-0.295574516167445,0.166030667293732,Wilcoxon,two.sided,1,-2.89897353600237,-2.81994588155961,0.0760603156442813,BL/T24,ns,ns,ns/ns,GUT
GGB80011_SGB15267,0.0009951698053694,Value,BL,T24,20,20,105,1,-0.242242065396518,0.207573206272895,Wilcoxon,two.sided,1,-2.82388764825384,-2.82725162105463,-0.00335832730161615,BL/T24,ns,ns,ns/ns,GUT
GGB9061_SGB13979,-0.0772366405586197,Value,BL,T24,20,20,94,0.701,-0.462248062491074,0.30676210307519,Wilcoxon,two.sided,1,-2.86100660028472,-2.80200390553593,0.0573276112324531,BL/T24,ns,ns,ns/ns,GUT
GGB9062_SGB13981,-0.180605228615489,Value,BL,T24,20,20,71,0.216,-0.436726120569071,0.0757837074027714,Wilcoxon,two.sided,1,-2.93254020317998,-2.75699955756125,0.161728165702404,BL/T24,ns,ns,ns/ns,GUT
GGB9063_SGB13982,-0.0452818780564493,Value,BL,T24,20,20,93,0.674,-0.383899934866371,0.276027923046533,Wilcoxon,two.sided,1,-2.89676508651706,-2.85209870824078,0.0436975792059591,BL/T24,ns,ns,ns/ns,GUT
GGB9302_SGB14263,0.13507240826736,Value,BL,T24,20,20,130,0.368,-0.169120101970001,0.340775734162657,Wilcoxon,two.sided,1,-2.76172077465279,-2.8541188033497,-0.0883753060541908,BL/T24,ns,ns,ns/ns,GUT
GGB9342_SGB14306,-0.0792600935879963,Value,BL,T24,20,20,87,0.522,-0.468747001910735,0.149374059859829,Wilcoxon,two.sided,1,-2.80737601077139,-2.65061497542567,0.145623888716861,BL/T24,ns,ns,ns/ns,GUT
GGB9345_SGB14311,-0.0466398550327178,Value,BL,T24,20,20,97,0.784,-0.307823483128252,0.323245812375881,Wilcoxon,two.sided,1,-2.84084236004712,-2.82543734113217,0.0152875663148328,BL/T24,ns,ns,ns/ns,GUT
GGB9480_SGB14874,0.105477013498489,Value,BL,T24,20,20,138,0.231,-0.120012883102448,0.304580064620661,Wilcoxon,two.sided,1,-2.74644180505429,-2.87687427157796,-0.122600273245789,BL/T24,ns,ns,ns/ns,GUT
GGB9524_SGB14924,-0.216318188248019,Value,BL,T24,20,20,51,0.0441,-0.432249098411557,-0.00145332057410696,Wilcoxon,two.sided,1,-2.90740621943539,-2.60792444454021,0.261965550295544,BL/T24,ns,*,*/ns,GUT
GGB9593_SGB15015,0.167040752407793,Value,BL,T24,20,20,142,0.177,-0.0802101567473301,0.349489194428132,Wilcoxon,two.sided,1,-2.63394565866559,-2.76771557577264,-0.125548289752266,BL/T24,ns,ns,ns/ns,GUT
GGB9595_SGB15019,-0.00501514976236039,Value,BL,T24,20,20,104,0.985,-0.306232147085458,0.266922127138296,Wilcoxon,two.sided,1,-2.777436520041,-2.75302801619173,0.0241153766063829,BL/T24,ns,ns,ns/ns,GUT
GGB9602_SGB15028,-0.207613847357591,Value,BL,T24,20,20,59,0.0897,-0.449300775998539,0.0142135805974517,Wilcoxon,two.sided,1,-2.90718257927182,-2.68711347258163,0.198907501968938,BL/T24,ns,ns,ns/ns,GUT
GGB9602_SGB15031,-0.0422399511375062,Value,BL,T24,20,20,95,0.729,-0.303905885552971,0.185437507492067,Wilcoxon,two.sided,1,-2.74541849889137,-2.66571430648345,0.0766871077011913,BL/T24,ns,ns,ns/ns,GUT
GGB9614_SGB15049,0.0642395780277698,Value,BL,T24,20,20,113,0.784,-0.255207745521557,0.467135443026623,Wilcoxon,two.sided,1,-2.79767935977257,-2.91550984986582,-0.11138974435858,BL/T24,ns,ns,ns/ns,GUT
GGB9616_SGB15051,-0.0839418206439484,Value,BL,T24,20,20,93,0.674,-0.349482104323776,0.260830736435095,Wilcoxon,two.sided,1,-2.7316303984738,-2.72410716857658,0.00749507154284637,BL/T24,ns,ns,ns/ns,GUT
GGB9616_SGB15052,-0.280031856045361,Value,BL,T24,20,20,50,0.04,-0.610825144235894,-0.0466915182419265,Wilcoxon,two.sided,1,-3.03055023825307,-2.72883225055224,0.263684921017241,BL/T24,ns,*,*/ns,GUT
GGB9627_SGB15081,0.0481370128434387,Value,BL,T24,20,20,117,0.674,-0.193490303499514,0.308961326076156,Wilcoxon,two.sided,1,-2.72419169245931,-2.81427999599106,-0.0862587053741723,BL/T24,ns,ns,ns/ns,GUT
GGB9634_SGB15093,0.011119226592326,Value,BL,T24,20,20,108,0.927,-0.27825485937075,0.402935860796107,Wilcoxon,two.sided,1,-2.65898747859338,-2.77983739867347,-0.11408725473482,BL/T24,ns,ns,ns/ns,GUT
GGB9635_SGB15103,0.16459296565626,Value,BL,T24,20,20,143,0.165,-0.0391694296152789,0.411087832656183,Wilcoxon,two.sided,1,-2.74934665649574,-2.91837519253007,-0.156173092828716,BL/T24,ns,ns,ns/ns,GUT
GGB9635_SGB15106,0.053780973313291,Value,BL,T24,20,20,109,0.898,-0.380791758543218,0.437883798212336,Wilcoxon,two.sided,1,-2.90573019945925,-2.92345222003884,-0.0175668165758353,BL/T24,ns,ns,ns/ns,GUT
GGB9677_SGB15180,-0.148010804325808,Value,BL,T24,20,20,73,0.245,-0.424506449930846,0.117810652617231,Wilcoxon,two.sided,1,-2.78376542029691,-2.62181498723396,0.150100000947569,BL/T24,ns,ns,ns/ns,GUT
GGB9691_SGB15198,0.00865119616625953,Value,BL,T24,20,20,106,0.985,-0.330115803181856,0.456110047425277,Wilcoxon,two.sided,1,-2.93843437347778,-3.02938584080189,-0.0870502212822818,BL/T24,ns,ns,ns/ns,GUT
GGB9699_SGB15216,0.260974685058131,Value,BL,T24,20,20,140,0.202,-0.114344382413989,0.669050578349625,Wilcoxon,two.sided,1,-2.74373356031102,-2.99848305987424,-0.22693595071897,BL/T24,ns,ns,ns/ns,GUT
GGB9707_SGB15229,-0.00463434771562143,Value,BL,T24,20,20,103,0.956,-0.304521839770987,0.27864395831046,Wilcoxon,two.sided,1,-2.78497382118611,-2.77912176230184,0.00583500210019611,BL/T24,ns,ns,ns/ns,GUT
GGB9708_SGB15233,0.076195925195674,Value,BL,T24,20,20,122,0.546,-0.142084288557086,0.352981691672678,Wilcoxon,two.sided,1,-2.97373290584947,-3.01306428307983,-0.0385775998909968,BL/T24,ns,ns,ns/ns,GUT
GGB9708_SGB15234,-0.142101865830177,Value,BL,T24,20,20,75,0.277,-0.451108683161153,0.122940153614755,Wilcoxon,two.sided,1,-2.90635396999948,-2.75421751356695,0.141618007023196,BL/T24,ns,ns,ns/ns,GUT
GGB9712_SGB15244,0.0119697769601161,Value,BL,T24,20,20,106,0.985,-0.265054433283141,0.229125800201916,Wilcoxon,two.sided,1,-2.6933658759169,-2.68726803494194,0.00607932437873315,BL/T24,ns,ns,ns/ns,GUT
GGB9713_SGB15249,0.0281259444183639,Value,BL,T24,20,20,110,0.869,-0.275615920983545,0.349761900087301,Wilcoxon,two.sided,1,-2.78072316275851,-2.79242137269388,-0.0116303148650595,BL/T24,ns,ns,ns/ns,GUT
GGB9747_SGB15356,-0.0915162694447157,Value,BL,T24,20,20,83,0.43,-0.374249284415949,0.277854204020836,Wilcoxon,two.sided,1,-2.91628859797117,-2.8632562004599,0.0516739995458494,BL/T24,ns,ns,ns/ns,GUT
GGB9758_SGB15368,-0.0658418568992599,Value,BL,T24,20,20,93,0.674,-0.334718062691916,0.132851865531812,Wilcoxon,two.sided,1,-2.71635343498081,-2.633323090575,0.0797629864682663,BL/T24,ns,ns,ns/ns,GUT
GGB9760_SGB15373,-0.279814653074732,Value,BL,T24,20,20,57,0.0759,-0.599682856847549,0.0501535548706746,Wilcoxon,two.sided,1,-3.1768636515152,-2.91241989989503,0.234632303434012,BL/T24,ns,ns,ns/ns,GUT
GGB9760_SGB15374,0.0169928562335483,Value,BL,T24,20,20,108,0.927,-0.16587362938364,0.237768852403255,Wilcoxon,two.sided,1,-2.71164224470664,-2.77746627701186,-0.0637482392332198,BL/T24,ns,ns,ns/ns,GUT
GGB9813_SGB15447,-0.00945751977249532,Value,BL,T24,20,20,104,0.985,-0.358653645247793,0.366153624865557,Wilcoxon,two.sided,1,-2.81083509985158,-2.8179203691504,-0.00706028671445317,BL/T24,ns,ns,ns/ns,GUT
Haemophilus_parainfluenzae,0.127026980411516,Value,BL,T24,20,20,138,0.231,-0.106361790569274,0.359467176809756,Wilcoxon,two.sided,1,-2.60342757518617,-2.74385789883034,-0.131405668060778,BL/T24,ns,ns,ns/ns,GUT
Holdemanella_biformis,-0.150955084164278,Value,BL,T24,20,20,67,0.165,-0.431042041389202,0.0578456529511868,Wilcoxon,two.sided,1,-2.80498264256517,-2.59486254378147,0.190719609876314,BL/T24,ns,ns,ns/ns,GUT
Holdemanella_porci,0.274140204546799,Value,BL,T24,20,20,151,0.0897,-0.0408062207241504,0.450824315205913,Wilcoxon,two.sided,1,-2.80585798922753,-2.96484004692826,-0.147542083392853,BL/T24,ns,ns,ns/ns,GUT
Holdemania_filiformis,0.13602215623232,Value,BL,T24,20,20,140,0.202,-0.0909027288493425,0.352818670890057,Wilcoxon,two.sided,1,-2.68108213347468,-2.83876896570737,-0.146423904089273,BL/T24,ns,ns,ns/ns,GUT
Holdemania_massiliensis,0.208047355643372,Value,BL,T24,20,20,123,0.522,-0.18740092501347,0.487138863745387,Wilcoxon,two.sided,1,-2.90440226457232,-3.03068886116788,-0.118926023614982,BL/T24,ns,ns,ns/ns,GUT
Hungatella_hathewayi,-0.0373458529840512,Value,BL,T24,20,20,102,0.927,-0.39532241246486,0.264934255619145,Wilcoxon,two.sided,1,-2.80185441077227,-2.68556692779191,0.110008432022498,BL/T24,ns,ns,ns/ns,GUT
Hydrogenoanaerobacterium_saccharovorans,0.0582708705074197,Value,BL,T24,20,20,111,0.841,-0.28043405245669,0.426372517639006,Wilcoxon,two.sided,1,-2.75404761943994,-2.86816414622625,-0.108061738176783,BL/T24,ns,ns,ns/ns,GUT
Intestinibacter_bartlettii,0.181897284282608,Value,BL,T24,20,20,141,0.189,-0.122295683869957,0.440619028705399,Wilcoxon,two.sided,1,-2.79939472335807,-2.92231514529809,-0.115932811215216,BL/T24,ns,ns,ns/ns,GUT
Intestinimonas_butyriciproducens,-0.140542772515795,Value,BL,T24,20,20,86,0.498,-0.527132510011182,0.331842596317233,Wilcoxon,two.sided,1,-2.89305530139925,-2.86104110946656,0.0315124188375846,BL/T24,ns,ns,ns/ns,GUT
Intestinimonas_massiliensis,-0.205753154001301,Value,BL,T24,20,20,69,0.189,-0.482987061077666,0.0955057155194483,Wilcoxon,two.sided,1,-2.89179062923349,-2.80345971194277,0.0846452541105514,BL/T24,ns,ns,ns/ns,GUT
Klebsiella_pneumoniae,-0.180143756411498,Value,BL,T24,20,20,64,0.133,-0.520314029975601,0.0628045836898909,Wilcoxon,two.sided,1,-2.84663750945963,-2.62388881213247,0.201101355073571,BL/T24,ns,ns,ns/ns,GUT
Klebsiella_quasipneumoniae,0.0820706278194493,Value,BL,T24,20,20,131,0.349,-0.101104003178801,0.257512488674968,Wilcoxon,two.sided,1,-2.69217339971455,-2.76429122598792,-0.0696359691771104,BL/T24,ns,ns,ns/ns,GUT
Klebsiella_variicola,0.00444988487874221,Value,BL,T24,20,20,106,0.985,-0.264765333571804,0.212374742932299,Wilcoxon,two.sided,1,-2.74434790198952,-2.73336050500372,0.0109274740712268,BL/T24,ns,ns,ns/ns,GUT
Lachnospira_eligens,0.00550225205009558,Value,BL,T24,20,20,106,0.985,-0.244274840893162,0.370324335293189,Wilcoxon,two.sided,1,-2.41043341996603,-2.49410120526892,-0.0803513849227887,BL/T24,ns,ns,ns/ns,GUT
Lachnospira_pectinoschiza,0.257439561970938,Value,BL,T24,20,20,136,0.261,-0.170327566343601,0.626897583057714,Wilcoxon,two.sided,1,-2.42991762738454,-2.65034667035779,-0.199202471490398,BL/T24,ns,ns,ns/ns,GUT
Lachnospira_sp_NSJ_43,0.0846615472893153,Value,BL,T24,20,20,118,0.648,-0.263255135343528,0.401366907457816,Wilcoxon,two.sided,1,-2.60942598541454,-2.70039182944785,-0.0870633993336471,BL/T24,ns,ns,ns/ns,GUT
Lachnospiraceae_bacterium_AM48_27BH,0.0571542735773174,Value,BL,T24,20,20,119,0.622,-0.142313885946675,0.272389659689882,Wilcoxon,two.sided,1,-2.67017547375506,-2.76853063919594,-0.093813756576715,BL/T24,ns,ns,ns/ns,GUT
Lachnospiraceae_bacterium_BX3,-0.160905004321045,Value,BL,T24,20,20,76,0.294,-0.465905506937857,0.126821642595511,Wilcoxon,two.sided,1,-2.94421426842703,-2.71890110722168,0.203196453126182,BL/T24,ns,ns,ns/ns,GUT
Lachnospiraceae_bacterium_Marseille_Q4251,-0.0437586286775146,Value,BL,T24,20,20,94,0.701,-0.256764582964152,0.244414801699782,Wilcoxon,two.sided,1,-2.8157289456755,-2.86074953701508,-0.0440365898538173,BL/T24,ns,ns,ns/ns,GUT
Lachnospiraceae_bacterium_OM04_12BH,-0.0574995346702174,Value,BL,T24,20,20,94,0.701,-0.280517590487902,0.254024821385995,Wilcoxon,two.sided,1,-2.84077542306999,-2.87843324775391,-0.0369660817308895,BL/T24,ns,ns,ns/ns,GUT
Lacrimispora_amygdalina,-0.0467880652769618,Value,BL,T24,20,20,95,0.729,-0.269188194241724,0.16394339560675,Wilcoxon,two.sided,1,-2.68718636148772,-2.63110397406383,0.0545662006346307,BL/T24,ns,ns,ns/ns,GUT
Lacrimispora_celerecrescens,0.058016940400076,Value,BL,T24,20,20,118,0.648,-0.164143757088101,0.302823413059573,Wilcoxon,two.sided,1,-2.71255525118888,-2.78731774526181,-0.0720997014236199,BL/T24,ns,ns,ns/ns,GUT
Lacrimispora_saccharolytica,-0.0527036048116836,Value,BL,T24,20,20,90,0.596,-0.325741833079548,0.216433964072539,Wilcoxon,two.sided,1,-2.77604638424713,-2.7420915365565,0.0333911075221721,BL/T24,ns,ns,ns/ns,GUT
Lawsonibacter_asaccharolyticus,0.153722553246059,Value,BL,T24,20,20,152,0.0826,-0.0209399210004058,0.379308974077821,Wilcoxon,two.sided,1,-2.67085312979878,-2.8357255339483,-0.152611556684259,BL/T24,ns,ns,ns/ns,GUT
Longicatena_caecimuris,-0.0990148652334986,Value,BL,T24,20,20,92,0.648,-0.43433902694556,0.307203902540941,Wilcoxon,two.sided,1,-2.903195879731,-2.86059391729497,0.0417194756021862,BL/T24,ns,ns,ns/ns,GUT
Megamonas_funiformis,-0.0682730273409452,Value,BL,T24,20,20,100,0.869,-0.394025868678783,0.268312917385596,Wilcoxon,two.sided,1,-2.6807743091596,-2.59719717143926,0.0802677325569314,BL/T24,ns,ns,ns/ns,GUT
Megasphaera_sp_NM10,-0.0194579934213887,Value,BL,T24,20,20,102,0.927,-0.399815494697435,0.267308943879253,Wilcoxon,two.sided,1,-2.80499555697326,-2.72391737240782,0.0779588621891583,BL/T24,ns,ns,ns/ns,GUT
Mesosutterella_multiformis,0.105142133722401,Value,BL,T24,20,20,129,0.388,-0.120450411886329,0.429155950838991,Wilcoxon,two.sided,1,-2.66515550305731,-2.79745937449108,-0.124254381420385,BL/T24,ns,ns,ns/ns,GUT
Negativibacillus_massiliensis,-0.0973744997210372,Value,BL,T24,20,20,77,0.312,-0.483449523209882,0.163448978490941,Wilcoxon,two.sided,1,-2.940349037632,-2.76386370426426,0.162531462781811,BL/T24,ns,ns,ns/ns,GUT
Odoribacter_sp_AF15_53,-0.0136514385919189,Value,BL,T24,20,20,104,0.985,-0.262720191832324,0.307905488725172,Wilcoxon,two.sided,1,-2.7274008965979,-2.76977852797509,-0.0415042878273304,BL/T24,ns,ns,ns/ns,GUT
Odoribacter_splanchnicus,0.0203206031683375,Value,BL,T24,20,20,115,0.729,-0.122489235004493,0.170173579119358,Wilcoxon,two.sided,1,-2.7052684555133,-2.72234335866519,-0.0169307654377805,BL/T24,ns,ns,ns/ns,GUT
Oscillibacter_sp_ER4,-0.0646494536354854,Value,BL,T24,20,20,83,0.43,-0.326252175804463,0.186251012148795,Wilcoxon,two.sided,1,-2.74646520047548,-2.5956316908333,0.140486470834212,BL/T24,ns,ns,ns/ns,GUT
Oscillospiraceae_bacterium_Marseille_Q3528,-0.137258381771157,Value,BL,T24,20,20,79,0.349,-0.454750596568591,0.169445463785673,Wilcoxon,two.sided,1,-2.96835221880331,-2.87846538177196,0.0860738716141646,BL/T24,ns,ns,ns/ns,GUT
Oscillospiraceae_bacterium_N12,-0.248498833335128,Value,BL,T24,20,20,71,0.216,-0.601862402775635,0.136252085748056,Wilcoxon,two.sided,1,-3.03932455156778,-2.78027346036271,0.230358335021253,BL/T24,ns,ns,ns/ns,GUT
Oscillospiraceae_unclassified_SGB15252,0.180808729314884,Value,BL,T24,20,20,146,0.133,-0.103138368901898,0.71440916148507,Wilcoxon,two.sided,1,-2.68100350178107,-2.89118846313264,-0.19077320854779,BL/T24,ns,ns,ns/ns,GUT
Oscillospiraceae_unclassified_SGB15256,-0.173138147057564,Value,BL,T24,20,20,95,0.729,-0.597049959936252,0.347134387540309,Wilcoxon,two.sided,1,-2.92520141790502,-2.84378149812701,0.0782749181567668,BL/T24,ns,ns,ns/ns,GUT
Parabacteroides_distasonis,-0.0376194152056424,Value,BL,T24,20,20,98,0.812,-0.226632684930559,0.179472535849331,Wilcoxon,two.sided,1,-2.2822039797963,-2.26523928454404,0.0168224018643095,BL/T24,ns,ns,ns/ns,GUT
Parabacteroides_faecis,-0.108078162829293,Value,BL,T24,20,20,71,0.216,-0.378820776049732,0.0951798214515793,Wilcoxon,two.sided,1,-2.95142345019489,-2.78010642346106,0.158128779600201,BL/T24,ns,ns,ns/ns,GUT
Parabacteroides_goldsteinii,-0.189287576674611,Value,BL,T24,20,20,76,0.294,-0.50958679555749,0.0639264375177166,Wilcoxon,two.sided,1,-2.87245741570461,-2.63150824483847,0.215876547177487,BL/T24,ns,ns,ns/ns,GUT
Parabacteroides_johnsonii,0.0448594654790313,Value,BL,T24,20,20,115,0.729,-0.244108962772968,0.351432880122022,Wilcoxon,two.sided,1,-2.70569741565634,-2.76952669059199,-0.0618749221574783,BL/T24,ns,ns,ns/ns,GUT
Parabacteroides_merdae,-0.106487579441994,Value,BL,T24,20,20,77,0.312,-0.367396326391295,0.16705926240193,Wilcoxon,two.sided,1,-2.53985753675448,-2.44234287145343,0.0930482283390056,BL/T24,ns,ns,ns/ns,GUT
Parabacteroides_sp_TM07_1AC,0.248681906902255,Value,BL,T24,20,20,142,0.177,-0.0769341480177186,0.629775790719452,Wilcoxon,two.sided,1,-2.74029576945124,-3.01147774757868,-0.239947159084684,BL/T24,ns,ns,ns/ns,GUT
Paraprevotella_clara,0.0222898369849015,Value,BL,T24,20,20,110,0.869,-0.357968438976489,0.299708792199384,Wilcoxon,two.sided,1,-2.80733760313597,-2.75871988962637,0.0474728335461385,BL/T24,ns,ns,ns/ns,GUT
Parasutterella_excrementihominis,-0.00254860122985101,Value,BL,T24,20,20,104,0.985,-0.106335311457339,0.191108023027675,Wilcoxon,two.sided,1,-2.72841813896782,-2.76768150848662,-0.0385121636517452,BL/T24,ns,ns,ns/ns,GUT
Parasutterella_SGB9260,-0.0703358839194215,Value,BL,T24,20,20,84,0.452,-0.376992561396015,0.114523592524497,Wilcoxon,two.sided,1,-2.81086240053746,-2.66009717606348,0.140427133672434,BL/T24,ns,ns,ns/ns,GUT
Phascolarctobacterium_faecium,0.0300685923548086,Value,BL,T24,20,20,111,0.841,-0.229324982118086,0.177430590194347,Wilcoxon,two.sided,1,-2.47915339451622,-2.41810882551238,0.0592538653507622,BL/T24,ns,ns,ns/ns,GUT
Phascolarctobacterium_SGB5790,-0.173009765283999,Value,BL,T24,20,20,74,0.261,-0.44070044998087,0.127861688826601,Wilcoxon,two.sided,1,-2.86071285593611,-2.7014430783969,0.147790304777247,BL/T24,ns,ns,ns/ns,GUT
Phascolarctobacterium_succinatutens,-0.120928081538261,Value,BL,T24,20,20,83,0.43,-0.357641662824035,0.119746971755923,Wilcoxon,two.sided,1,-2.77526087670183,-2.66963023247939,0.10041589092504,BL/T24,ns,ns,ns/ns,GUT
Phocaeicola_coprocola,-0.196817022747778,Value,BL,T24,20,20,79,0.349,-0.702200352488625,0.187238189795886,Wilcoxon,two.sided,1,-2.77596634780682,-2.49440272784795,0.248080910504956,BL/T24,ns,ns,ns/ns,GUT
Phocaeicola_coprophilus,-0.0529113685950887,Value,BL,T24,20,20,96,0.756,-0.346291674057235,0.250851280921092,Wilcoxon,two.sided,1,-2.88352596228825,-2.81860495848123,0.0629006215812118,BL/T24,ns,ns,ns/ns,GUT
Phocaeicola_dorei,0.00238759418611889,Value,BL,T24,20,20,106,0.985,-0.281430000203324,0.215710866955858,Wilcoxon,two.sided,1,-2.44790809604328,-2.4080200772428,0.0391130331256805,BL/T24,ns,ns,ns/ns,GUT
Phocaeicola_massiliensis,0.144465979471936,Value,BL,T24,20,20,128,0.409,-0.279102599861807,0.444404991316767,Wilcoxon,two.sided,1,-2.6601132741959,-2.69475906183319,-0.0340591339749799,BL/T24,ns,ns,ns/ns,GUT
Phocaeicola_plebeius,0.159472396649154,Value,BL,T24,20,20,153,0.0759,-0.0318910416264265,0.384794051366465,Wilcoxon,two.sided,1,-2.23434148975922,-2.49767422689635,-0.233753258502997,BL/T24,ns,ns,ns/ns,GUT
Phocaeicola_SGB6473,-0.0630518941864616,Value,BL,T24,20,20,90,0.596,-0.358381280040059,0.270530938911583,Wilcoxon,two.sided,1,-2.88335134675945,-2.82299509341621,0.0586049397186951,BL/T24,ns,ns,ns/ns,GUT
Phocaeicola_vulgatus,-0.00682716743343043,Value,BL,T24,20,20,102,0.927,-0.252679326332145,0.281672541799909,Wilcoxon,two.sided,1,-1.86484470118556,-1.86275703539739,0.00208548964212711,BL/T24,ns,ns,ns/ns,GUT
Prevotella_bivia,-0.0927772099623392,Value,BL,T24,20,20,86,0.498,-0.498640265276105,0.22446712208477,Wilcoxon,two.sided,1,-2.83570365287773,-2.73231288546279,0.0983879544249056,BL/T24,ns,ns,ns/ns,GUT
Prevotella_copri_clade_A,0.293719849735575,Value,BL,T24,20,20,162,0.0328,0.0352268811950645,0.493569790362411,Wilcoxon,two.sided,1,-2.58952282030864,-2.82112459211809,-0.208315575691285,BL/T24,ns,*,*/ns,GUT
Prevotella_copri_clade_C,-0.240956661278336,Value,BL,T24,20,20,63,0.123,-0.592237520058605,0.063200975605604,Wilcoxon,two.sided,1,-2.72940775795831,-2.43505718436468,0.25800908179206,BL/T24,ns,ns,ns/ns,GUT
Prevotella_corporis,-0.107614132931975,Value,BL,T24,20,20,92,0.648,-0.444868513786734,0.223434838983567,Wilcoxon,two.sided,1,-2.90995887572921,-2.76502865125098,0.135343695829007,BL/T24,ns,ns,ns/ns,GUT
Prevotella_disiens,-0.122076365950569,Value,BL,T24,20,20,90,0.596,-0.492589871924867,0.464169777183731,Wilcoxon,two.sided,1,-2.90068620392117,-2.94392455465059,-0.0423296741002415,BL/T24,ns,ns,ns/ns,GUT
Prevotella_stercorea,0.0387241786794122,Value,BL,T24,20,20,112,0.812,-0.341502971634882,0.403894983981664,Wilcoxon,two.sided,1,-2.66402329471452,-2.72461920375203,-0.0588309284982132,BL/T24,ns,ns,ns/ns,GUT
Prevotella_timonensis,-0.183404827586433,Value,BL,T24,20,20,68,0.177,-0.453903741608287,0.0983443290658841,Wilcoxon,two.sided,1,-2.8403080158897,-2.70459954848793,0.127256656555343,BL/T24,ns,ns,ns/ns,GUT
Pseudoruminococcus_massiliensis,-0.209646790700391,Value,BL,T24,20,20,59,0.0897,-0.511880400526951,0.0422206158091056,Wilcoxon,two.sided,1,-2.92378056372812,-2.66828078351686,0.227533724554763,BL/T24,ns,ns,ns/ns,GUT
Rheinheimera_SGB14999,0.0398380049435806,Value,BL,T24,20,20,113,0.784,-0.251649315336056,0.290459308470021,Wilcoxon,two.sided,1,-2.9029871582331,-2.94938777690739,-0.0453562929613347,BL/T24,ns,ns,ns/ns,GUT
Romboutsia_timonensis,-0.190207474604387,Value,BL,T24,20,20,55,0.0637,-0.422920458061346,0.00348297225467098,Wilcoxon,two.sided,1,-2.91978362081712,-2.69780324795429,0.200472799133377,BL/T24,ns,ns,ns/ns,GUT
Roseburia_faecis,-0.0778773530018665,Value,BL,T24,20,20,92,0.648,-0.496754370733588,0.24453932013503,Wilcoxon,two.sided,1,-2.68824165569876,-2.53009145286337,0.146824079578194,BL/T24,ns,ns,ns/ns,GUT
Roseburia_hominis,-0.0767751641338967,Value,BL,T24,20,20,84,0.452,-0.304953783912426,0.220051435199791,Wilcoxon,two.sided,1,-2.78504000495115,-2.74830291020212,0.036078372272357,BL/T24,ns,ns,ns/ns,GUT
Roseburia_intestinalis,0.207673333346458,Value,BL,T24,20,20,137,0.245,-0.226049624337221,0.634002559598684,Wilcoxon,two.sided,1,-2.56845512258413,-2.78835538818031,-0.198769105892171,BL/T24,ns,ns,ns/ns,GUT
Roseburia_inulinivorans,-0.0615909132820198,Value,BL,T24,20,20,86,0.498,-0.409856847540315,0.2118624569335,Wilcoxon,two.sided,1,-2.5211283855304,-2.43038782204872,0.086856881580703,BL/T24,ns,ns,ns/ns,GUT
Roseburia_sp_AF02_12,0.0344170456349158,Value,BL,T24,20,20,113,0.784,-0.246734226801993,0.406083240103326,Wilcoxon,two.sided,1,-2.74126322405216,-2.82954005398154,-0.0845955553428987,BL/T24,ns,ns,ns/ns,GUT
Roseburia_sp_AM16_25,0.000769057346107105,Value,BL,T24,20,20,105,1,-0.307157498075741,0.301839554047522,Wilcoxon,two.sided,1,-2.86426009699379,-2.85579254208113,0.00843190626610913,BL/T24,ns,ns,ns/ns,GUT
Roseburia_sp_AM23_20,-0.120671111954732,Value,BL,T24,20,20,86,0.498,-0.34055641235367,0.20040549102853,Wilcoxon,two.sided,1,-2.77041552176733,-2.64488871296398,0.118251200541969,BL/T24,ns,ns,ns/ns,GUT
Roseburia_sp_AM59_24XD,-0.0441510350017309,Value,BL,T24,20,20,95,0.729,-0.343456417086328,0.244149847758302,Wilcoxon,two.sided,1,-2.797528335165,-2.81927089490216,-0.021509561553828,BL/T24,ns,ns,ns/ns,GUT
Ruminococcus_bicirculans,-0.0933091625432455,Value,BL,T24,20,20,85,0.475,-0.380980302422137,0.160556553055669,Wilcoxon,two.sided,1,-2.56267380239724,-2.45161951489487,0.1053093731022,BL/T24,ns,ns,ns/ns,GUT
Ruminococcus_bovis,-0.0904897232688858,Value,BL,T24,20,20,86,0.498,-0.338199264065392,0.186563209828158,Wilcoxon,two.sided,1,-2.85778368212349,-2.79305809816342,0.06271709831625,BL/T24,ns,ns,ns/ns,GUT
Ruminococcus_bromii,0.139364362838964,Value,BL,T24,20,20,141,0.189,-0.0519250774893509,0.363101363170372,Wilcoxon,two.sided,1,-2.3830305665645,-2.5402797824746,-0.146045823383193,BL/T24,ns,ns,ns/ns,GUT
Ruminococcus_callidus,0.0347135940326552,Value,BL,T24,20,20,116,0.701,-0.30174996060591,0.319285955254843,Wilcoxon,two.sided,1,-2.88765892453996,-2.80312372237051,0.0811515101120297,BL/T24,ns,ns,ns/ns,GUT
Ruminococcus_gnavus,0.173496262473969,Value,BL,T24,20,20,141,0.189,-0.125550414008018,0.431497869909805,Wilcoxon,two.sided,1,-2.52639922109416,-2.67227850926763,-0.13617227956266,BL/T24,ns,ns,ns/ns,GUT
Ruminococcus_lactaris,0.0329328016302881,Value,BL,T24,20,20,110,0.869,-0.245360129065309,0.284625350114731,Wilcoxon,two.sided,1,-2.65095245111716,-2.67777349858647,-0.0264676679244739,BL/T24,ns,ns,ns/ns,GUT
Ruminococcus_SGB4421,-0.0922462760486192,Value,BL,T24,20,20,91,0.622,-0.383262827792485,0.228278075665355,Wilcoxon,two.sided,1,-2.78933159116144,-2.73535986271337,0.0525656266551231,BL/T24,ns,ns,ns/ns,GUT
Ruminococcus_sp_AF13_28,0.0132436403011192,Value,BL,T24,20,20,106,0.985,-0.256942329272608,0.240640013738003,Wilcoxon,two.sided,1,-2.69875719358577,-2.65066388148205,0.0469726202020871,BL/T24,ns,ns,ns/ns,GUT
Ruminococcus_sp_BSD2780120874_150323_B10,0.184138930970168,Value,BL,T24,20,20,125,0.475,-0.315811034577985,0.675533670786693,Wilcoxon,two.sided,1,-2.73984298969436,-2.93672375389591,-0.179718809418348,BL/T24,ns,ns,ns/ns,GUT
Ruminococcus_torques,0.204539751120771,Value,BL,T24,20,20,147,0.123,-0.0592268331151651,0.437666609347253,Wilcoxon,two.sided,1,-2.44026154222565,-2.62870977550356,-0.172648450519409,BL/T24,ns,ns,ns/ns,GUT
Ruthenibacterium_lactatiformans,-0.210424563676773,Value,BL,T24,20,20,76,0.294,-0.563827644250641,0.17130355949709,Wilcoxon,two.sided,1,-2.85216863496421,-2.65190483000411,0.182541370099988,BL/T24,ns,ns,ns/ns,GUT
Sellimonas_intestinalis,0.134159943917198,Value,BL,T24,20,20,129,0.388,-0.204935121021127,0.431359653939596,Wilcoxon,two.sided,1,-2.78186795925861,-2.90334645975386,-0.114647904482516,BL/T24,ns,ns,ns/ns,GUT
Streptococcus_parasanguinis,-0.129254559612267,Value,BL,T24,20,20,70,0.202,-0.369728974287486,0.0898575722837693,Wilcoxon,two.sided,1,-2.80541034244736,-2.6290036816317,0.162464589714708,BL/T24,ns,ns,ns/ns,GUT
Streptococcus_pasteurianus,0.102771076234462,Value,BL,T24,20,20,136,0.261,-0.11655745268293,0.375858649602504,Wilcoxon,two.sided,1,-2.65256227584458,-2.77373779532423,-0.114377705856471,BL/T24,ns,ns,ns/ns,GUT
Streptococcus_salivarius,0.0769104229396481,Value,BL,T24,20,20,129,0.388,-0.189730545537908,0.238424546334371,Wilcoxon,two.sided,1,-2.69243184326713,-2.69236486803468,6.69729897099517e-05,BL/T24,ns,ns,ns/ns,GUT
Streptococcus_thermophilus,0.0682816338414257,Value,BL,T24,20,20,125,0.475,-0.205089562627598,0.260700165697059,Wilcoxon,two.sided,1,-2.71800524098302,-2.77824103722268,-0.0584913326685012,BL/T24,ns,ns,ns/ns,GUT
Sutterella_sp_AM11_39,0.0791530957470015,Value,BL,T24,20,20,124,0.498,-0.139566147452172,0.41590869752912,Wilcoxon,two.sided,1,-2.67782681573048,-2.86071645449007,-0.167960291345794,BL/T24,ns,ns,ns/ns,GUT
Sutterella_wadsworthensis,0.0494317057669006,Value,BL,T24,20,20,112,0.812,-0.240575988586024,0.332606118894433,Wilcoxon,two.sided,1,-2.54472547106644,-2.59130005462849,-0.0455225298933272,BL/T24,ns,ns,ns/ns,GUT
Tyzzerella_nexilis,-0.0169180975521845,Value,BL,T24,20,20,100,0.869,-0.255287137235556,0.172405224180328,Wilcoxon,two.sided,1,-2.61968426560346,-2.63320616731573,-0.0134312966539935,BL/T24,ns,ns,ns/ns,GUT
Veillonella_atypica,-0.1087167089826,Value,BL,T24,20,20,86,0.498,-0.398254157413559,0.18703398417381,Wilcoxon,two.sided,1,-3.05959253714343,-2.9654169192125,0.0900012193897494,BL/T24,ns,ns,ns/ns,GUT
Veillonella_dispar,0.0542600263351349,Value,BL,T24,20,20,121,0.571,-0.0930300588422641,0.225430847161529,Wilcoxon,two.sided,1,-2.75235545184879,-2.86547343391005,-0.107165070324347,BL/T24,ns,ns,ns/ns,GUT
Veillonella_parvula,-0.11972178445299,Value,BL,T24,20,20,80,0.368,-0.478929323489546,0.128439041893188,Wilcoxon,two.sided,1,-2.9944353674144,-2.75230392034445,0.216828812911118,BL/T24,ns,ns,ns/ns,GUT
Veillonella_rogosae,0.0748081366130134,Value,BL,T24,20,20,119,0.622,-0.190369108619573,0.343581388669481,Wilcoxon,two.sided,1,-2.72268060888479,-2.79510129008144,-0.0699184121588886,BL/T24,ns,ns,ns/ns,GUT
Vescimonas_coprocola,0.155460829365351,Value,BL,T24,20,20,133,0.312,-0.202927253681964,0.408079545335395,Wilcoxon,two.sided,1,-2.64181167335322,-2.73916586945033,-0.0929020062051458,BL/T24,ns,ns,ns/ns,GUT
Vescimonas_SGB15087,0.0733554293675145,Value,BL,T24,20,20,130,0.368,-0.122123142240005,0.304420900449425,Wilcoxon,two.sided,1,-2.63395751697351,-2.80257140087352,-0.155818331865167,BL/T24,ns,ns,ns/ns,GUT
Victivallis_lenta,-0.06156560455676,Value,BL,T24,20,20,92,0.648,-0.374516081156886,0.264861402882328,Wilcoxon,two.sided,1,-2.88095482692272,-2.79499264549547,0.0824663971735723,BL/T24,ns,ns,ns/ns,GUT
Waltera_intestinalis,-0.0741189415282542,Value,BL,T24,20,20,91,0.622,-0.286729970380811,0.27608206203742,Wilcoxon,two.sided,1,-2.65367248359657,-2.65958644015012,-0.00589653775476868,BL/T24,ns,ns,ns/ns,GUT
Adlercreutzia_equolifaciens,0.0308032979451889,Value,BL,T04,20,20,113,0.784,-0.196987099696973,0.240823405551787,Wilcoxon,two.sided,0.997351097178683,-2.82758763744016,-2.85189253719818,-0.0240142359674291,BL/T04,ns,ns,ns/ns,TO
Agathobaculum_butyriciproducens,0.059764463685516,Value,BL,T04,20,20,122,0.546,-0.207770599528394,0.318106141904852,Wilcoxon,two.sided,0.997351097178683,-2.56003417089394,-2.62603985571409,-0.06391865858136,BL/T04,ns,ns,ns/ns,TO
Akkermansia_muciniphila,-0.0247874453488511,Value,BL,T04,20,20,101,0.898,-0.34283170003906,0.31550382969844,Wilcoxon,two.sided,0.997351097178683,-2.58577257259037,-2.54431787686425,0.040618481710005,BL/T04,ns,ns,ns/ns,TO
Alistipes_communis,0.0219056284645158,Value,BL,T04,20,20,108,0.927,-0.302833243620694,0.423080223208572,Wilcoxon,two.sided,0.997351097178683,-2.82999077944883,-2.79312785316611,0.0361997375622629,BL/T04,ns,ns,ns/ns,TO
Alistipes_finegoldii,0.0104642512452241,Value,BL,T04,20,20,106,0.985,-0.286113764234588,0.259778015302537,Wilcoxon,two.sided,0.997351097178683,-2.82808821924539,-2.8011122915752,0.0266184912074344,BL/T04,ns,ns,ns/ns,TO
Alistipes_ihumii,-0.0272669562014906,Value,BL,T04,20,20,101,0.898,-0.351666473472799,0.319949460911833,Wilcoxon,two.sided,0.997351097178683,-2.88225554628386,-2.92333717250933,-0.040260197918547,BL/T04,ns,ns,ns/ns,TO
Alistipes_indistinctus,-0.0999642350840512,Value,BL,T04,20,20,83,0.43,-0.338568380617243,0.133540720312052,Wilcoxon,two.sided,0.944829931972789,-2.70975567856453,-2.60609967660048,0.098628306876029,BL/T04,ns,ns,ns/ns,TO
Alistipes_onderdonkii,0.00884001089332487,Value,BL,T04,20,20,109,0.898,-0.108570260740885,0.17739717821524,Wilcoxon,two.sided,0.997351097178683,-2.61391330111486,-2.64182527276792,-0.0275295326787756,BL/T04,ns,ns,ns/ns,TO
Alistipes_putredinis,0.0508079113027354,Value,BL,T04,20,20,118,0.648,-0.234125552493811,0.196453846131824,Wilcoxon,two.sided,0.997351097178683,-2.36834450318369,-2.38945789861916,-0.0208935961256362,BL/T04,ns,ns,ns/ns,TO
Alistipes_senegalensis,0.0427540200860103,Value,BL,T04,20,20,109,0.898,-0.348285363331687,0.483788273386187,Wilcoxon,two.sided,0.997351097178683,-2.81243021955202,-2.91544177971745,-0.0980442208741395,BL/T04,ns,ns,ns/ns,TO
Alistipes_shahii,0.0536785514038752,Value,BL,T04,20,20,126,0.452,-0.130215036687378,0.215178461402242,Wilcoxon,two.sided,0.952950310559006,-2.62394890602468,-2.65064546200801,-0.0263464208643689,BL/T04,ns,ns,ns/ns,TO
Alistipes_sp_AF17_16,-0.00698013597688019,Value,BL,T04,20,20,104,0.985,-0.218521977119696,0.257833178757104,Wilcoxon,two.sided,0.997351097178683,-2.78163614893777,-2.7736531595237,0.00795129392549842,BL/T04,ns,ns,ns/ns,TO
Anaerobutyricum_hallii,0.0512857926653123,Value,BL,T04,20,20,111,0.841,-0.252077088685021,0.277175720835592,Wilcoxon,two.sided,0.997351097178683,-2.75452945954166,-2.78916135874579,-0.0340457105149477,BL/T04,ns,ns,ns/ns,TO
Anaerobutyricum_soehngenii,-0.115178694535479,Value,BL,T04,20,20,80,0.368,-0.421906490128465,0.165474265685509,Wilcoxon,two.sided,0.930330985915493,-2.96732431016015,-2.8212771892016,0.136318735212116,BL/T04,ns,ns,ns/ns,TO
Anaerostipes_hadrus,-0.13782692544856,Value,BL,T04,20,20,62,0.114,-0.316655305713099,0.032936005610946,Wilcoxon,two.sided,0.8585,-2.68554871804616,-2.53983257850918,0.136029890871532,BL/T04,ns,ns,ns/ns,TO
Anaerotignum_faecicola,-0.279928826449843,Value,BL,T04,20,20,50,0.04,-0.605446304091539,-0.0265796408699184,Wilcoxon,two.sided,0.8585,-2.8283943328404,-2.5173017572488,0.270860816774823,BL/T04,ns,*,*/ns,TO
Anaerotignum_lactatifermentans,0.23485270216669,Value,BL,T04,20,20,144,0.154,-0.138356410434625,0.583797478197783,Wilcoxon,two.sided,0.8585,-2.76466351525082,-2.98481529674277,-0.19897526206573,BL/T04,ns,ns,ns/ns,TO
Anaerotruncus_colihominis,0.0888111583384462,Value,BL,T04,20,20,123,0.522,-0.230213068269092,0.301521713830243,Wilcoxon,two.sided,0.997351097178683,-2.64545050974495,-2.72644155541789,-0.0778782552489764,BL/T04,ns,ns,ns/ns,TO
Bacteroides_caccae,0.0846787758164202,Value,BL,T04,20,20,130,0.368,-0.116586269708479,0.249801166812998,Wilcoxon,two.sided,0.930330985915493,-2.4199066915761,-2.49711229511095,-0.0743702838864898,BL/T04,ns,ns,ns/ns,TO
Bacteroides_cellulosilyticus,-0.0236834519180695,Value,BL,T04,20,20,95,0.729,-0.308782551891969,0.124554749424187,Wilcoxon,two.sided,0.997351097178683,-2.77140413527998,-2.65533675726547,0.109811236701628,BL/T04,ns,ns,ns/ns,TO
Bacteroides_clarus,0.282814220124405,Value,BL,T04,20,20,148,0.114,-0.0540495010219331,0.630530711768678,Wilcoxon,two.sided,0.8585,-2.64944715489111,-2.92819217568164,-0.245879144466176,BL/T04,ns,ns,ns/ns,TO
Bacteroides_congonensis,0.00831467793668761,Value,BL,T04,20,20,108,0.927,-0.186120917494851,0.216961189941938,Wilcoxon,two.sided,0.997351097178683,-2.74998442768736,-2.77224981889439,-0.0220211363557043,BL/T04,ns,ns,ns/ns,TO
Bacteroides_eggerthii,0.0627755438330188,Value,BL,T04,20,20,133,0.312,-0.0814458007434631,0.203451498845835,Wilcoxon,two.sided,0.930330985915493,-2.59448420667799,-2.65387255429409,-0.0576917110269273,BL/T04,ns,ns,ns/ns,TO
Bacteroides_faecis,0.118314489756235,Value,BL,T04,20,20,123,0.522,-0.228538453728024,0.471907606503778,Wilcoxon,two.sided,0.997351097178683,-2.71564782373414,-2.84138272860139,-0.118436071153166,BL/T04,ns,ns,ns/ns,TO
Bacteroides_finegoldii,0.00391071567591678,Value,BL,T04,20,20,106,0.985,-0.264317855752408,0.266108381831581,Wilcoxon,two.sided,0.997351097178683,-2.60537575123314,-2.66765005398738,-0.060412178314731,BL/T04,ns,ns,ns/ns,TO
Bacteroides_fragilis,0.0134131248798601,Value,BL,T04,20,20,110,0.869,-0.279381857872012,0.293524893067023,Wilcoxon,two.sided,0.997351097178683,-2.52695650923925,-2.46586317984065,0.059299819381179,BL/T04,ns,ns,ns/ns,TO
Bacteroides_intestinalis,-0.0984513855744347,Value,BL,T04,20,20,84,0.452,-0.300826960011231,0.164686569446522,Wilcoxon,two.sided,0.952950310559006,-2.75329807562469,-2.6843905589563,0.0666371144260849,BL/T04,ns,ns,ns/ns,TO
Bacteroides_nordii,-0.134738468619724,Value,BL,T04,20,20,76,0.294,-0.342805322937662,0.109906715536284,Wilcoxon,two.sided,0.930330985915493,-2.87313405673344,-2.76601322722442,0.101762798184682,BL/T04,ns,ns,ns/ns,TO
Bacteroides_ovatus,-0.0597428213306592,Value,BL,T04,20,20,91,0.622,-0.36043702494798,0.174384056106772,Wilcoxon,two.sided,0.997351097178683,-2.53875892717701,-2.44182177758206,0.0925218866663289,BL/T04,ns,ns,ns/ns,TO
Bacteroides_salyersiae,0.00688022190117787,Value,BL,T04,20,20,108,0.927,-0.127065900702734,0.143127811517803,Wilcoxon,two.sided,0.997351097178683,-2.64667827935637,-2.60410798945974,0.0416890967791763,BL/T04,ns,ns,ns/ns,TO
Bacteroides_sp_AF16_49,0.155942284134922,Value,BL,T04,20,20,130,0.368,-0.141982132130671,0.581562985436903,Wilcoxon,two.sided,0.930330985915493,-2.71766522152322,-2.94642467714017,-0.206005087763526,BL/T04,ns,ns,ns/ns,TO
Bacteroides_stercoris,-0.158785329953219,Value,BL,T04,20,20,69,0.189,-0.444294429099119,0.0918606243443687,Wilcoxon,two.sided,0.8585,-2.29759327618608,-2.09807664201445,0.181918670789306,BL/T04,ns,ns,ns/ns,TO
Bacteroides_thetaiotaomicron,-0.052312533653066,Value,BL,T04,20,20,90,0.596,-0.243707484760525,0.123820775287476,Wilcoxon,two.sided,0.997351097178683,-2.42990242731985,-2.36426938155106,0.0635690317428073,BL/T04,ns,ns,ns/ns,TO
Bacteroides_uniformis,-0.0990944519531972,Value,BL,T04,20,20,69,0.189,-0.231633477169956,0.0786177424937701,Wilcoxon,two.sided,0.8585,-2.04082643930664,-1.97266332031367,0.0659404620149669,BL/T04,ns,ns,ns/ns,TO
Bacteroides_xylanisolvens,-0.0632980124626208,Value,BL,T04,20,20,82,0.409,-0.311338651656512,0.0823918310708691,Wilcoxon,two.sided,0.930330985915493,-2.54973114315054,-2.4141015788015,0.127187179399883,BL/T04,ns,ns,ns/ns,TO
Barnesiella_intestinihominis,0.0566716046913349,Value,BL,T04,20,20,132,0.33,-0.172674981351755,0.327635308402733,Wilcoxon,two.sided,0.930330985915493,-2.73552401671537,-2.72737650856863,0.00811449639005711,BL/T04,ns,ns,ns/ns,TO
Bifidobacterium_adolescentis,-0.00157186765624961,Value,BL,T04,20,20,105,1,-0.261097021945703,0.23211054293279,Wilcoxon,two.sided,1,-2.78794391164906,-2.7633112957024,0.0243341248746635,BL/T04,ns,ns,ns/ns,TO
Bifidobacterium_bifidum,0.0410918941920048,Value,BL,T04,20,20,110,0.869,-0.313557317467311,0.362016741277345,Wilcoxon,two.sided,0.997351097178683,-2.83737209165116,-2.8781030302209,-0.0399232918349027,BL/T04,ns,ns,ns/ns,TO
Bifidobacterium_longum,0.0201546182371701,Value,BL,T04,20,20,112,0.812,-0.240578773845363,0.289978134886271,Wilcoxon,two.sided,0.997351097178683,-2.70028497998574,-2.72235035064032,-0.0218254531944258,BL/T04,ns,ns,ns/ns,TO
Bifidobacterium_pseudocatenulatum,0.238139235394478,Value,BL,T04,20,20,144,0.154,-0.087371745239583,0.57337642367992,Wilcoxon,two.sided,0.8585,-2.54648511555585,-2.81074580585211,-0.234487516782638,BL/T04,ns,ns,ns/ns,TO
Bilophila_wadsworthia,0.0550737685399579,Value,BL,T04,20,20,117,0.674,-0.174069717683975,0.308643870026753,Wilcoxon,two.sided,0.997351097178683,-2.67792687340756,-2.72778387615692,-0.0486539670372722,BL/T04,ns,ns,ns/ns,TO
Blautia_caecimuris,-0.104055122963906,Value,BL,T04,20,20,76,0.294,-0.289796475111366,0.0901516094798471,Wilcoxon,two.sided,0.930330985915493,-2.76670815732157,-2.65449672804383,0.106350311997743,BL/T04,ns,ns,ns/ns,TO
Blautia_faecicola,-0.143997139987764,Value,BL,T04,20,20,63,0.123,-0.379321286380918,0.0758963166480968,Wilcoxon,two.sided,0.8585,-2.82488440092763,-2.67129573461256,0.142877662877424,BL/T04,ns,ns,ns/ns,TO
Blautia_faecis,-0.116406753074667,Value,BL,T04,20,20,81,0.388,-0.483177901604336,0.150584860335989,Wilcoxon,two.sided,0.930330985915493,-2.79251638168872,-2.58098554192188,0.19188471680422,BL/T04,ns,ns,ns/ns,TO
Blautia_glucerasea,0.0179434427812007,Value,BL,T04,20,20,108,0.927,-0.239436034374318,0.338731948295225,Wilcoxon,two.sided,0.997351097178683,-2.71471913754048,-2.7727278267488,-0.0563885462646858,BL/T04,ns,ns,ns/ns,TO
Blautia_hansenii,0.11292528209365,Value,BL,T04,20,20,125,0.475,-0.176599896816636,0.414223984158934,Wilcoxon,two.sided,0.952950310559006,-2.79497053303983,-3.00090656694558,-0.18725605701918,BL/T04,ns,ns,ns/ns,TO
Blautia_luti,-0.183920947660715,Value,BL,T04,20,20,66,0.154,-0.495673865932003,0.160273361036567,Wilcoxon,two.sided,0.8585,-2.95105179275176,-2.76795471004647,0.168135646468752,BL/T04,ns,ns,ns/ns,TO
Blautia_massiliensis,-0.211667108156751,Value,BL,T04,20,20,56,0.0696,-0.485626017487931,0.0134311816019825,Wilcoxon,two.sided,0.8585,-2.7860515651248,-2.57668578922316,0.190096070045492,BL/T04,ns,ns,ns/ns,TO
Blautia_obeum,-0.0572879632755301,Value,BL,T04,20,20,94,0.701,-0.435299693080789,0.27120551214482,Wilcoxon,two.sided,0.997351097178683,-2.82432275849776,-2.71205132567823,0.1064042603044,BL/T04,ns,ns,ns/ns,TO
Blautia_sp_MSK_20_85,0.0580504402247217,Value,BL,T04,20,20,114,0.756,-0.203224246334635,0.349010230028103,Wilcoxon,two.sided,0.997351097178683,-2.67290732636931,-2.72309852084557,-0.0489722375704546,BL/T04,ns,ns,ns/ns,TO
Blautia_stercoris,0.0136552099301057,Value,BL,T04,20,20,106,0.985,-0.321460191166794,0.414086153531,Wilcoxon,two.sided,0.997351097178683,-2.84920248264931,-2.90968883981458,-0.0587276304092241,BL/T04,ns,ns,ns/ns,TO
Blautia_wexlerae,-0.0228363950341933,Value,BL,T04,20,20,103,0.956,-0.22895607666907,0.191697751693969,Wilcoxon,two.sided,0.997351097178683,-2.44047681385511,-2.42983052173131,0.0105900194006945,BL/T04,ns,ns,ns/ns,TO
Butyricicoccus_sp_AM29_23AC,-0.123923408045237,Value,BL,T04,20,20,88,0.546,-0.430917369892394,0.165941846760364,Wilcoxon,two.sided,0.997351097178683,-2.86213276271179,-2.78403986237427,0.075193647194364,BL/T04,ns,ns,ns/ns,TO
Butyricimonas_faecihominis,-0.0141931652180859,Value,BL,T04,20,20,103,0.956,-0.273921424568387,0.286374193775465,Wilcoxon,two.sided,0.997351097178683,-2.81430941188244,-2.79836886247035,0.0158148330860837,BL/T04,ns,ns,ns/ns,TO
Butyricimonas_paravirosa,0.0271026925259834,Value,BL,T04,20,20,112,0.812,-0.205496279455746,0.326153626324274,Wilcoxon,two.sided,0.997351097178683,-2.8186884375479,-2.90479319707261,-0.0825976805101736,BL/T04,ns,ns,ns/ns,TO
Butyricimonas_SGB15260,-0.208451718738496,Value,BL,T04,20,20,68,0.177,-0.413830779996827,0.0928853883027259,Wilcoxon,two.sided,0.8585,-2.86552509426105,-2.72259830031763,0.133592335467959,BL/T04,ns,ns,ns/ns,TO
Butyricimonas_sp_Marseille_P3923,-0.090422927508324,Value,BL,T04,20,20,82,0.409,-0.325327156967219,0.146019133414526,Wilcoxon,two.sided,0.930330985915493,-2.7705287305128,-2.70101321179265,0.0672057596923219,BL/T04,ns,ns,ns/ns,TO
Butyricimonas_virosa,0.143893197708067,Value,BL,T04,20,20,130,0.368,-0.157036847549517,0.407799753830739,Wilcoxon,two.sided,0.930330985915493,-2.65788390806824,-2.75432298553745,-0.0920677264286532,BL/T04,ns,ns,ns/ns,TO
Candidatus_Cibionibacter_quicibialis,-0.117688217896506,Value,BL,T04,20,20,87,0.522,-0.37399275654008,0.168585744169202,Wilcoxon,two.sided,0.997351097178683,-2.67878735607643,-2.59837712453602,0.0773408130325551,BL/T04,ns,ns,ns/ns,TO
Catenibacterium_SGB4425,0.0606780197134766,Value,BL,T04,20,20,116,0.701,-0.140340610541294,0.358817070023052,Wilcoxon,two.sided,0.997351097178683,-2.6940609955321,-2.80133299749781,-0.101899334443991,BL/T04,ns,ns,ns/ns,TO
Clostridiaceae_bacterium,-0.113892785001272,Value,BL,T04,20,20,84,0.452,-0.33196753011579,0.17951222116646,Wilcoxon,two.sided,0.952950310559006,-2.62937107521888,-2.56271090909822,0.0645324268571178,BL/T04,ns,ns,ns/ns,TO
Clostridiaceae_bacterium_AF18_31LB,-0.11154091319402,Value,BL,T04,20,20,79,0.349,-0.376104927161185,0.117507657173556,Wilcoxon,two.sided,0.930330985915493,-2.95488014447949,-2.79134702446476,0.151461169203563,BL/T04,ns,ns,ns/ns,TO
Clostridiaceae_bacterium_Marseille_Q3526,-0.216428891632842,Value,BL,T04,20,20,67,0.165,-0.511480145391919,0.0922773011226947,Wilcoxon,two.sided,0.8585,-2.92795755723199,-2.69373495167509,0.210441302696343,BL/T04,ns,ns,ns/ns,TO
Clostridiaceae_bacterium_Marseille_Q4143,-0.131532601007166,Value,BL,T04,20,20,85,0.475,-0.363950288957096,0.243337863899068,Wilcoxon,two.sided,0.952950310559006,-2.86908756057759,-2.87483034335525,-0.00572635586144398,BL/T04,ns,ns,ns/ns,TO
Clostridiaceae_bacterium_Marseille_Q4145,-0.189871238478477,Value,BL,T04,20,20,85,0.475,-0.654108143106833,0.338323703850724,Wilcoxon,two.sided,0.952950310559006,-3.08174604053741,-2.96618445990963,0.109357937873938,BL/T04,ns,ns,ns/ns,TO
Clostridiaceae_bacterium_Marseille_Q4149,0.0547789566069026,Value,BL,T04,20,20,122,0.546,-0.185117572360222,0.296877639299749,Wilcoxon,two.sided,0.997351097178683,-2.63880019873538,-2.75308198262392,-0.108210057354495,BL/T04,ns,ns,ns/ns,TO
Clostridiaceae_unclassified_SGB4771,-0.138985604713906,Value,BL,T04,20,20,78,0.33,-0.408392353756708,0.152221876387825,Wilcoxon,two.sided,0.930330985915493,-2.89025687280363,-2.74570224578506,0.135015589300769,BL/T04,ns,ns,ns/ns,TO
Clostridiales_bacterium,0.00918544771688001,Value,BL,T04,20,20,106,0.985,-0.231368340322396,0.202853261698746,Wilcoxon,two.sided,0.997351097178683,-2.70230332885863,-2.66721477552167,0.0344869818370584,BL/T04,ns,ns,ns/ns,TO
Clostridiales_bacterium_Choco116,0.162093609097621,Value,BL,T04,20,20,153,0.0759,-0.103168980599627,0.53810085514854,Wilcoxon,two.sided,0.8585,-2.64910350670896,-2.84920861801004,-0.182409145708836,BL/T04,ns,ns,ns/ns,TO
Clostridiales_bacterium_KLE1615,0.147124706091862,Value,BL,T04,20,20,132,0.33,-0.141040966046636,0.400284828536386,Wilcoxon,two.sided,0.930330985915493,-2.58039342858677,-2.71847469531325,-0.12934374504062,BL/T04,ns,ns,ns/ns,TO
Clostridium_butyricum,-0.0403599631602833,Value,BL,T04,20,20,89,0.571,-0.290558850739821,0.157034483270952,Wilcoxon,two.sided,0.997351097178683,-2.89308687263065,-2.83037639679351,0.0608226971037712,BL/T04,ns,ns,ns/ns,TO
Clostridium_fessum,0.0397298758192913,Value,BL,T04,20,20,125,0.475,-0.136464729984461,0.278153393109398,Wilcoxon,two.sided,0.952950310559006,-2.55021473334932,-2.6138203717485,-0.0616646816129671,BL/T04,ns,ns,ns/ns,TO
Clostridium_leptum,0.146737476524536,Value,BL,T04,20,20,133,0.312,-0.151066183040268,0.358333755219733,Wilcoxon,two.sided,0.930330985915493,-2.70954601956,-2.7961622050567,-0.0830684505670571,BL/T04,ns,ns,ns/ns,TO
Clostridium_SGB4750,0.194687088288708,Value,BL,T04,20,20,146,0.133,-0.0612557896111248,0.464942971467214,Wilcoxon,two.sided,0.8585,-2.71360365529418,-2.90144057722977,-0.172133940419929,BL/T04,ns,ns,ns/ns,TO
Clostridium_SGB4751,0.0244621946209426,Value,BL,T04,20,20,109,0.898,-0.312827272366732,0.292342793892327,Wilcoxon,two.sided,0.997351097178683,-2.76143490509459,-2.75641598933957,0.00500636298069885,BL/T04,ns,ns,ns/ns,TO
Clostridium_SGB6179,0.213641461094712,Value,BL,T04,20,20,134,0.294,-0.154437229157339,0.652676422425093,Wilcoxon,two.sided,0.930330985915493,-2.77913112771171,-2.99832970153867,-0.19819373618821,BL/T04,ns,ns,ns/ns,TO
Clostridium_sp_1001270H_150608_G6,0.190502662064798,Value,BL,T04,20,20,143,0.165,-0.0810944412137566,0.39220032483763,Wilcoxon,two.sided,0.8585,-2.56451383008012,-2.74393444863123,-0.165023316669131,BL/T04,ns,ns,ns/ns,TO
Clostridium_sp_AF12_28,0.0272844475746226,Value,BL,T04,20,20,110,0.869,-0.324300424749872,0.382862818509471,Wilcoxon,two.sided,0.997351097178683,-2.72260478413004,-2.75791948764333,-0.0347054418655383,BL/T04,ns,ns,ns/ns,TO
Clostridium_sp_AF20_17LB,-0.0212344225076332,Value,BL,T04,20,20,100,0.869,-0.272461508036442,0.232978445044112,Wilcoxon,two.sided,0.997351097178683,-2.74111478117333,-2.71560777051517,0.0251871348386364,BL/T04,ns,ns,ns/ns,TO
Clostridium_sp_AF27_2AA,0.121828217917727,Value,BL,T04,20,20,140,0.202,-0.0617297603331566,0.422361472684895,Wilcoxon,two.sided,0.8585,-2.67324633169937,-2.83778094862726,-0.15232153675992,BL/T04,ns,ns,ns/ns,TO
Clostridium_sp_AF34_10BH,-0.166021856875769,Value,BL,T04,20,20,62,0.114,-0.349090681480398,0.0674591947647486,Wilcoxon,two.sided,0.8585,-2.51301290863425,-2.37369569812809,0.130429144818808,BL/T04,ns,ns,ns/ns,TO
Clostridium_sp_AF34_13,0.0384146026228092,Value,BL,T04,20,20,119,0.622,-0.164737409740124,0.264219474754307,Wilcoxon,two.sided,0.997351097178683,-2.69640467905648,-2.79947733760113,-0.0980996116690214,BL/T04,ns,ns,ns/ns,TO
Clostridium_sp_AF36_4,0.0589065979731758,Value,BL,T04,20,20,122,0.546,-0.159568683805412,0.254959387415163,Wilcoxon,two.sided,0.997351097178683,-2.70335290754545,-2.74684394646374,-0.0425718599738424,BL/T04,ns,ns,ns/ns,TO
Clostridium_sp_AM22_11AC,0.0590861978093107,Value,BL,T04,20,20,123,0.522,-0.0922448623846404,0.247900525556988,Wilcoxon,two.sided,0.997351097178683,-2.63686694916315,-2.71571027741547,-0.0758894748550294,BL/T04,ns,ns,ns/ns,TO
Clostridium_sp_AM33_3,-0.111496589593572,Value,BL,T04,20,20,83,0.43,-0.386952422997762,0.116247232584619,Wilcoxon,two.sided,0.944829931972789,-2.81948860769178,-2.67396963973618,0.135857781443551,BL/T04,ns,ns,ns/ns,TO
Clostridium_sp_AM42_4,0.20750235156648,Value,BL,T04,20,20,143,0.165,-0.0900664659312513,0.534633204819103,Wilcoxon,two.sided,0.8585,-2.73510591964508,-2.98955697668891,-0.226698072148439,BL/T04,ns,ns,ns/ns,TO
Clostridium_sp_AM49_4BH,0.00586087452404083,Value,BL,T04,20,20,105,1,-0.396320674121512,0.321582923932088,Wilcoxon,two.sided,1,-2.8624689683007,-2.86120152253429,0.00126664323506558,BL/T04,ns,ns,ns/ns,TO
Clostridium_sp_AT4,-0.0798681282859205,Value,BL,T04,20,20,85,0.475,-0.351984145768286,0.219539015377938,Wilcoxon,two.sided,0.952950310559006,-2.8367957049802,-2.74963754609005,0.0835670979138414,BL/T04,ns,ns,ns/ns,TO
Clostridium_symbiosum,-0.218400996132,Value,BL,T04,20,20,56,0.0696,-0.460729966215254,0.0420622351424178,Wilcoxon,two.sided,0.8585,-3.02729958551346,-2.82611222733394,0.183310532745584,BL/T04,ns,ns,ns/ns,TO
Collinsella_aerofaciens,-0.0340074095650602,Value,BL,T04,20,20,100,0.869,-0.25775223888827,0.188829343045239,Wilcoxon,two.sided,0.997351097178683,-2.68974333637282,-2.66168346201921,0.0276734088715201,BL/T04,ns,ns,ns/ns,TO
Collinsella_SGB14861,0.0461744085677426,Value,BL,T04,20,20,111,0.841,-0.188786744084011,0.270774628932067,Wilcoxon,two.sided,0.997351097178683,-2.77830892818451,-2.85671298889023,-0.0754822266600223,BL/T04,ns,ns,ns/ns,TO
Collinsella_SGB4121,0.103136344803515,Value,BL,T04,20,20,140,0.202,-0.0545102994528959,0.280008895972497,Wilcoxon,two.sided,0.8585,-2.62993274500435,-2.7544726597138,-0.117373987304809,BL/T04,ns,ns,ns/ns,TO
Coprobacillus_cateniformis,0.131772269707216,Value,BL,T04,20,20,140,0.202,-0.0549912365251257,0.388184683072759,Wilcoxon,two.sided,0.8585,-2.70242474117596,-2.85970586418941,-0.146073394508805,BL/T04,ns,ns,ns/ns,TO
Coprobacter_fastidiosus,-0.225058820521951,Value,BL,T04,20,20,70,0.202,-0.511546347894775,0.0822213661304869,Wilcoxon,two.sided,0.8585,-2.9589711559856,-2.71690219114721,0.216778509214788,BL/T04,ns,ns,ns/ns,TO
Coprobacter_secundus,-0.109307401371421,Value,BL,T04,20,20,78,0.33,-0.347917642561781,0.149216741751145,Wilcoxon,two.sided,0.930330985915493,-2.90665990084165,-2.83132689571335,0.0726303858224894,BL/T04,ns,ns,ns/ns,TO
Coprococcus_catus,-0.0189882435935785,Value,BL,T04,20,20,103,0.956,-0.276383587116383,0.189422890636149,Wilcoxon,two.sided,0.997351097178683,-2.79054540546653,-2.8164451632877,-0.0255700400467516,BL/T04,ns,ns,ns/ns,TO
Coprococcus_comes,0.127227139982391,Value,BL,T04,20,20,138,0.231,-0.0559585155439535,0.352591713041811,Wilcoxon,two.sided,0.867593023255814,-2.58031279888257,-2.73404540315412,-0.143002429166805,BL/T04,ns,ns,ns/ns,TO
Coprococcus_eutactus,-0.048169105933633,Value,BL,T04,20,20,99,0.841,-0.308989013154466,0.278302620333123,Wilcoxon,two.sided,0.997351097178683,-2.71110881361607,-2.73574844673857,-0.0243409733310749,BL/T04,ns,ns,ns/ns,TO
Coprococcus_SGB4669,-0.124941051411727,Value,BL,T04,20,20,83,0.43,-0.382647831262116,0.194927433269636,Wilcoxon,two.sided,0.944829931972789,-2.92123956230374,-2.85503959732975,0.0641008925552739,BL/T04,ns,ns,ns/ns,TO
Desulfovibrio_piger,-0.0287084613121221,Value,BL,T04,20,20,95,0.729,-0.277040656282586,0.179298345580115,Wilcoxon,two.sided,0.997351097178683,-2.77272770926442,-2.69639686367514,0.0735578917915859,BL/T04,ns,ns,ns/ns,TO
Desulfovibrio_SGB5076,-0.175398210539603,Value,BL,T04,20,20,72,0.231,-0.391211702165098,0.107413087277341,Wilcoxon,two.sided,0.867593023255814,-2.83927997999287,-2.70560357428148,0.125465808068112,BL/T04,ns,ns,ns/ns,TO
Desulfovibrio_SGB5077,0.138005369577867,Value,BL,T04,20,20,150,0.0973,-0.0244984569606013,0.325293843819989,Wilcoxon,two.sided,0.8585,-2.56584294212912,-2.73450709618056,-0.155861347844116,BL/T04,ns,ns,ns/ns,TO
Dialister_hominis,0.146155546143856,Value,BL,T04,20,20,139,0.216,-0.190467681864402,0.419762795455576,Wilcoxon,two.sided,0.861333333333333,-2.80959736633095,-2.8932179793652,-0.0803078537815883,BL/T04,ns,ns,ns/ns,TO
Dialister_invisus,0.0130628879502243,Value,BL,T04,20,20,114,0.756,-0.125940853799821,0.244557846210783,Wilcoxon,two.sided,0.997351097178683,-2.65014047051425,-2.69643006762427,-0.045250188805517,BL/T04,ns,ns,ns/ns,TO
Dorea_formicigenerans,0.188501748433376,Value,BL,T04,20,20,142,0.177,-0.0654441492518152,0.450405923919237,Wilcoxon,two.sided,0.8585,-2.65339912081197,-2.82149845951666,-0.15537793105033,BL/T04,ns,ns,ns/ns,TO
Dorea_longicatena,0.102289085450097,Value,BL,T04,20,20,128,0.409,-0.124065933400454,0.398787353737228,Wilcoxon,two.sided,0.930330985915493,-2.66982853463672,-2.8578984310482,-0.172330054572923,BL/T04,ns,ns,ns/ns,TO
Dorea_sp_AF36_15AT,-0.0644755179748049,Value,BL,T04,20,20,89,0.571,-0.616063638325912,0.336722836470532,Wilcoxon,two.sided,0.997351097178683,-2.87231331671836,-2.74377264829813,0.120925354216041,BL/T04,ns,ns,ns/ns,TO
Dysosmobacter_sp_BX15,-0.0328912486858068,Value,BL,T04,20,20,96,0.756,-0.285695716455506,0.217431737018989,Wilcoxon,two.sided,0.997351097178683,-2.76287113434457,-2.65690078940937,0.100723089843021,BL/T04,ns,ns,ns/ns,TO
Dysosmobacter_sp_NSJ_60,-0.0541968050090536,Value,BL,T04,20,20,90,0.596,-0.283278105230179,0.132928989958505,Wilcoxon,two.sided,0.997351097178683,-2.71336767018584,-2.61971654443851,0.0895217552866932,BL/T04,ns,ns,ns/ns,TO
Dysosmobacter_welbionis,-0.0430182254420937,Value,BL,T04,20,20,90,0.596,-0.258009352856537,0.133541565878553,Wilcoxon,two.sided,0.997351097178683,-2.60726218743024,-2.54845790775887,0.0571402333643165,BL/T04,ns,ns,ns/ns,TO
Eggerthella_lenta,0.0182967605680779,Value,BL,T04,20,20,111,0.841,-0.232942017773036,0.297101127009984,Wilcoxon,two.sided,0.997351097178683,-2.77907188835745,-2.8307869265202,-0.0504222013507576,BL/T04,ns,ns,ns/ns,TO
Eisenbergiella_massiliensis,-0.0331594979463247,Value,BL,T04,20,20,101,0.898,-0.402543738386919,0.375197930181215,Wilcoxon,two.sided,0.997351097178683,-2.83632175952814,-2.82244990384878,0.0137765221133259,BL/T04,ns,ns,ns/ns,TO
Eisenbergiella_tayi,-0.0773197321827591,Value,BL,T04,20,20,94,0.701,-0.400995185900253,0.270568317234479,Wilcoxon,two.sided,0.997351097178683,-2.84472127629326,-2.79786867390856,0.0457881410654187,BL/T04,ns,ns,ns/ns,TO
Enterobacter_hormaechei,0.0617087397582116,Value,BL,T04,20,20,114,0.756,-0.294887595433365,0.444040087303246,Wilcoxon,two.sided,0.997351097178683,-2.86143026586267,-2.90896958934892,-0.0464439124305381,BL/T04,ns,ns,ns/ns,TO
Enterobacter_kobei,-0.0484353683727409,Value,BL,T04,20,20,97,0.784,-0.337575762710471,0.270965511169144,Wilcoxon,two.sided,0.997351097178683,-2.75849940357837,-2.70384359066942,0.0532144700107795,BL/T04,ns,ns,ns/ns,TO
Enterocloster_aldenensis,-0.0795002002442484,Value,BL,T04,20,20,96,0.756,-0.450743359938956,0.296367556549442,Wilcoxon,two.sided,0.997351097178683,-2.83693318736319,-2.78521125105289,0.0504287602804015,BL/T04,ns,ns,ns/ns,TO
Enterocloster_asparagiformis,-0.173636569450753,Value,BL,T04,20,20,67,0.165,-0.469446369454249,0.0932814150123893,Wilcoxon,two.sided,0.8585,-2.99643229637833,-2.77451527166111,0.200420957230603,BL/T04,ns,ns,ns/ns,TO
Enterocloster_bolteae,0.00405020276150614,Value,BL,T04,20,20,106,0.985,-0.248533696946471,0.248789602663985,Wilcoxon,two.sided,0.997351097178683,-2.57607553753407,-2.57410324301684,0.00197035209799189,BL/T04,ns,ns,ns/ns,TO
Enterocloster_citroniae,-0.0945190531973278,Value,BL,T04,20,20,96,0.756,-0.347529635198432,0.303989632151618,Wilcoxon,two.sided,0.997351097178683,-2.82173723892194,-2.82013959313468,0.00159637090891657,BL/T04,ns,ns,ns/ns,TO
Enterocloster_clostridioformis,0.0633833456152307,Value,BL,T04,20,20,117,0.674,-0.214260973452965,0.36914595230607,Wilcoxon,two.sided,0.997351097178683,-2.67520583476906,-2.80380263451472,-0.120975090952273,BL/T04,ns,ns,ns/ns,TO
Enterocloster_lavalensis,-0.082831879758453,Value,BL,T04,20,20,81,0.388,-0.27277196043343,0.127056216599472,Wilcoxon,two.sided,0.930330985915493,-2.83108439789895,-2.73723326208033,0.0897046214490476,BL/T04,ns,ns,ns/ns,TO
Enterocloster_SGB14313,0.122154530902258,Value,BL,T04,20,20,129,0.388,-0.137999268821126,0.446463831399413,Wilcoxon,two.sided,0.930330985915493,-2.74795235743331,-2.91078588259932,-0.150859720699085,BL/T04,ns,ns,ns/ns,TO
Erysipelatoclostridium_ramosum,-0.13104125863879,Value,BL,T04,20,20,81,0.388,-0.429870300608937,0.145891897724874,Wilcoxon,two.sided,0.930330985915493,-2.81843339433529,-2.61491278573273,0.18525110198516,BL/T04,ns,ns,ns/ns,TO
Escherichia_coli,0.174859719967718,Value,BL,T04,20,20,137,0.245,-0.0912388957470484,0.61349233255011,Wilcoxon,two.sided,0.889157303370787,-2.45803383842369,-2.73788928372692,-0.246747138197222,BL/T04,ns,ns,ns/ns,TO
Eubacteriaceae_bacterium,-0.255003750556194,Value,BL,T04,20,20,58,0.0826,-0.638355925755119,0.0462184074481282,Wilcoxon,two.sided,0.8585,-2.98411419888583,-2.68141458180305,0.264438739780125,BL/T04,ns,ns,ns/ns,TO
Eubacteriales_unclassified_SGB15145,0.0459610862993326,Value,BL,T04,20,20,111,0.841,-0.323229786795703,0.428266118327396,Wilcoxon,two.sided,0.997351097178683,-2.88744497129498,-2.91752900703067,-0.0296403870063181,BL/T04,ns,ns,ns/ns,TO
Eubacterium_ramulus,-0.107492369059886,Value,BL,T04,20,20,84,0.452,-0.335502261761298,0.124508126199816,Wilcoxon,two.sided,0.952950310559006,-2.77229647315667,-2.68645659631641,0.0823537675841013,BL/T04,ns,ns,ns/ns,TO
Eubacterium_rectale,-0.153626731553429,Value,BL,T04,20,20,65,0.143,-0.420237514646391,0.074181147037272,Wilcoxon,two.sided,0.8585,-2.61107745670319,-2.39058799214835,0.199251978740566,BL/T04,ns,ns,ns/ns,TO
Eubacterium_SGB6276,-0.146292083609482,Value,BL,T04,20,20,72,0.231,-0.377120873440872,0.145786663720778,Wilcoxon,two.sided,0.867593023255814,-2.76019606846228,-2.66537462287912,0.0905912865778063,BL/T04,ns,ns,ns/ns,TO
Eubacterium_siraeum,-0.147103546135465,Value,BL,T04,20,20,81,0.388,-0.381117322548532,0.160654925736284,Wilcoxon,two.sided,0.930330985915493,-2.86955223719092,-2.70273760628107,0.154277498279617,BL/T04,ns,ns,ns/ns,TO
Eubacterium_sp_AF16_48,-0.104014153401412,Value,BL,T04,20,20,85,0.475,-0.391436920440153,0.19113151592227,Wilcoxon,two.sided,0.952950310559006,-2.80505828537071,-2.71533334529538,0.0859253158410551,BL/T04,ns,ns,ns/ns,TO
Eubacterium_sp_AF34_35BH,-0.138004317879365,Value,BL,T04,20,20,82,0.409,-0.437931211186332,0.182267091791343,Wilcoxon,two.sided,0.930330985915493,-2.83226772043654,-2.70296195261293,0.121603079167016,BL/T04,ns,ns,ns/ns,TO
Eubacterium_ventriosum,0.035781366638961,Value,BL,T04,20,20,115,0.729,-0.179326435242694,0.247873724932605,Wilcoxon,two.sided,0.997351097178683,-2.79937912892142,-2.86420658275159,-0.06281277085257,BL/T04,ns,ns,ns/ns,TO
Evtepia_gabavorous,0.0844901392649304,Value,BL,T04,20,20,116,0.701,-0.331838963211543,0.477295428725087,Wilcoxon,two.sided,0.997351097178683,-2.6922475648082,-2.76783137844695,-0.0728635966183722,BL/T04,ns,ns,ns/ns,TO
Faecalibacillus_faecis,0.0340044700751655,Value,BL,T04,20,20,109,0.898,-0.253492849985812,0.323373887516393,Wilcoxon,two.sided,0.997351097178683,-2.80662521797943,-2.81740773835916,-0.0107248035249622,BL/T04,ns,ns,ns/ns,TO
Faecalibacillus_intestinalis,-0.0358619864214059,Value,BL,T04,20,20,96,0.756,-0.220969739413759,0.163988961178285,Wilcoxon,two.sided,0.997351097178683,-2.72127532561738,-2.69568720795881,0.0252662213708269,BL/T04,ns,ns,ns/ns,TO
Faecalibacterium_prausnitzii,0.0175328969256057,Value,BL,T04,20,20,112,0.812,-0.138670804550852,0.197267924751608,Wilcoxon,two.sided,0.997351097178683,-1.93373631884847,-1.96703180550675,-0.0327531963376807,BL/T04,ns,ns,ns/ns,TO
Faecalibacterium_SGB15315,0.02594884606891,Value,BL,T04,20,20,108,0.927,-0.24495893799665,0.282670797435899,Wilcoxon,two.sided,0.997351097178683,-2.78484554016572,-2.81331765194962,-0.0280743143167972,BL/T04,ns,ns,ns/ns,TO
Faecalibacterium_SGB15346,0.0370423777457526,Value,BL,T04,20,20,118,0.648,-0.239953747361571,0.322415200412217,Wilcoxon,two.sided,0.997351097178683,-2.46176374452122,-2.51115688393899,-0.0482120346254793,BL/T04,ns,ns,ns/ns,TO
Faecalicatena_fissicatena,-0.00912567484193494,Value,BL,T04,20,20,100,0.869,-0.28506747418804,0.21383071195508,Wilcoxon,two.sided,0.997351097178683,-2.70390946109828,-2.67785162580079,0.0257241148455322,BL/T04,ns,ns,ns/ns,TO
Faecalimonas_umbilicata,-0.0283094550297612,Value,BL,T04,20,20,99,0.841,-0.379822893082565,0.261374258040378,Wilcoxon,two.sided,0.997351097178683,-2.86181970601361,-2.77369283194747,0.0844577538282151,BL/T04,ns,ns,ns/ns,TO
Firmicutes_bacterium_AF16_15,-0.134373106632985,Value,BL,T04,20,20,78,0.33,-0.441265556337103,0.15551329725807,Wilcoxon,two.sided,0.930330985915493,-2.83733056544049,-2.67613221136853,0.14945253573016,BL/T04,ns,ns,ns/ns,TO
Flavonifractor_plautii,0.0212831872956095,Value,BL,T04,20,20,114,0.756,-0.17492736756245,0.222140947009599,Wilcoxon,two.sided,0.997351097178683,-2.68171600725197,-2.68902738451312,-0.00728477871175423,BL/T04,ns,ns,ns/ns,TO
Fusicatenibacter_saccharivorans,0.0392080050522627,Value,BL,T04,20,20,117,0.674,-0.114853355048513,0.21022139786206,Wilcoxon,two.sided,0.997351097178683,-2.52951437933215,-2.58482898694503,-0.0538389287415076,BL/T04,ns,ns,ns/ns,TO
Fusobacterium_mortiferum,0.14340935953375,Value,BL,T04,20,20,127,0.43,-0.204787077430105,0.574366186440438,Wilcoxon,two.sided,0.944829931972789,-2.6872374435725,-2.90173476086561,-0.194330260559427,BL/T04,ns,ns,ns/ns,TO
Fusobacterium_ulcerans,0.186078642446548,Value,BL,T04,20,20,168,0.0172,0.038211292773082,0.34012824448464,Wilcoxon,two.sided,0.8585,-2.62956325110272,-2.83644683931543,-0.188041490250072,BL/T04,ns,*,*/ns,TO
Fusobacterium_varium,-0.116688804297878,Value,BL,T04,20,20,80,0.368,-0.427374480859794,0.195545227995153,Wilcoxon,two.sided,0.930330985915493,-2.91853860751928,-2.7938290849609,0.11752480014614,BL/T04,ns,ns,ns/ns,TO
Gemmiger_formicilis,-0.00740018944279541,Value,BL,T04,20,20,103,0.956,-0.233755041541926,0.244381304255034,Wilcoxon,two.sided,0.997351097178683,-2.79065131450559,-2.7976974440391,-0.00702142155864418,BL/T04,ns,ns,ns/ns,TO
Gemmiger_SGB15295,0.0768375166739221,Value,BL,T04,20,20,114,0.756,-0.252039945212465,0.471036930718612,Wilcoxon,two.sided,0.997351097178683,-2.70687085290812,-2.80289601083336,-0.0916901425737268,BL/T04,ns,ns,ns/ns,TO
GGB13493_SGB15238,0.156688410229917,Value,BL,T04,20,20,142,0.177,-0.0688679158539656,0.360514124706174,Wilcoxon,two.sided,0.8585,-2.55689098754711,-2.68507100008053,-0.120605725922715,BL/T04,ns,ns,ns/ns,TO
GGB1495_SGB2071,0.158895725568762,Value,BL,T04,20,20,138,0.231,-0.103924323241591,0.389204952333187,Wilcoxon,two.sided,0.867593023255814,-2.64660287110891,-2.76757473037405,-0.11419604053242,BL/T04,ns,ns,ns/ns,TO
GGB16040_SGB9347,-0.239059161302002,Value,BL,T04,20,20,78,0.33,-0.688832828438547,0.1881616300111,Wilcoxon,two.sided,0.930330985915493,-2.99530600241282,-2.71685344054619,0.245650410537153,BL/T04,ns,ns,ns/ns,TO
GGB1663_SGB2279,0.228731285084469,Value,BL,T04,20,20,145,0.143,-0.0831669521493119,0.418410061772285,Wilcoxon,two.sided,0.8585,-2.67137117950817,-2.81136459138881,-0.131022483337635,BL/T04,ns,ns,ns/ns,TO
GGB2998_SGB3988,0.164305660311384,Value,BL,T04,20,20,134,0.294,-0.120245564256983,0.468525010831178,Wilcoxon,two.sided,0.930330985915493,-2.73394385053281,-2.91708029379989,-0.168168915004051,BL/T04,ns,ns,ns/ns,TO
GGB3175_SGB4191,0.148275329057148,Value,BL,T04,20,20,141,0.189,-0.0842636573979714,0.372753113828105,Wilcoxon,two.sided,0.8585,-2.59039579111375,-2.7268376744123,-0.12790222644205,BL/T04,ns,ns,ns/ns,TO
GGB3256_SGB4303,-0.178253559496291,Value,BL,T04,20,20,69,0.189,-0.401415388183133,0.133817442375876,Wilcoxon,two.sided,0.8585,-2.73695746082721,-2.6274316697508,0.103932708795335,BL/T04,ns,ns,ns/ns,TO
GGB3277_SGB4327,-0.0294091566358445,Value,BL,T04,20,20,99,0.841,-0.259251707746813,0.220965994414854,Wilcoxon,two.sided,0.997351097178683,-2.75129127633526,-2.75102805804611,0.000263183653295401,BL/T04,ns,ns,ns/ns,TO
GGB3278_SGB4328,0.148211851622713,Value,BL,T04,20,20,125,0.475,-0.272002813460181,0.495863318245063,Wilcoxon,two.sided,0.952950310559006,-2.91770642821866,-3.02021132036676,-0.0975847656515588,BL/T04,ns,ns,ns/ns,TO
GGB3304_SGB4367,0.148531536252029,Value,BL,T04,20,20,128,0.409,-0.225199510919103,0.475491589380982,Wilcoxon,two.sided,0.930330985915493,-2.77908571666021,-2.90045100918182,-0.114546954096149,BL/T04,ns,ns,ns/ns,TO
GGB3321_SGB4394,0.0863496824853899,Value,BL,T04,20,20,123,0.522,-0.255042863045505,0.329572904731108,Wilcoxon,two.sided,0.997351097178683,-2.80882580928659,-2.8024214373972,0.00638395104184165,BL/T04,ns,ns,ns/ns,TO
GGB33469_SGB15236,0.0864153812975784,Value,BL,T04,20,20,126,0.452,-0.185536043225241,0.394978968679496,Wilcoxon,two.sided,0.952950310559006,-2.7096688244552,-2.80156166558351,-0.0879127416726823,BL/T04,ns,ns,ns/ns,TO
GGB3363_SGB4447,0.0711657052645673,Value,BL,T04,20,20,121,0.571,-0.207921216134596,0.342544493312133,Wilcoxon,two.sided,0.997351097178683,-2.70680385583353,-2.76203575759886,-0.0537605548727228,BL/T04,ns,ns,ns/ns,TO
GGB3363_SGB4448,0.00376236068465152,Value,BL,T04,20,20,106,0.985,-0.282879867806875,0.253406735556451,Wilcoxon,two.sided,0.997351097178683,-2.75988493703048,-2.77273270321204,-0.0127659337971994,BL/T04,ns,ns,ns/ns,TO
GGB33928_SGB15225,-0.0329563967047137,Value,BL,T04,20,20,96,0.756,-0.367827317185976,0.261298026488261,Wilcoxon,two.sided,0.997351097178683,-2.88171130256192,-2.81967907639496,0.0601842671493354,BL/T04,ns,ns,ns/ns,TO
GGB3486_SGB4658,-0.158721937601231,Value,BL,T04,20,20,58,0.0826,-0.612533819271774,0.0236341360639218,Wilcoxon,two.sided,0.8585,-2.80708502413793,-2.50770953761312,0.261883754059941,BL/T04,ns,ns,ns/ns,TO
GGB3490_SGB4664,0.115657284047608,Value,BL,T04,20,20,120,0.596,-0.264815174210855,0.490279149568813,Wilcoxon,two.sided,0.997351097178683,-2.87163212773497,-3.00800418575317,-0.127840782538441,BL/T04,ns,ns,ns/ns,TO
GGB3612_SGB4882,0.0223168405197562,Value,BL,T04,20,20,112,0.812,-0.259656637226363,0.26854759583476,Wilcoxon,two.sided,0.997351097178683,-2.87238281817233,-2.9096662293477,-0.0366051910163554,BL/T04,ns,ns,ns/ns,TO
GGB3619_SGB4894,0.02134588591297,Value,BL,T04,20,20,109,0.898,-0.170467788604404,0.248505465103193,Wilcoxon,two.sided,0.997351097178683,-2.77360998950277,-2.78537865486419,-0.0116999531941419,BL/T04,ns,ns,ns/ns,TO
GGB3632_SGB4921,-0.123044764758575,Value,BL,T04,20,20,86,0.498,-0.428921287843214,0.253579887432918,Wilcoxon,two.sided,0.992925925925926,-2.95757224376185,-2.93946329404266,0.0179469357015362,BL/T04,ns,ns,ns/ns,TO
GGB3653_SGB4964,0.0651124115199474,Value,BL,T04,20,20,119,0.622,-0.182462026698234,0.328080365832132,Wilcoxon,two.sided,0.997351097178683,-2.74650607670765,-2.76080093939353,-0.0141936545007429,BL/T04,ns,ns,ns/ns,TO
GGB3746_SGB5089,0.0326873460252846,Value,BL,T04,20,20,117,0.674,-0.278955147863579,0.283037482864293,Wilcoxon,two.sided,0.997351097178683,-2.79157523065017,-2.71207391554561,0.0764991892253984,BL/T04,ns,ns,ns/ns,TO
GGB3815_SGB5180,-0.0206951259222414,Value,BL,T04,20,20,94,0.701,-0.398713477064075,0.162989112866339,Wilcoxon,two.sided,0.997351097178683,-2.97769534341197,-2.79832280873584,0.164982546773793,BL/T04,ns,ns,ns/ns,TO
GGB3819_SGB5184,-0.0467781300092771,Value,BL,T04,20,20,91,0.622,-0.260371095463606,0.18353862708018,Wilcoxon,two.sided,0.997351097178683,-2.85915814160465,-2.85173987196104,0.00739088960631336,BL/T04,ns,ns,ns/ns,TO
GGB3828_SGB5197,0.115439369537528,Value,BL,T04,20,20,130,0.368,-0.168748681178388,0.376684202566321,Wilcoxon,two.sided,0.930330985915493,-2.77225730000348,-2.86869378928339,-0.092065365884956,BL/T04,ns,ns,ns/ns,TO
GGB42994_SGB4746,0.0141482487825169,Value,BL,T04,20,20,110,0.869,-0.291670241553188,0.268742207745029,Wilcoxon,two.sided,0.997351097178683,-2.79251022613665,-2.7695221190883,0.0227278613382276,BL/T04,ns,ns,ns/ns,TO
GGB4578_SGB6328,-0.196696803491759,Value,BL,T04,20,20,66,0.154,-0.396546560971738,0.0547849076376477,Wilcoxon,two.sided,0.8585,-2.7430943021034,-2.5697648625127,0.159845382405735,BL/T04,ns,ns,ns/ns,TO
GGB4596_SGB6358,0.212181005107321,Value,BL,T04,20,20,148,0.114,-0.0558731584878853,0.480759868625496,Wilcoxon,two.sided,0.8585,-2.72174616820342,-2.94994108314984,-0.205545542655793,BL/T04,ns,ns,ns/ns,TO
GGB4599_SGB6362,-0.116631658674041,Value,BL,T04,20,20,84,0.452,-0.4246316804577,0.251164390425618,Wilcoxon,two.sided,0.952950310559006,-2.91882518405395,-2.80053750338439,0.111798658868246,BL/T04,ns,ns,ns/ns,TO
GGB4605_SGB6376,0.15829852129829,Value,BL,T04,20,20,135,0.277,-0.101707560615008,0.545245949973234,Wilcoxon,two.sided,0.930330985915493,-2.77707458231334,-2.9858629231916,-0.189618486726588,BL/T04,ns,ns,ns/ns,TO
GGB4651_SGB6438,0.248299830665531,Value,BL,T04,20,20,147,0.123,-0.0330363518735801,0.583465600689619,Wilcoxon,two.sided,0.8585,-2.62822268463521,-2.88899306569629,-0.231722947666822,BL/T04,ns,ns,ns/ns,TO
GGB4684_SGB6478,-0.00652037807877326,Value,BL,T04,20,20,104,0.985,-0.26636931983593,0.267485076001618,Wilcoxon,two.sided,0.997351097178683,-2.65066514230629,-2.63907248850407,0.0115259738282505,BL/T04,ns,ns,ns/ns,TO
GGB51269_SGB5062,-0.205699168073711,Value,BL,T04,20,20,46,0.0266,-0.442874469155073,-0.0130726458793111,Wilcoxon,two.sided,0.8585,-2.73519472825693,-2.48154488224996,0.226059173559357,BL/T04,ns,*,*/ns,TO
GGB51647_SGB4348,0.15707265989172,Value,BL,T04,20,20,142,0.177,-0.0936581723984334,0.411011982640847,Wilcoxon,two.sided,0.8585,-2.49464172330153,-2.69872775573983,-0.185720799847342,BL/T04,ns,ns,ns/ns,TO
GGB51884_SGB49168,-0.0674449800200981,Value,BL,T04,20,20,93,0.674,-0.435629984091307,0.247565840789451,Wilcoxon,two.sided,0.997351097178683,-2.89728774333247,-2.70993961403186,0.171722357632623,BL/T04,ns,ns,ns/ns,TO
GGB53985_SGB6367,0.189941032236317,Value,BL,T04,20,20,142,0.177,-0.146854891396844,0.476035929974286,Wilcoxon,two.sided,0.8585,-2.87059554610662,-2.94891943672714,-0.0754078824802803,BL/T04,ns,ns,ns/ns,TO
GGB58714_SGB5072,-0.166422641676669,Value,BL,T04,20,20,69,0.189,-0.519353094500556,0.0982069606599725,Wilcoxon,two.sided,0.8585,-2.93237979400723,-2.67504588544488,0.228993533602211,BL/T04,ns,ns,ns/ns,TO
GGB6569_SGB9281,-0.0887027315874208,Value,BL,T04,20,20,87,0.522,-0.331261449359285,0.277531710146136,Wilcoxon,two.sided,0.997351097178683,-2.87582071579716,-2.823859389532,0.0506563515344139,BL/T04,ns,ns,ns/ns,TO
GGB79734_SGB15291,0.0351414214739865,Value,BL,T04,20,20,108,0.927,-0.230323424408809,0.288121093162581,Wilcoxon,two.sided,0.997351097178683,-2.83275943014057,-2.8140339659418,0.0185523010608378,BL/T04,ns,ns,ns/ns,TO
GGB79916_SGB4587,0.0605318099374595,Value,BL,T04,20,20,117,0.674,-0.213575345347559,0.252910692462486,Wilcoxon,two.sided,0.997351097178683,-2.78991691360932,-2.81168119414355,-0.021530819908964,BL/T04,ns,ns,ns/ns,TO
GGB80011_SGB15265,-0.11868318442616,Value,BL,T04,20,20,74,0.261,-0.377603371498825,0.102587351369355,Wilcoxon,two.sided,0.926406593406593,-2.75936468013307,-2.63429670783002,0.117843453656114,BL/T04,ns,ns,ns/ns,TO
GGB80011_SGB15267,-0.204189138800824,Value,BL,T04,20,20,69,0.189,-0.519888779958015,0.116259397735696,Wilcoxon,two.sided,0.8585,-2.91120868425833,-2.71212885745416,0.181554451647498,BL/T04,ns,ns,ns/ns,TO
GGB9061_SGB13979,0.145111029890875,Value,BL,T04,20,20,134,0.294,-0.161794403811827,0.47248919055943,Wilcoxon,two.sided,0.930330985915493,-2.74435598118061,-2.89570027294179,-0.140930209043371,BL/T04,ns,ns,ns/ns,TO
GGB9062_SGB13981,-0.0877966015229413,Value,BL,T04,20,20,92,0.648,-0.446965691546156,0.202578627897444,Wilcoxon,two.sided,0.997351097178683,-2.79431436176779,-2.66337535672569,0.123048265566613,BL/T04,ns,ns,ns/ns,TO
GGB9063_SGB13982,0.0725083641349769,Value,BL,T04,20,20,121,0.571,-0.233011792234583,0.529060765075759,Wilcoxon,two.sided,0.997351097178683,-2.69664981594319,-2.83705476079963,-0.131383414118913,BL/T04,ns,ns,ns/ns,TO
GGB9302_SGB14263,0.193956844409573,Value,BL,T04,20,20,152,0.0826,-0.0463815616484473,0.417081603947731,Wilcoxon,two.sided,0.8585,-2.68521041456355,-2.84550487457768,-0.148673817744885,BL/T04,ns,ns,ns/ns,TO
GGB9342_SGB14306,-0.0609967485285923,Value,BL,T04,20,20,95,0.729,-0.407667809691211,0.244557075776801,Wilcoxon,two.sided,0.997351097178683,-2.84910687360006,-2.74167954712421,0.102039601349205,BL/T04,ns,ns,ns/ns,TO
GGB9345_SGB14311,0.0976537526640436,Value,BL,T04,20,20,128,0.409,-0.188349406636781,0.342840546545764,Wilcoxon,two.sided,0.930330985915493,-2.80978806374221,-2.83871992866188,-0.0285212398099207,BL/T04,ns,ns,ns/ns,TO
GGB9480_SGB14874,-0.196241738168609,Value,BL,T04,20,20,68,0.177,-0.522144893488997,0.0929767499632517,Wilcoxon,two.sided,0.8585,-2.89731266667549,-2.70332945260418,0.177294956304852,BL/T04,ns,ns,ns/ns,TO
GGB9524_SGB14924,0.291376911314731,Value,BL,T04,20,20,145,0.143,-0.135622181653747,0.74101056501828,Wilcoxon,two.sided,0.8585,-2.66222968106467,-2.97028546594242,-0.26854190111467,BL/T04,ns,ns,ns/ns,TO
GGB9593_SGB15015,-0.13167185304796,Value,BL,T04,20,20,81,0.388,-0.443850571865085,0.168398305058162,Wilcoxon,two.sided,0.930330985915493,-2.88619398414162,-2.71371339650328,0.159121664816027,BL/T04,ns,ns,ns/ns,TO
GGB9595_SGB15019,-0.0539100522853178,Value,BL,T04,20,20,99,0.841,-0.431654802010139,0.37601125603424,Wilcoxon,two.sided,0.997351097178683,-2.80234963647742,-2.83870228520298,-0.0357074804389597,BL/T04,ns,ns,ns/ns,TO
GGB9602_SGB15028,-0.0334545234347315,Value,BL,T04,20,20,98,0.812,-0.268021360982833,0.186457522496748,Wilcoxon,two.sided,0.997351097178683,-2.78640648444504,-2.75313442275344,0.032730525927806,BL/T04,ns,ns,ns/ns,TO
GGB9602_SGB15031,-0.0430338547470135,Value,BL,T04,20,20,96,0.756,-0.2931802543433,0.249641901931994,Wilcoxon,two.sided,0.997351097178683,-2.76130277817384,-2.72911248697087,0.0316830407620498,BL/T04,ns,ns,ns/ns,TO
GGB9614_SGB15049,0.062502360465241,Value,BL,T04,20,20,119,0.622,-0.190437657936331,0.291501953431444,Wilcoxon,two.sided,0.997351097178683,-2.75362624517435,-2.81932751747135,-0.0636330541044383,BL/T04,ns,ns,ns/ns,TO
GGB9616_SGB15051,0.0498236065610594,Value,BL,T04,20,20,114,0.756,-0.275402734306011,0.400443502154097,Wilcoxon,two.sided,0.997351097178683,-2.78758285112192,-2.84879555238779,-0.0594123119865508,BL/T04,ns,ns,ns/ns,TO
GGB9616_SGB15052,-0.0455129967170732,Value,BL,T04,20,20,95,0.729,-0.253512537297652,0.209898343918713,Wilcoxon,two.sided,0.997351097178683,-2.70654534026061,-2.74713543020099,-0.0397879464195131,BL/T04,ns,ns,ns/ns,TO
GGB9627_SGB15081,-0.0438149294444755,Value,BL,T04,20,20,95,0.729,-0.270337147243306,0.231253474784896,Wilcoxon,two.sided,0.997351097178683,-2.86682421281113,-2.84891303163521,0.0177526659682648,BL/T04,ns,ns,ns/ns,TO
GGB9634_SGB15093,0.0285555835185363,Value,BL,T04,20,20,113,0.784,-0.251434928266423,0.366369321916679,Wilcoxon,two.sided,0.997351097178683,-2.85092566136776,-2.95211165311203,-0.0963877733048119,BL/T04,ns,ns,ns/ns,TO
GGB9635_SGB15103,0.113271979029851,Value,BL,T04,20,20,125,0.475,-0.183198207196251,0.364054007008517,Wilcoxon,two.sided,0.952950310559006,-2.68286412131379,-2.77271050486523,-0.0860367537875252,BL/T04,ns,ns,ns/ns,TO
GGB9635_SGB15106,-0.188863237252124,Value,BL,T04,20,20,51,0.0441,-0.595183225744631,-0.00273994366705299,Wilcoxon,two.sided,0.8585,-2.82485665955359,-2.53193678210866,0.256903131469826,BL/T04,ns,*,*/ns,TO
GGB9677_SGB15180,0.0688888754075195,Value,BL,T04,20,20,128,0.409,-0.207659493769693,0.317036265044061,Wilcoxon,two.sided,0.930330985915493,-2.78509634011425,-2.85605998141652,-0.0685588425254609,BL/T04,ns,ns,ns/ns,TO
GGB9691_SGB15198,0.195242579762084,Value,BL,T04,20,20,133,0.312,-0.214018266581795,0.600833711220638,Wilcoxon,two.sided,0.930330985915493,-2.8097884646475,-3.01410360258431,-0.185911055110473,BL/T04,ns,ns,ns/ns,TO
GGB9699_SGB15216,-0.133780544182997,Value,BL,T04,20,20,82,0.409,-0.440050805841945,0.114352015268067,Wilcoxon,two.sided,0.930330985915493,-2.81218074141949,-2.63276342469141,0.165020517135528,BL/T04,ns,ns,ns/ns,TO
GGB9707_SGB15229,-0.173874556683508,Value,BL,T04,20,20,66,0.154,-0.302675278716297,0.0358472131610257,Wilcoxon,two.sided,0.8585,-2.8052339114065,-2.6719338677623,0.125133769267491,BL/T04,ns,ns,ns/ns,TO
GGB9708_SGB15233,0.0572262636820259,Value,BL,T04,20,20,118,0.648,-0.170031073510263,0.300753030267484,Wilcoxon,two.sided,0.997351097178683,-2.60904835030264,-2.73844028543287,-0.121679377386604,BL/T04,ns,ns,ns/ns,TO
GGB9708_SGB15234,-0.163535715237113,Value,BL,T04,20,20,67,0.165,-0.379686235406505,0.0831913034857092,Wilcoxon,two.sided,0.8585,-2.73306279424329,-2.57067346636931,0.150477652118556,BL/T04,ns,ns,ns/ns,TO
GGB9712_SGB15244,-0.0441171274604378,Value,BL,T04,20,20,87,0.522,-0.262438227439251,0.139240188380905,Wilcoxon,two.sided,0.997351097178683,-2.73518237435663,-2.67202221896515,0.0612457515967765,BL/T04,ns,ns,ns/ns,TO
GGB9713_SGB15249,-0.0608046523463461,Value,BL,T04,20,20,94,0.701,-0.317387637161552,0.250916953019144,Wilcoxon,two.sided,0.997351097178683,-2.83323449454401,-2.81540770820738,0.0176697527046813,BL/T04,ns,ns,ns/ns,TO
GGB9747_SGB15356,-0.129632997695702,Value,BL,T04,20,20,83,0.43,-0.326448211031628,0.20348300597572,Wilcoxon,two.sided,0.944829931972789,-2.75464411837917,-2.68978233766632,0.0628450073705853,BL/T04,ns,ns,ns/ns,TO
GGB9758_SGB15368,0.122051902908083,Value,BL,T04,20,20,131,0.349,-0.176162503058629,0.48017662437941,Wilcoxon,two.sided,0.930330985915493,-2.65872210476095,-2.81243805451022,-0.142987993722725,BL/T04,ns,ns,ns/ns,TO
GGB9760_SGB15373,0.220617101758474,Value,BL,T04,20,20,177,0.00558,0.0576563233828262,0.405729366333086,Wilcoxon,two.sided,0.8585,-2.62593541473477,-2.86455563293003,-0.213998032814447,BL/T04,ns,**,**/ns,TO
GGB9760_SGB15374,-0.0185502274739744,Value,BL,T04,20,20,102,0.927,-0.281437880229369,0.246411703478224,Wilcoxon,two.sided,0.997351097178683,-2.79196422856239,-2.75596749407014,0.0353639917978121,BL/T04,ns,ns,ns/ns,TO
GGB9813_SGB15447,0.00757484497503469,Value,BL,T04,20,20,109,0.898,-0.242328734136212,0.390386168761001,Wilcoxon,two.sided,0.997351097178683,-2.75088686574868,-2.8349010011485,-0.0806709429691748,BL/T04,ns,ns,ns/ns,TO
Haemophilus_parainfluenzae,-0.0576585745148228,Value,BL,T04,20,20,95,0.729,-0.365243340186686,0.316988321218246,Wilcoxon,two.sided,0.997351097178683,-2.94142427691625,-2.89506504972468,0.0453167361217879,BL/T04,ns,ns,ns/ns,TO
Holdemanella_biformis,0.271971608695515,Value,BL,T04,20,20,141,0.189,-0.226555897576096,0.453043395029298,Wilcoxon,two.sided,0.8585,-2.70695631304963,-2.89042366382272,-0.16844856258089,BL/T04,ns,ns,ns/ns,TO
Holdemanella_porci,0.00525620028258356,Value,BL,T04,20,20,105,1,-0.329522508328067,0.314409900036723,Wilcoxon,two.sided,1,-2.75787472402938,-2.83978858953711,-0.0787315705158771,BL/T04,ns,ns,ns/ns,TO
Holdemania_filiformis,0.0444768035285976,Value,BL,T04,20,20,110,0.869,-0.264231686140602,0.322019936809982,Wilcoxon,two.sided,0.997351097178683,-2.74738174379641,-2.77221500938137,-0.0245299316365567,BL/T04,ns,ns,ns/ns,TO
Holdemania_massiliensis,0.0942530749015639,Value,BL,T04,20,20,119,0.622,-0.264245322060364,0.472303360469311,Wilcoxon,two.sided,0.997351097178683,-2.74670785727654,-2.82356981447038,-0.0740512165088538,BL/T04,ns,ns,ns/ns,TO
Hungatella_hathewayi,0.000958082460584653,Value,BL,T04,20,20,106,0.985,-0.218431475126303,0.253290515959238,Wilcoxon,two.sided,0.997351097178683,-2.6533237901136,-2.66894776453018,-0.015503176730245,BL/T04,ns,ns,ns/ns,TO
Hydrogenoanaerobacterium_saccharovorans,0.0153705863068343,Value,BL,T04,20,20,108,0.927,-0.249427913736489,0.322347974480246,Wilcoxon,two.sided,0.997351097178683,-2.65080055062357,-2.72709232022269,-0.0735215863194698,BL/T04,ns,ns,ns/ns,TO
Intestinibacter_bartlettii,0.0706680029424411,Value,BL,T04,20,20,122,0.546,-0.198097774483468,0.415666673324664,Wilcoxon,two.sided,0.997351097178683,-2.82842729006813,-2.92551706312352,-0.092661012999835,BL/T04,ns,ns,ns/ns,TO
Intestinimonas_butyriciproducens,0.17657670100603,Value,BL,T04,20,20,135,0.277,-0.124866195157321,0.435001595134372,Wilcoxon,two.sided,0.930330985915493,-2.67348707174829,-2.788311515381,-0.108696942858825,BL/T04,ns,ns,ns/ns,TO
Intestinimonas_massiliensis,-0.0886754145327757,Value,BL,T04,20,20,93,0.674,-0.330090275142179,0.290853655775072,Wilcoxon,two.sided,0.997351097178683,-2.8887219524359,-2.83020591217278,0.0568679652456721,BL/T04,ns,ns,ns/ns,TO
Klebsiella_pneumoniae,-0.00601537687635845,Value,BL,T04,20,20,103,0.956,-0.252371220775215,0.14989927105581,Wilcoxon,two.sided,0.997351097178683,-2.80702363610975,-2.64532862653565,0.149880153732336,BL/T04,ns,ns,ns/ns,TO
Klebsiella_quasipneumoniae,0.145126155557941,Value,BL,T04,20,20,139,0.216,-0.144464560085547,0.443285639865926,Wilcoxon,two.sided,0.861333333333333,-2.96303121940098,-3.05200718682884,-0.0852377752296716,BL/T04,ns,ns,ns/ns,TO
Klebsiella_variicola,0.00124683209815024,Value,BL,T04,20,20,106,0.985,-0.365610580007645,0.325080151596551,Wilcoxon,two.sided,0.997351097178683,-2.90932575824454,-2.85599373899377,0.0519584913831964,BL/T04,ns,ns,ns/ns,TO
Lachnospira_eligens,-0.136648026652884,Value,BL,T04,20,20,81,0.388,-0.434376388495352,0.172633054208448,Wilcoxon,two.sided,0.930330985915493,-2.40651761808976,-2.29186370915665,0.108543961153721,BL/T04,ns,ns,ns/ns,TO
Lachnospira_pectinoschiza,0.170358364024396,Value,BL,T04,20,20,136,0.261,-0.121413413936883,0.343209174934531,Wilcoxon,two.sided,0.926406593406593,-2.29707809608926,-2.46264310094009,-0.153205952156141,BL/T04,ns,ns,ns/ns,TO
Lachnospira_sp_NSJ_43,-0.0180535742582176,Value,BL,T04,20,20,103,0.956,-0.305421752111711,0.1497119061495,Wilcoxon,two.sided,0.997351097178683,-2.77971754962732,-2.73369318134666,0.0449966620068077,BL/T04,ns,ns,ns/ns,TO
Lachnospiraceae_bacterium_AM48_27BH,-0.131983540680109,Value,BL,T04,20,20,77,0.312,-0.406961879333731,0.14018443126072,Wilcoxon,two.sided,0.930330985915493,-2.94790653222518,-2.81549649844261,0.124348134850907,BL/T04,ns,ns,ns/ns,TO
Lachnospiraceae_bacterium_BX3,-0.144247884058025,Value,BL,T04,20,20,70,0.202,-0.384217201868745,0.0897722879467919,Wilcoxon,two.sided,0.8585,-2.82451768121919,-2.6834213734278,0.131989473795905,BL/T04,ns,ns,ns/ns,TO
Lachnospiraceae_bacterium_Marseille_Q4251,-0.282390689614901,Value,BL,T04,20,20,42,0.0172,-0.549041095259886,-0.0648711309105077,Wilcoxon,two.sided,0.8585,-2.86630769457191,-2.58719913480981,0.246163397620282,BL/T04,ns,*,*/ns,TO
Lachnospiraceae_bacterium_OM04_12BH,0.217463535624422,Value,BL,T04,20,20,148,0.114,-0.0277251353076844,0.424869184772287,Wilcoxon,two.sided,0.8585,-2.75161935466885,-2.92114090686023,-0.156594735424137,BL/T04,ns,ns,ns/ns,TO
Lacrimispora_amygdalina,-0.156738252717883,Value,BL,T04,20,20,69,0.189,-0.400693557752463,0.092535651698495,Wilcoxon,two.sided,0.8585,-2.73052060952205,-2.57793433985157,0.142008347465074,BL/T04,ns,ns,ns/ns,TO
Lacrimispora_celerecrescens,-0.0148451253742153,Value,BL,T04,20,20,101,0.898,-0.253647383969155,0.27041894838937,Wilcoxon,two.sided,0.997351097178683,-2.68903526285101,-2.67061007477499,0.0182575009442266,BL/T04,ns,ns,ns/ns,TO
Lacrimispora_saccharolytica,0.0333178843323416,Value,BL,T04,20,20,114,0.756,-0.220327443746254,0.268396509573732,Wilcoxon,two.sided,0.997351097178683,-2.81473128665484,-2.85819662601668,-0.042547231230554,BL/T04,ns,ns,ns/ns,TO
Lawsonibacter_asaccharolyticus,0.119234221520289,Value,BL,T04,20,20,135,0.277,-0.14643849213099,0.357199075950414,Wilcoxon,two.sided,0.930330985915493,-2.75994326137884,-2.86074790925081,-0.0960414104554438,BL/T04,ns,ns,ns/ns,TO
Longicatena_caecimuris,-0.187112360092445,Value,BL,T04,20,20,88,0.546,-0.616056935378658,0.276431934094503,Wilcoxon,two.sided,0.997351097178683,-3.02875161152714,-2.85334862233612,0.161611058319786,BL/T04,ns,ns,ns/ns,TO
Megamonas_funiformis,-0.115673520690728,Value,BL,T04,20,20,67,0.165,-0.44908630844711,0.0521766841614668,Wilcoxon,two.sided,0.8585,-2.82443287601656,-2.61007175779079,0.194218109875388,BL/T04,ns,ns,ns/ns,TO
Megasphaera_sp_NM10,0.114046668195706,Value,BL,T04,20,20,116,0.701,-0.269404360256863,0.503267225004843,Wilcoxon,two.sided,0.997351097178683,-2.76647959604964,-2.88785514139707,-0.114556097217491,BL/T04,ns,ns,ns/ns,TO
Mesosutterella_multiformis,-0.088996240016155,Value,BL,T04,20,20,91,0.622,-0.332954583319922,0.316842501351192,Wilcoxon,two.sided,0.997351097178683,-2.74739239177465,-2.74607308556009,0.00131843669480553,BL/T04,ns,ns,ns/ns,TO
Negativibacillus_massiliensis,0.229060361075356,Value,BL,T04,20,20,149,0.105,-0.0511508481439815,0.508606772851353,Wilcoxon,two.sided,0.8585,-2.7536397877238,-2.98382378034106,-0.207163745690941,BL/T04,ns,ns,ns/ns,TO
Odoribacter_sp_AF15_53,-0.0930172444821186,Value,BL,T04,20,20,94,0.701,-0.363656551632228,0.263686224879849,Wilcoxon,two.sided,0.997351097178683,-2.82624338678528,-2.73433786774488,0.087924352554274,BL/T04,ns,ns,ns/ns,TO
Odoribacter_splanchnicus,-0.0623019912260262,Value,BL,T04,20,20,82,0.409,-0.310406684629126,0.0664533610867026,Wilcoxon,two.sided,0.930330985915493,-2.72027286724866,-2.58942441955915,0.1229681896492,BL/T04,ns,ns,ns/ns,TO
Oscillibacter_sp_ER4,0.139811238364057,Value,BL,T04,20,20,143,0.165,-0.0460101343649317,0.335332748664976,Wilcoxon,two.sided,0.8585,-2.63885852387818,-2.73326216022924,-0.0902095905698321,BL/T04,ns,ns,ns/ns,TO
Oscillospiraceae_bacterium_Marseille_Q3528,0.117460615025211,Value,BL,T04,20,20,144,0.154,-0.091664517575434,0.345272394406382,Wilcoxon,two.sided,0.8585,-2.67357326160098,-2.82333613455774,-0.139555723684645,BL/T04,ns,ns,ns/ns,TO
Oscillospiraceae_bacterium_N12,-0.00675240166746238,Value,BL,T04,20,20,104,0.985,-0.37791357850901,0.333972654851665,Wilcoxon,two.sided,0.997351097178683,-2.96750295042795,-2.94474345036434,0.0225043665289063,BL/T04,ns,ns,ns/ns,TO
Oscillospiraceae_unclassified_SGB15252,-0.293607567262442,Value,BL,T04,20,20,53,0.0532,-0.583263988893061,0.00220355753591184,Wilcoxon,two.sided,0.8585,-2.97390573417562,-2.67762814777284,0.259496762034497,BL/T04,ns,ns,ns/ns,TO
Oscillospiraceae_unclassified_SGB15256,0.0145860031858449,Value,BL,T04,20,20,108,0.927,-0.301939938782749,0.303087888628821,Wilcoxon,two.sided,0.997351097178683,-2.74566832830314,-2.71467039036524,0.0305272049725895,BL/T04,ns,ns,ns/ns,TO
Parabacteroides_distasonis,0.0455770095827954,Value,BL,T04,20,20,121,0.571,-0.122584441839441,0.243056247063734,Wilcoxon,two.sided,0.997351097178683,-2.36262936520804,-2.43152618041913,-0.0666271027920572,BL/T04,ns,ns,ns/ns,TO
Parabacteroides_faecis,0.176240636021203,Value,BL,T04,20,20,139,0.216,-0.100895396706145,0.511312876949886,Wilcoxon,two.sided,0.861333333333333,-2.72767646978339,-2.93937021956052,-0.192019174015684,BL/T04,ns,ns,ns/ns,TO
Parabacteroides_goldsteinii,-0.0315623175038986,Value,BL,T04,20,20,98,0.812,-0.401364256378855,0.157811335723364,Wilcoxon,two.sided,0.997351097178683,-2.81846864863815,-2.72481171710371,0.0895270639007191,BL/T04,ns,ns,ns/ns,TO
Parabacteroides_johnsonii,0.0741420248590847,Value,BL,T04,20,20,118,0.648,-0.312952745605813,0.392689993456606,Wilcoxon,two.sided,0.997351097178683,-2.84784016689406,-2.8480605065524,-0.000220315387131356,BL/T04,ns,ns,ns/ns,TO
Parabacteroides_merdae,0.0647323548845026,Value,BL,T04,20,20,122,0.546,-0.13451259301602,0.296118275378659,Wilcoxon,two.sided,0.997351097178683,-2.4608009149363,-2.56631527538832,-0.100310711237346,BL/T04,ns,ns,ns/ns,TO
Parabacteroides_sp_TM07_1AC,0.109841666795924,Value,BL,T04,20,20,121,0.571,-0.205087407663849,0.428293716006172,Wilcoxon,two.sided,0.997351097178683,-2.78347044972234,-2.88811790748549,-0.0995262413164676,BL/T04,ns,ns,ns/ns,TO
Paraprevotella_clara,-0.0359515764241872,Value,BL,T04,20,20,97,0.784,-0.325538147636757,0.221032907031852,Wilcoxon,two.sided,0.997351097178683,-2.76352699476565,-2.69214475861079,0.068949624296337,BL/T04,ns,ns,ns/ns,TO
Parasutterella_excrementihominis,0.191478703916068,Value,BL,T04,20,20,152,0.0826,-0.0298589336652091,0.533833858320551,Wilcoxon,two.sided,0.8585,-2.64026030355008,-2.90473397892354,-0.23465596870118,BL/T04,ns,ns,ns/ns,TO
Parasutterella_SGB9260,-0.146451647318196,Value,BL,T04,20,20,63,0.123,-0.376076346759363,0.0299722545429179,Wilcoxon,two.sided,0.8585,-2.74017279254097,-2.52056236763301,0.198531483904518,BL/T04,ns,ns,ns/ns,TO
Phascolarctobacterium_faecium,-0.0886047099051096,Value,BL,T04,20,20,77,0.312,-0.357612869470244,0.0755068165609061,Wilcoxon,two.sided,0.930330985915493,-2.51070312730649,-2.35772195070906,0.142350915565997,BL/T04,ns,ns,ns/ns,TO
Phascolarctobacterium_SGB5790,-0.154213668614284,Value,BL,T04,20,20,79,0.349,-0.473044888483368,0.168965451844784,Wilcoxon,two.sided,0.930330985915493,-2.99244970208761,-2.84889731113289,0.134139549744867,BL/T04,ns,ns,ns/ns,TO
Phascolarctobacterium_succinatutens,-0.0938180797719819,Value,BL,T04,20,20,82,0.409,-0.40808795357003,0.109532784617761,Wilcoxon,two.sided,0.930330985915493,-2.90243841636143,-2.76209169333557,0.131332359169437,BL/T04,ns,ns,ns/ns,TO
Phocaeicola_coprocola,0.211584752089834,Value,BL,T04,20,20,145,0.143,-0.0735566847781717,0.584599455632736,Wilcoxon,two.sided,0.8585,-2.31459065989301,-2.57492200470023,-0.231374658461514,BL/T04,ns,ns,ns/ns,TO
Phocaeicola_coprophilus,-0.210741723065287,Value,BL,T04,20,20,72,0.231,-0.529263127120274,0.140832259295859,Wilcoxon,two.sided,0.867593023255814,-2.85641673585228,-2.6575473611899,0.181378924874697,BL/T04,ns,ns,ns/ns,TO
Phocaeicola_dorei,0.0210349674385992,Value,BL,T04,20,20,112,0.812,-0.369356112041702,0.272711324703124,Wilcoxon,two.sided,0.997351097178683,-2.47438705516751,-2.46645455680178,0.00790120149983977,BL/T04,ns,ns,ns/ns,TO
Phocaeicola_massiliensis,-0.240225591187253,Value,BL,T04,20,20,70,0.202,-0.547699033146003,0.129760594760585,Wilcoxon,two.sided,0.8585,-2.69043983623791,-2.52503911188493,0.153064997275451,BL/T04,ns,ns,ns/ns,TO
Phocaeicola_plebeius,0.00806457081261358,Value,BL,T04,20,20,109,0.898,-0.121916571485233,0.144008846979037,Wilcoxon,two.sided,0.997351097178683,-2.1731810808699,-2.17817206149915,-0.0049785669725063,BL/T04,ns,ns,ns/ns,TO
Phocaeicola_SGB6473,0.0884400342435007,Value,BL,T04,20,20,117,0.674,-0.187270989931108,0.36745380057526,Wilcoxon,two.sided,0.997351097178683,-2.62592073116348,-2.74874968739889,-0.115851354481397,BL/T04,ns,ns,ns/ns,TO
Phocaeicola_vulgatus,0.034974754326416,Value,BL,T04,20,20,116,0.701,-0.152787873929927,0.173046357729059,Wilcoxon,two.sided,0.997351097178683,-1.87028895380166,-1.88300280906148,-0.0126337127672189,BL/T04,ns,ns,ns/ns,TO
Prevotella_bivia,0.167741023838812,Value,BL,T04,20,20,141,0.189,-0.153337063704035,0.484075603357135,Wilcoxon,two.sided,0.8585,-2.75173783079439,-2.85624033550015,-0.0993950116036369,BL/T04,ns,ns,ns/ns,TO
Prevotella_copri_clade_A,0.0451792825093442,Value,BL,T04,20,20,118,0.648,-0.187892801473578,0.22940750602409,Wilcoxon,two.sided,0.997351097178683,-2.5288854856899,-2.51236542112044,0.0163850927694311,BL/T04,ns,ns,ns/ns,TO
Prevotella_copri_clade_C,-0.159794076251094,Value,BL,T04,20,20,81,0.388,-0.664220854693478,0.157573976324929,Wilcoxon,two.sided,0.930330985915493,-2.87794380775775,-2.65344614726691,0.20253068682504,BL/T04,ns,ns,ns/ns,TO
Prevotella_corporis,-0.27804584084931,Value,BL,T04,20,20,44,0.0215,-0.536231830609525,-0.0294316625993072,Wilcoxon,two.sided,0.8585,-3.00390511790136,-2.69817225164231,0.266764466486009,BL/T04,ns,*,*/ns,TO
Prevotella_disiens,0.0808244876041307,Value,BL,T04,20,20,110,0.869,-0.492511397179504,0.40503279493202,Wilcoxon,two.sided,0.997351097178683,-2.94280348968356,-2.90831435559822,0.033907714605846,BL/T04,ns,ns,ns/ns,TO
Prevotella_stercorea,-0.0379669166275093,Value,BL,T04,20,20,101,0.898,-0.47551314606544,0.334206767216496,Wilcoxon,two.sided,0.997351097178683,-2.77768110593131,-2.73801523522213,0.0388993833681453,BL/T04,ns,ns,ns/ns,TO
Prevotella_timonensis,0.0385654101668339,Value,BL,T04,20,20,118,0.648,-0.364075636489475,0.429396924970297,Wilcoxon,two.sided,0.997351097178683,-3.017598105548,-3.00023763109659,0.0172115030857234,BL/T04,ns,ns,ns/ns,TO
Pseudoruminococcus_massiliensis,-0.141342865765801,Value,BL,T04,20,20,69,0.189,-0.423713870669291,0.0835480068181276,Wilcoxon,two.sided,0.8585,-2.84315117201904,-2.66240853425224,0.166143594557038,BL/T04,ns,ns,ns/ns,TO
Rheinheimera_SGB14999,0.0685903199863671,Value,BL,T04,20,20,128,0.409,-0.112084985845066,0.342835425040293,Wilcoxon,two.sided,0.930330985915493,-2.67099735464778,-2.78745241830931,-0.110158543983894,BL/T04,ns,ns,ns/ns,TO
Romboutsia_timonensis,0.00386887606105191,Value,BL,T04,20,20,108,0.927,-0.141715883430803,0.221977157033111,Wilcoxon,two.sided,0.997351097178683,-2.64708368942794,-2.67227055946267,-0.0248749082025187,BL/T04,ns,ns,ns/ns,TO
Roseburia_faecis,-0.122397893306781,Value,BL,T04,20,20,73,0.245,-0.354403746988256,0.106462671775815,Wilcoxon,two.sided,0.889157303370787,-2.59942400994512,-2.47028439128633,0.121455943295491,BL/T04,ns,ns,ns/ns,TO
Roseburia_hominis,-0.120412686527503,Value,BL,T04,20,20,58,0.0826,-0.314743334972248,0.020576297788361,Wilcoxon,two.sided,0.8585,-2.61408364359681,-2.47172593082263,0.133094295789026,BL/T04,ns,ns,ns/ns,TO
Roseburia_intestinalis,0.127175077739447,Value,BL,T04,20,20,140,0.202,-0.106161836264065,0.368223086389044,Wilcoxon,two.sided,0.8585,-2.56144090946407,-2.70386122398943,-0.133149094767697,BL/T04,ns,ns,ns/ns,TO
Roseburia_inulinivorans,-0.235868169702439,Value,BL,T04,20,20,71,0.216,-0.483891427524196,0.215957590785646,Wilcoxon,two.sided,0.861333333333333,-2.65807890104284,-2.47336002111966,0.169505514310762,BL/T04,ns,ns,ns/ns,TO
Roseburia_sp_AF02_12,0.28792816411528,Value,BL,T04,20,20,153,0.0759,-0.0307691646687396,0.516678845817383,Wilcoxon,two.sided,0.8585,-2.64637050639592,-2.88557592857473,-0.214470385658727,BL/T04,ns,ns,ns/ns,TO
Roseburia_sp_AM16_25,-0.00865348084692319,Value,BL,T04,20,20,103,0.956,-0.424768023586743,0.328881328164145,Wilcoxon,two.sided,0.997351097178683,-2.87354969323476,-2.8336686840945,0.0391062923192626,BL/T04,ns,ns,ns/ns,TO
Roseburia_sp_AM23_20,0.173212591525036,Value,BL,T04,20,20,132,0.33,-0.18573832420292,0.530949371192172,Wilcoxon,two.sided,0.930330985915493,-2.78226007434807,-2.95696494970814,-0.161016946141357,BL/T04,ns,ns,ns/ns,TO
Roseburia_sp_AM59_24XD,-0.173377899261263,Value,BL,T04,20,20,57,0.0759,-0.411289677891301,0.0289855534860199,Wilcoxon,two.sided,0.8585,-2.81647619307955,-2.64025056349712,0.162310692963126,BL/T04,ns,ns,ns/ns,TO
Ruminococcus_bicirculans,0.0444594555587511,Value,BL,T04,20,20,114,0.756,-0.203619860842524,0.256239273727921,Wilcoxon,two.sided,0.997351097178683,-2.48147745617106,-2.52239827882694,-0.040105727812135,BL/T04,ns,ns,ns/ns,TO
Ruminococcus_bovis,0.251066539091781,Value,BL,T04,20,20,134,0.294,-0.128927233872793,0.528341248448728,Wilcoxon,two.sided,0.930330985915493,-2.70410714140329,-2.9261441482857,-0.200519144155349,BL/T04,ns,ns,ns/ns,TO
Ruminococcus_bromii,-0.136800867134107,Value,BL,T04,20,20,76,0.294,-0.441083279772609,0.110037932523965,Wilcoxon,two.sided,0.930330985915493,-2.51728941483715,-2.30959117084347,0.188716270289423,BL/T04,ns,ns,ns/ns,TO
Ruminococcus_callidus,0.00922854333264944,Value,BL,T04,20,20,108,0.927,-0.225691542971975,0.226281486455932,Wilcoxon,two.sided,0.997351097178683,-2.76932680079711,-2.76153223212101,0.007764347962378,BL/T04,ns,ns,ns/ns,TO
Ruminococcus_gnavus,0.165126422306037,Value,BL,T04,20,20,146,0.133,-0.0793454070645546,0.335329727410033,Wilcoxon,two.sided,0.8585,-2.54997599462206,-2.69870663281244,-0.138657539869229,BL/T04,ns,ns,ns/ns,TO
Ruminococcus_lactaris,-0.0856092105530828,Value,BL,T04,20,20,93,0.674,-0.462425820321917,0.365722624084656,Wilcoxon,two.sided,0.997351097178683,-2.85894103384406,-2.85440981513065,0.00452098364846099,BL/T04,ns,ns,ns/ns,TO
Ruminococcus_SGB4421,0.0421006404037693,Value,BL,T04,20,20,114,0.756,-0.30564003283775,0.367080681008775,Wilcoxon,two.sided,0.997351097178683,-2.8226046698831,-2.83663739343377,-0.0139351763944956,BL/T04,ns,ns,ns/ns,TO
Ruminococcus_sp_AF13_28,-0.0383519400523227,Value,BL,T04,20,20,99,0.841,-0.26890862156545,0.231998686821044,Wilcoxon,two.sided,0.997351097178683,-2.61251444089843,-2.60378659322466,0.00868998018618999,BL/T04,ns,ns,ns/ns,TO
Ruminococcus_sp_BSD2780120874_150323_B10,0.255466495562732,Value,BL,T04,20,20,148,0.114,-0.0640218304961528,0.565252927019132,Wilcoxon,two.sided,0.8585,-2.55995048894396,-2.83374738923156,-0.242002125514887,BL/T04,ns,ns,ns/ns,TO
Ruminococcus_torques,0.018919888330468,Value,BL,T04,20,20,111,0.841,-0.229785861735223,0.219380808251928,Wilcoxon,two.sided,0.997351097178683,-2.53976438172823,-2.51865979994444,0.020884964675141,BL/T04,ns,ns,ns/ns,TO
Ruthenibacterium_lactatiformans,0.188061158371663,Value,BL,T04,20,20,156,0.0583,-0.00624739126187857,0.421613424441023,Wilcoxon,two.sided,0.8585,-2.61715823308441,-2.83125138957449,-0.19399742485812,BL/T04,ns,ns,ns/ns,TO
Sellimonas_intestinalis,0.00331384757140563,Value,BL,T04,20,20,106,0.985,-0.415252577442894,0.297420317547072,Wilcoxon,two.sided,0.997351097178683,-2.90654565367861,-2.88799471788882,0.0183809660280461,BL/T04,ns,ns,ns/ns,TO
Streptococcus_parasanguinis,-0.0782822335162084,Value,BL,T04,20,20,95,0.729,-0.484849630041688,0.227719651112457,Wilcoxon,two.sided,0.997351097178683,-2.96552719849231,-2.8767481766299,0.0850569049601141,BL/T04,ns,ns,ns/ns,TO
Streptococcus_pasteurianus,0.0664909528862843,Value,BL,T04,20,20,118,0.648,-0.159988847771305,0.327707428418757,Wilcoxon,two.sided,0.997351097178683,-2.68095925038407,-2.79600590895031,-0.108896250284303,BL/T04,ns,ns,ns/ns,TO
Streptococcus_salivarius,-0.101539829978624,Value,BL,T04,20,20,68,0.177,-0.322155828243675,0.126189844867917,Wilcoxon,two.sided,0.8585,-2.76141033709991,-2.67702210243456,0.0810159889573161,BL/T04,ns,ns,ns/ns,TO
Streptococcus_thermophilus,-0.141798171740897,Value,BL,T04,20,20,77,0.312,-0.422895499259988,0.120480994110626,Wilcoxon,two.sided,0.930330985915493,-2.8311906496273,-2.67980618533745,0.140965100281491,BL/T04,ns,ns,ns/ns,TO
Sutterella_sp_AM11_39,-0.171696141206571,Value,BL,T04,20,20,66,0.154,-0.430133186583307,0.0774197956357328,Wilcoxon,two.sided,0.8585,-2.86585868431942,-2.68986182184632,0.162116181507833,BL/T04,ns,ns,ns/ns,TO
Sutterella_wadsworthensis,-0.0193095169609067,Value,BL,T04,20,20,98,0.812,-0.523993357188286,0.187482050148081,Wilcoxon,two.sided,0.997351097178683,-2.76021856385665,-2.61663087973684,0.134170412012967,BL/T04,ns,ns,ns/ns,TO
Tyzzerella_nexilis,-0.169662585168133,Value,BL,T04,20,20,71,0.216,-0.495275174047874,0.0537663227811005,Wilcoxon,two.sided,0.861333333333333,-2.81800760972228,-2.61431462847828,0.185394315402091,BL/T04,ns,ns,ns/ns,TO
Veillonella_atypica,0.0632712616360761,Value,BL,T04,20,20,114,0.756,-0.252400057550669,0.408512737635673,Wilcoxon,two.sided,0.997351097178683,-2.81298388790751,-2.90720746713191,-0.0900450516974353,BL/T04,ns,ns,ns/ns,TO
Veillonella_dispar,0.26959178457257,Value,BL,T04,20,20,158,0.0484,0.0162069176217019,0.474547460505472,Wilcoxon,two.sided,0.8585,-2.76622487210943,-2.98055090522622,-0.194189217632961,BL/T04,ns,*,*/ns,TO
Veillonella_parvula,-0.197432834927131,Value,BL,T04,20,20,67,0.165,-0.434024556954206,0.0400338035995231,Wilcoxon,two.sided,0.8585,-2.81117085193241,-2.63958230224981,0.158360562692719,BL/T04,ns,ns,ns/ns,TO
Veillonella_rogosae,0.0233992830797817,Value,BL,T04,20,20,111,0.841,-0.243349572440761,0.244732754872698,Wilcoxon,two.sided,0.997351097178683,-2.78173771015656,-2.7910512409965,-0.00927042733544002,BL/T04,ns,ns,ns/ns,TO
Vescimonas_coprocola,-0.00273049607523801,Value,BL,T04,20,20,105,1,-0.288493355841466,0.244935536447341,Wilcoxon,two.sided,1,-2.793244017407,-2.77238929357392,0.020640240942138,BL/T04,ns,ns,ns/ns,TO
Vescimonas_SGB15087,0.163458666918987,Value,BL,T04,20,20,137,0.245,-0.157132995247052,0.408926823893315,Wilcoxon,two.sided,0.889157303370787,-2.87217803735805,-2.95638200853232,-0.0808460506065032,BL/T04,ns,ns,ns/ns,TO
Victivallis_lenta,0.0271776020901432,Value,BL,T04,20,20,109,0.898,-0.225605800752258,0.253513565373806,Wilcoxon,two.sided,0.997351097178683,-2.82339185279446,-2.85214490126251,-0.0283474362786716,BL/T04,ns,ns,ns/ns,TO
Waltera_intestinalis,0.0560351417103514,Value,BL,T04,20,20,112,0.812,-0.252741762782659,0.330209051787919,Wilcoxon,two.sided,0.997351097178683,-2.66679426404233,-2.69822257701082,-0.0309445532648235,BL/T04,ns,ns,ns/ns,TO
Adlercreutzia_equolifaciens,0.155880510076885,Value,BL,T12,20,20,128,0.409,-0.161471574776068,0.462815370467255,Wilcoxon,two.sided,0.994234375,-2.82758763744016,-2.96876483750521,-0.132060361245122,BL/T12,ns,ns,ns/ns,TO
Agathobaculum_butyriciproducens,0.260818125131146,Value,BL,T12,20,20,158,0.0484,0.0066877941805723,0.52773025437663,Wilcoxon,two.sided,0.818734782608696,-2.56003417089394,-2.80741066817553,-0.221042543567619,BL/T12,ns,*,*/ns,TO
Akkermansia_muciniphila,0.0109661228298157,Value,BL,T12,20,20,108,0.927,-0.249473727479834,0.287922310441575,Wilcoxon,two.sided,0.994234375,-2.58577257259037,-2.59883723862035,-0.0129800593890054,BL/T12,ns,ns,ns/ns,TO
Alistipes_communis,0.122272338213952,Value,BL,T12,20,20,133,0.312,-0.219850857988479,0.302812196894766,Wilcoxon,two.sided,0.969,-2.82999077944883,-2.8651551383265,-0.0345602149577996,BL/T12,ns,ns,ns/ns,TO
Alistipes_finegoldii,-0.13931494428839,Value,BL,T12,20,20,73,0.245,-0.463346783959213,0.13866979349384,Wilcoxon,two.sided,0.965060975609756,-2.82808821924539,-2.69482235603401,0.125103608721327,BL/T12,ns,ns,ns/ns,TO
Alistipes_ihumii,-0.120304676455325,Value,BL,T12,20,20,79,0.349,-0.443845900231855,0.144103383256121,Wilcoxon,two.sided,0.974295081967213,-2.88225554628386,-2.72344110980288,0.147397444965404,BL/T12,ns,ns,ns/ns,TO
Alistipes_indistinctus,0.134518107156458,Value,BL,T12,20,20,144,0.154,-0.0578829329063306,0.330934045352973,Wilcoxon,two.sided,0.893296875,-2.70975567856453,-2.84288273751464,-0.12498111958003,BL/T12,ns,ns,ns/ns,TO
Alistipes_onderdonkii,-0.0694481016087791,Value,BL,T12,20,20,92,0.648,-0.348910116550233,0.196473073202028,Wilcoxon,two.sided,0.994234375,-2.61391330111486,-2.49441477225366,0.112880842952373,BL/T12,ns,ns,ns/ns,TO
Alistipes_putredinis,0.077409304272955,Value,BL,T12,20,20,129,0.388,-0.109622656044108,0.315736086567597,Wilcoxon,two.sided,0.97909375,-2.36834450318369,-2.47054308534399,-0.097306896093736,BL/T12,ns,ns,ns/ns,TO
Alistipes_senegalensis,-0.104638140145953,Value,BL,T12,20,20,75,0.277,-0.368086652615031,0.113696619245902,Wilcoxon,two.sided,0.969,-2.81243021955202,-2.68592378098123,0.119121196427123,BL/T12,ns,ns,ns/ns,TO
Alistipes_shahii,-0.100045263401879,Value,BL,T12,20,20,75,0.277,-0.269843761803275,0.119273798844109,Wilcoxon,two.sided,0.969,-2.62394890602468,-2.54905253578552,0.0722242571553484,BL/T12,ns,ns,ns/ns,TO
Alistipes_sp_AF17_16,-0.14233444541578,Value,BL,T12,20,20,76,0.294,-0.323751577893612,0.205487820249704,Wilcoxon,two.sided,0.969,-2.78163614893777,-2.71059687310816,0.0686294629030172,BL/T12,ns,ns,ns/ns,TO
Anaerobutyricum_hallii,0.218519623679556,Value,BL,T12,20,20,149,0.105,-0.079385988531083,0.573099410490026,Wilcoxon,two.sided,0.8925,-2.75452945954166,-2.98967093186223,-0.211185516005598,BL/T12,ns,ns,ns/ns,TO
Anaerobutyricum_soehngenii,-0.193462489173979,Value,BL,T12,20,20,66,0.154,-0.490870479319219,0.124792454184475,Wilcoxon,two.sided,0.893296875,-2.96732431016015,-2.78831993554968,0.164670331989805,BL/T12,ns,ns,ns/ns,TO
Anaerostipes_hadrus,-0.121407922820036,Value,BL,T12,20,20,67,0.165,-0.294418404230866,0.0642294726943546,Wilcoxon,two.sided,0.893296875,-2.68554871804616,-2.6088249197842,0.0739229105598422,BL/T12,ns,ns,ns/ns,TO
Anaerotignum_faecicola,-0.151629431784057,Value,BL,T12,20,20,78,0.33,-0.433446668624262,0.156689142403036,Wilcoxon,two.sided,0.974295081967213,-2.8283943328404,-2.68011470445652,0.138264846968494,BL/T12,ns,ns,ns/ns,TO
Anaerotignum_lactatifermentans,0.0207171600169116,Value,BL,T12,20,20,109,0.898,-0.203171639595933,0.221782372366046,Wilcoxon,two.sided,0.994234375,-2.76466351525082,-2.76730576679347,-0.00263876693284353,BL/T12,ns,ns,ns/ns,TO
Anaerotruncus_colihominis,0.0284981838773032,Value,BL,T12,20,20,120,0.596,-0.179002327689924,0.275587415160321,Wilcoxon,two.sided,0.994234375,-2.64545050974495,-2.69608975511882,-0.0493987840407503,BL/T12,ns,ns,ns/ns,TO
Bacteroides_caccae,0.187006039142274,Value,BL,T12,20,20,142,0.177,-0.0381840768848506,0.386154832972257,Wilcoxon,two.sided,0.893296875,-2.4199066915761,-2.5926364352676,-0.159334145590794,BL/T12,ns,ns,ns/ns,TO
Bacteroides_cellulosilyticus,-0.0393163691985948,Value,BL,T12,20,20,95,0.729,-0.333933309289834,0.198644115618071,Wilcoxon,two.sided,0.994234375,-2.77140413527998,-2.6859750589231,0.0819753708979804,BL/T12,ns,ns,ns/ns,TO
Bacteroides_clarus,0.247364261281486,Value,BL,T12,20,20,139,0.216,-0.159711404672736,0.581949341442624,Wilcoxon,two.sided,0.93024,-2.64944715489111,-2.88471572579068,-0.211288412753009,BL/T12,ns,ns,ns/ns,TO
Bacteroides_congonensis,-0.0331549471905943,Value,BL,T12,20,20,97,0.784,-0.306345729228923,0.255571478420782,Wilcoxon,two.sided,0.994234375,-2.74998442768736,-2.71444970652314,0.0349179321114636,BL/T12,ns,ns,ns/ns,TO
Bacteroides_eggerthii,0.0108442333572882,Value,BL,T12,20,20,108,0.927,-0.17478537843768,0.272352135941609,Wilcoxon,two.sided,0.994234375,-2.59448420667799,-2.65270238949584,-0.0565865341203284,BL/T12,ns,ns,ns/ns,TO
Bacteroides_faecis,0.0273397288145322,Value,BL,T12,20,20,111,0.841,-0.317837751701982,0.389987386183806,Wilcoxon,two.sided,0.994234375,-2.71564782373414,-2.75006196967848,-0.0338352238889049,BL/T12,ns,ns,ns/ns,TO
Bacteroides_finegoldii,0.0183705329693739,Value,BL,T12,20,20,108,0.927,-0.20182062752501,0.335841652410663,Wilcoxon,two.sided,0.994234375,-2.60537575123314,-2.63825099666386,-0.0323464136581808,BL/T12,ns,ns,ns/ns,TO
Bacteroides_fragilis,-0.027363753661461,Value,BL,T12,20,20,99,0.841,-0.256106489910954,0.201325542080989,Wilcoxon,two.sided,0.994234375,-2.52695650923925,-2.409128673238,0.111387370031544,BL/T12,ns,ns,ns/ns,TO
Bacteroides_intestinalis,-0.00294010342417927,Value,BL,T12,20,20,104,0.985,-0.294446863859846,0.254287131661133,Wilcoxon,two.sided,0.994234375,-2.75329807562469,-2.70586760926414,0.0463399900481535,BL/T12,ns,ns,ns/ns,TO
Bacteroides_nordii,-0.179609545687785,Value,BL,T12,20,20,66,0.154,-0.453151941813644,0.0553285130471783,Wilcoxon,two.sided,0.893296875,-2.87313405673344,-2.70276795701799,0.15731660560458,BL/T12,ns,ns,ns/ns,TO
Bacteroides_ovatus,-0.0382214783199026,Value,BL,T12,20,20,98,0.812,-0.336560321962335,0.217618663838604,Wilcoxon,two.sided,0.994234375,-2.53875892717701,-2.50559745904408,0.0326234878284085,BL/T12,ns,ns,ns/ns,TO
Bacteroides_salyersiae,-0.0964408556372405,Value,BL,T12,20,20,83,0.43,-0.359246177897838,0.130621289580923,Wilcoxon,two.sided,0.994234375,-2.64667827935637,-2.5113208725334,0.126947497243329,BL/T12,ns,ns,ns/ns,TO
Bacteroides_sp_AF16_49,0.0246722732258716,Value,BL,T12,20,20,110,0.869,-0.258131371948645,0.427320297070413,Wilcoxon,two.sided,0.994234375,-2.71766522152322,-2.81358013130586,-0.0915895484522738,BL/T12,ns,ns,ns/ns,TO
Bacteroides_stercoris,-0.148749188161857,Value,BL,T12,20,20,65,0.143,-0.527488675507792,0.0529833713401668,Wilcoxon,two.sided,0.893296875,-2.29759327618608,-2.07100922565188,0.204233111136617,BL/T12,ns,ns,ns/ns,TO
Bacteroides_thetaiotaomicron,0.0462349079737157,Value,BL,T12,20,20,120,0.596,-0.107013126548756,0.197105829539389,Wilcoxon,two.sided,0.994234375,-2.42990242731985,-2.47201846024287,-0.0412532931037501,BL/T12,ns,ns,ns/ns,TO
Bacteroides_uniformis,-0.00604145556075386,Value,BL,T12,20,20,101,0.898,-0.126116703153661,0.124431213126974,Wilcoxon,two.sided,0.994234375,-2.04082643930664,-2.04483524518847,-0.00400079202970697,BL/T12,ns,ns,ns/ns,TO
Bacteroides_xylanisolvens,-0.168901495473826,Value,BL,T12,20,20,63,0.123,-0.449007873893138,0.0418535617862772,Wilcoxon,two.sided,0.893296875,-2.54973114315054,-2.35877778912387,0.174754124221349,BL/T12,ns,ns,ns/ns,TO
Barnesiella_intestinihominis,0.131161618300711,Value,BL,T12,20,20,124,0.498,-0.199145460908673,0.278639387513484,Wilcoxon,two.sided,0.994234375,-2.73552401671537,-2.67909592458195,0.0548934934134945,BL/T12,ns,ns,ns/ns,TO
Bifidobacterium_adolescentis,-0.12994118130915,Value,BL,T12,20,20,84,0.452,-0.430232301502711,0.11591793366081,Wilcoxon,two.sided,0.994234375,-2.78794391164906,-2.61548087482246,0.159106695746791,BL/T12,ns,ns,ns/ns,TO
Bifidobacterium_bifidum,-0.284186649515556,Value,BL,T12,20,20,54,0.0583,-0.580537343628783,0.00771839745416925,Wilcoxon,two.sided,0.818734782608696,-2.83737209165116,-2.58454161296478,0.225405374411831,BL/T12,ns,ns,ns/ns,TO
Bifidobacterium_longum,0.0334220697446815,Value,BL,T12,20,20,114,0.756,-0.195061193802451,0.269204702606595,Wilcoxon,two.sided,0.994234375,-2.70028497998574,-2.73285983598777,-0.0320555429849064,BL/T12,ns,ns,ns/ns,TO
Bifidobacterium_pseudocatenulatum,0.337678943764695,Value,BL,T12,20,20,178,0.00486,0.123854005510942,0.62853744382911,Wilcoxon,two.sided,0.313956,-2.54648511555585,-2.92887322157357,-0.323812515166146,BL/T12,ns,**,**/ns,TO
Bilophila_wadsworthia,-0.217183119057689,Value,BL,T12,20,20,54,0.0583,-0.382596002989357,0.0167916327209552,Wilcoxon,two.sided,0.818734782608696,-2.67792687340756,-2.4942344851047,0.16863869552944,BL/T12,ns,ns,ns/ns,TO
Blautia_caecimuris,0.190855259370754,Value,BL,T12,20,20,148,0.114,-0.0723976049885855,0.384171699255483,Wilcoxon,two.sided,0.893296875,-2.76670815732157,-2.98992425867475,-0.201483538849853,BL/T12,ns,ns,ns/ns,TO
Blautia_faecicola,-0.0592016491599217,Value,BL,T12,20,20,95,0.729,-0.297680545021965,0.268209731460951,Wilcoxon,two.sided,0.994234375,-2.82488440092763,-2.8516718063295,-0.0264349040668826,BL/T12,ns,ns,ns/ns,TO
Blautia_faecis,-0.0742994743680722,Value,BL,T12,20,20,90,0.596,-0.46149925025484,0.178394244115728,Wilcoxon,two.sided,0.994234375,-2.79251638168872,-2.63344051088453,0.14762302451375,BL/T12,ns,ns,ns/ns,TO
Blautia_glucerasea,-0.00358353159311064,Value,BL,T12,20,20,104,0.985,-0.191323812869451,0.240103860099738,Wilcoxon,two.sided,0.994234375,-2.71471913754048,-2.76578682905093,-0.0498064965862051,BL/T12,ns,ns,ns/ns,TO
Blautia_hansenii,0.130187131998002,Value,BL,T12,20,20,131,0.349,-0.226750765845693,0.403297864627837,Wilcoxon,two.sided,0.974295081967213,-2.79497053303983,-2.85359978125714,-0.0569749092092351,BL/T12,ns,ns,ns/ns,TO
Blautia_luti,-0.297476489743446,Value,BL,T12,20,20,46,0.0266,-0.531487682674133,-0.0407641022406628,Wilcoxon,two.sided,0.781072727272727,-2.95105179275176,-2.64091687189032,0.270130124933643,BL/T12,ns,*,*/ns,TO
Blautia_massiliensis,0.0117088328168212,Value,BL,T12,20,20,108,0.927,-0.244716312591716,0.271113175833339,Wilcoxon,two.sided,0.994234375,-2.7860515651248,-2.7960792010699,-0.00997769280070615,BL/T12,ns,ns,ns/ns,TO
Blautia_obeum,-0.055411946774949,Value,BL,T12,20,20,88,0.546,-0.335318211737978,0.1972435558664,Wilcoxon,two.sided,0.994234375,-2.82432275849776,-2.74486239937098,0.0764612487855325,BL/T12,ns,ns,ns/ns,TO
Blautia_sp_MSK_20_85,0.0438431315000408,Value,BL,T12,20,20,109,0.898,-0.271832984345052,0.368050268693254,Wilcoxon,two.sided,0.994234375,-2.67290732636931,-2.70250606545711,-0.0291691526368292,BL/T12,ns,ns,ns/ns,TO
Blautia_stercoris,-0.0970097135206803,Value,BL,T12,20,20,77,0.312,-0.30441742345485,0.12889473827545,Wilcoxon,two.sided,0.969,-2.84920248264931,-2.79595990453974,0.0518735751961575,BL/T12,ns,ns,ns/ns,TO
Blautia_wexlerae,-0.0972292921803384,Value,BL,T12,20,20,68,0.177,-0.26360715612207,0.0370949773970246,Wilcoxon,two.sided,0.893296875,-2.44047681385511,-2.32141874741746,0.112487319348666,BL/T12,ns,ns,ns/ns,TO
Butyricicoccus_sp_AM29_23AC,-0.0647410945650091,Value,BL,T12,20,20,90,0.596,-0.379559304508717,0.258722623057289,Wilcoxon,two.sided,0.994234375,-2.86213276271179,-2.80994231961798,0.0508741274884933,BL/T12,ns,ns,ns/ns,TO
Butyricimonas_faecihominis,0.0896071943952761,Value,BL,T12,20,20,126,0.452,-0.183632970773501,0.51083567189273,Wilcoxon,two.sided,0.994234375,-2.81430941188244,-2.95338602213839,-0.130217943182893,BL/T12,ns,ns,ns/ns,TO
Butyricimonas_paravirosa,-0.182229760514614,Value,BL,T12,20,20,68,0.177,-0.418967534050411,0.108400724959664,Wilcoxon,two.sided,0.893296875,-2.8186884375479,-2.71730506283771,0.0965670030439106,BL/T12,ns,ns,ns/ns,TO
Butyricimonas_SGB15260,-0.229289885581395,Value,BL,T12,20,20,61,0.105,-0.513756625431532,0.0522833372529981,Wilcoxon,two.sided,0.8925,-2.86552509426105,-2.63729268080665,0.205576073587885,BL/T12,ns,ns,ns/ns,TO
Butyricimonas_sp_Marseille_P3923,-0.0232328001773753,Value,BL,T12,20,20,103,0.956,-0.284505775370163,0.299759076183389,Wilcoxon,two.sided,0.994234375,-2.7705287305128,-2.79524761835991,-0.0244183192164684,BL/T12,ns,ns,ns/ns,TO
Butyricimonas_virosa,0.0352793882622104,Value,BL,T12,20,20,115,0.729,-0.218522666484428,0.181333753657582,Wilcoxon,two.sided,0.994234375,-2.65788390806824,-2.59710147104473,0.0590067839620136,BL/T12,ns,ns,ns/ns,TO
Candidatus_Cibionibacter_quicibialis,-0.227738087173242,Value,BL,T12,20,20,52,0.0484,-0.42121514858261,-0.00207432278681807,Wilcoxon,two.sided,0.818734782608696,-2.67878735607643,-2.4730980768484,0.187051419360722,BL/T12,ns,*,*/ns,TO
Catenibacterium_SGB4425,0.214224995484476,Value,BL,T12,20,20,149,0.105,-0.0202814367928288,0.569469603194418,Wilcoxon,two.sided,0.8925,-2.6940609955321,-3.01458869042633,-0.278031425571266,BL/T12,ns,ns,ns/ns,TO
Clostridiaceae_bacterium,-0.182845039478122,Value,BL,T12,20,20,29,0.00315,-0.312114119923453,-0.0684325307943829,Wilcoxon,two.sided,0.313956,-2.62937107521888,-2.44135738490547,0.17228274470689,BL/T12,ns,**,**/ns,TO
Clostridiaceae_bacterium_AF18_31LB,-0.408638531840111,Value,BL,T12,20,20,25,0.00169,-0.651897066961897,-0.129285381777042,Wilcoxon,two.sided,0.272935,-2.95488014447949,-2.55013638333933,0.339854909740414,BL/T12,ns,**,**/ns,TO
Clostridiaceae_bacterium_Marseille_Q3526,-0.308542428811026,Value,BL,T12,20,20,54,0.0583,-0.647745088670111,0.0151444869114234,Wilcoxon,two.sided,0.818734782608696,-2.92795755723199,-2.59674654957868,0.286089060020957,BL/T12,ns,ns,ns/ns,TO
Clostridiaceae_bacterium_Marseille_Q4143,-0.0907484897405337,Value,BL,T12,20,20,87,0.522,-0.378307289490325,0.205106945821489,Wilcoxon,two.sided,0.994234375,-2.86908756057759,-2.77022290780633,0.0942775129430795,BL/T12,ns,ns,ns/ns,TO
Clostridiaceae_bacterium_Marseille_Q4145,-0.319630435758186,Value,BL,T12,20,20,65,0.143,-0.643101520667617,0.122267198661986,Wilcoxon,two.sided,0.893296875,-3.08174604053741,-2.80495933350979,0.24434653649663,BL/T12,ns,ns,ns/ns,TO
Clostridiaceae_bacterium_Marseille_Q4149,0.0809231263070869,Value,BL,T12,20,20,130,0.368,-0.118465298131951,0.479997972849524,Wilcoxon,two.sided,0.974295081967213,-2.63880019873538,-2.79969852480472,-0.14919412443588,BL/T12,ns,ns,ns/ns,TO
Clostridiaceae_unclassified_SGB4771,-0.159051237329515,Value,BL,T12,20,20,74,0.261,-0.47756673322163,0.128204365930922,Wilcoxon,two.sided,0.969,-2.89025687280363,-2.71818167918749,0.1587758474723,BL/T12,ns,ns,ns/ns,TO
Clostridiales_bacterium,0.0717960682486296,Value,BL,T12,20,20,119,0.622,-0.188203406266981,0.296568632918524,Wilcoxon,two.sided,0.994234375,-2.70230332885863,-2.75918638747537,-0.0553240655894682,BL/T12,ns,ns,ns/ns,TO
Clostridiales_bacterium_Choco116,0.284248861565943,Value,BL,T12,20,20,157,0.0532,-0.0125257079891579,0.56159346886838,Wilcoxon,two.sided,0.818734782608696,-2.64910350670896,-2.91791118958555,-0.238077627110725,BL/T12,ns,ns,ns/ns,TO
Clostridiales_bacterium_KLE1615,0.101085722325221,Value,BL,T12,20,20,117,0.674,-0.18790034344355,0.362362610679141,Wilcoxon,two.sided,0.994234375,-2.58039342858677,-2.64816891579356,-0.0655775004679443,BL/T12,ns,ns,ns/ns,TO
Clostridium_butyricum,-0.169078923162696,Value,BL,T12,20,20,76,0.294,-0.448784950282182,0.181364966550639,Wilcoxon,two.sided,0.969,-2.89308687263065,-2.78610910334338,0.101633571580201,BL/T12,ns,ns,ns/ns,TO
Clostridium_fessum,0.0381498575129636,Value,BL,T12,20,20,119,0.622,-0.158893788722554,0.213956995169674,Wilcoxon,two.sided,0.994234375,-2.55021473334932,-2.57088335993077,-0.0204579287955615,BL/T12,ns,ns,ns/ns,TO
Clostridium_leptum,0.077114781474858,Value,BL,T12,20,20,123,0.522,-0.133650919008219,0.278847548492362,Wilcoxon,two.sided,0.994234375,-2.70954601956,-2.77986856997424,-0.0679600520324756,BL/T12,ns,ns,ns/ns,TO
Clostridium_SGB4750,-0.0275135239098733,Value,BL,T12,20,20,101,0.898,-0.337286289346096,0.25017865147627,Wilcoxon,two.sided,0.994234375,-2.71360365529418,-2.69696051174024,0.0165061641955995,BL/T12,ns,ns,ns/ns,TO
Clostridium_SGB4751,0.146493424101876,Value,BL,T12,20,20,130,0.368,-0.223826282289082,0.391622979350154,Wilcoxon,two.sided,0.974295081967213,-2.76143490509459,-2.9021785696324,-0.131680387040781,BL/T12,ns,ns,ns/ns,TO
Clostridium_SGB6179,0.0386598720410811,Value,BL,T12,20,20,112,0.812,-0.385741341125108,0.385310478729256,Wilcoxon,two.sided,0.994234375,-2.77913112771171,-2.74233847411986,0.0361319609347628,BL/T12,ns,ns,ns/ns,TO
Clostridium_sp_1001270H_150608_G6,0.0516934117816478,Value,BL,T12,20,20,116,0.701,-0.123621674885343,0.229860771621899,Wilcoxon,two.sided,0.994234375,-2.56451383008012,-2.61429175855446,-0.0485786451097458,BL/T12,ns,ns,ns/ns,TO
Clostridium_sp_AF12_28,0.00931732047873257,Value,BL,T12,20,20,108,0.927,-0.237157389720371,0.194097675966259,Wilcoxon,two.sided,0.994234375,-2.72260478413004,-2.71726589013616,0.00532469262333086,BL/T12,ns,ns,ns/ns,TO
Clostridium_sp_AF20_17LB,0.203226425291199,Value,BL,T12,20,20,144,0.154,-0.152499642795181,0.497758713985644,Wilcoxon,two.sided,0.893296875,-2.74111478117333,-2.96552177291922,-0.202456638417381,BL/T12,ns,ns,ns/ns,TO
Clostridium_sp_AF27_2AA,0.134717390527274,Value,BL,T12,20,20,131,0.349,-0.107701957195856,0.335985948339891,Wilcoxon,two.sided,0.974295081967213,-2.67324633169937,-2.79765220302198,-0.11725478177496,BL/T12,ns,ns,ns/ns,TO
Clostridium_sp_AF34_10BH,-0.246920444471685,Value,BL,T12,20,20,54,0.0583,-0.452446103046652,0.00322438916754453,Wilcoxon,two.sided,0.818734782608696,-2.51301290863425,-2.29460852403369,0.197542121246768,BL/T12,ns,ns,ns/ns,TO
Clostridium_sp_AF34_13,-0.0247679648705376,Value,BL,T12,20,20,101,0.898,-0.335826620839827,0.26718140001092,Wilcoxon,two.sided,0.994234375,-2.69640467905648,-2.66467253750303,0.0312390806114442,BL/T12,ns,ns,ns/ns,TO
Clostridium_sp_AF36_4,0.0976946175546819,Value,BL,T12,20,20,122,0.546,-0.191801693566965,0.383939764752838,Wilcoxon,two.sided,0.994234375,-2.70335290754545,-2.82061958389237,-0.11088523496475,BL/T12,ns,ns,ns/ns,TO
Clostridium_sp_AM22_11AC,-0.0502896656620692,Value,BL,T12,20,20,92,0.648,-0.231244949620129,0.176126924352641,Wilcoxon,two.sided,0.994234375,-2.63686694916315,-2.67336695643256,-0.0358496599071132,BL/T12,ns,ns,ns/ns,TO
Clostridium_sp_AM33_3,-0.0751469652371711,Value,BL,T12,20,20,83,0.43,-0.348625651401588,0.128136603827065,Wilcoxon,two.sided,0.994234375,-2.81948860769178,-2.70393964634466,0.109346625766876,BL/T12,ns,ns,ns/ns,TO
Clostridium_sp_AM42_4,-0.0569737911878585,Value,BL,T12,20,20,89,0.571,-0.275185722655154,0.137885222567267,Wilcoxon,two.sided,0.994234375,-2.73510591964508,-2.6727246648332,0.0605128553937479,BL/T12,ns,ns,ns/ns,TO
Clostridium_sp_AM49_4BH,0.075620106092853,Value,BL,T12,20,20,130,0.368,-0.31798660411619,0.211579708487871,Wilcoxon,two.sided,0.974295081967213,-2.8624689683007,-2.80340811861418,0.0573825245403115,BL/T12,ns,ns,ns/ns,TO
Clostridium_sp_AT4,-0.201136188759723,Value,BL,T12,20,20,66,0.154,-0.484680047257128,0.0831800482541147,Wilcoxon,two.sided,0.893296875,-2.8367957049802,-2.62528100607355,0.191871394016892,BL/T12,ns,ns,ns/ns,TO
Clostridium_symbiosum,-0.173633196280983,Value,BL,T12,20,20,69,0.189,-0.498750152574576,0.147706437991642,Wilcoxon,two.sided,0.89775,-3.02729958551346,-2.8457288314933,0.166844700760945,BL/T12,ns,ns,ns/ns,TO
Collinsella_aerofaciens,0.052468690398955,Value,BL,T12,20,20,119,0.622,-0.146910656758489,0.30895091061152,Wilcoxon,two.sided,0.994234375,-2.68974333637282,-2.79099671860106,-0.0964489695264163,BL/T12,ns,ns,ns/ns,TO
Collinsella_SGB14861,0.0176793944678492,Value,BL,T12,20,20,112,0.812,-0.166056109739978,0.287097875570937,Wilcoxon,two.sided,0.994234375,-2.77830892818451,-2.91871233879336,-0.131382068764682,BL/T12,ns,ns,ns/ns,TO
Collinsella_SGB4121,0.11606861677839,Value,BL,T12,20,20,129,0.388,-0.143776116944631,0.377757447187926,Wilcoxon,two.sided,0.97909375,-2.62993274500435,-2.75925577088725,-0.121618361057826,BL/T12,ns,ns,ns/ns,TO
Coprobacillus_cateniformis,0.223264616288488,Value,BL,T12,20,20,144,0.154,-0.0823374078639378,0.580112989068746,Wilcoxon,two.sided,0.893296875,-2.70242474117596,-2.9510659458093,-0.222055923768417,BL/T12,ns,ns,ns/ns,TO
Coprobacter_fastidiosus,-0.248465645073305,Value,BL,T12,20,20,68,0.177,-0.598394209832855,0.0828106161206812,Wilcoxon,two.sided,0.893296875,-2.9589711559856,-2.72551420098447,0.209820759743705,BL/T12,ns,ns,ns/ns,TO
Coprobacter_secundus,-0.147908049413448,Value,BL,T12,20,20,70,0.202,-0.393639243513213,0.127364424473682,Wilcoxon,two.sided,0.918957746478873,-2.90665990084165,-2.77208814601734,0.126255271209754,BL/T12,ns,ns,ns/ns,TO
Coprococcus_catus,-0.117837079641115,Value,BL,T12,20,20,82,0.409,-0.386222041825911,0.20074939411579,Wilcoxon,two.sided,0.994234375,-2.79054540546653,-2.7036305596297,0.0833432663738635,BL/T12,ns,ns,ns/ns,TO
Coprococcus_comes,0.115995373852059,Value,BL,T12,20,20,137,0.245,-0.0629568776145164,0.291699078094061,Wilcoxon,two.sided,0.965060975609756,-2.58031279888257,-2.67585562291333,-0.0912499701435461,BL/T12,ns,ns,ns/ns,TO
Coprococcus_eutactus,0.181688619375905,Value,BL,T12,20,20,140,0.202,-0.129856175385218,0.504152967102431,Wilcoxon,two.sided,0.918957746478873,-2.71110881361607,-2.89457157351759,-0.168444683402916,BL/T12,ns,ns,ns/ns,TO
Coprococcus_SGB4669,-0.137092581445369,Value,BL,T12,20,20,80,0.368,-0.404147785919095,0.16855838318683,Wilcoxon,two.sided,0.974295081967213,-2.92123956230374,-2.84308756197292,0.0752484647091097,BL/T12,ns,ns,ns/ns,TO
Desulfovibrio_piger,0.0596262383302937,Value,BL,T12,20,20,116,0.701,-0.261978363264939,0.320551733519722,Wilcoxon,two.sided,0.994234375,-2.77272770926442,-2.77876678548934,-0.00602091408909442,BL/T12,ns,ns,ns/ns,TO
Desulfovibrio_SGB5076,-0.0433223808575808,Value,BL,T12,20,20,95,0.729,-0.300879215649857,0.140665285669103,Wilcoxon,two.sided,0.994234375,-2.83927997999287,-2.75039304877061,0.0851560104815742,BL/T12,ns,ns,ns/ns,TO
Desulfovibrio_SGB5077,0.0863118238439182,Value,BL,T12,20,20,125,0.475,-0.157767304836337,0.330939618162677,Wilcoxon,two.sided,0.994234375,-2.56584294212912,-2.64280332775293,-0.074142615347181,BL/T12,ns,ns,ns/ns,TO
Dialister_hominis,0.277427174509868,Value,BL,T12,20,20,155,0.0637,-0.0436668662361672,0.600707233887838,Wilcoxon,two.sided,0.857295833333333,-2.80959736633095,-3.07906394340602,-0.238596794187092,BL/T12,ns,ns,ns/ns,TO
Dialister_invisus,-0.0297853102961724,Value,BL,T12,20,20,97,0.784,-0.311292086488368,0.2093666130709,Wilcoxon,two.sided,0.994234375,-2.65014047051425,-2.64171926662176,0.00838594337403273,BL/T12,ns,ns,ns/ns,TO
Dorea_formicigenerans,0.1057799666513,Value,BL,T12,20,20,131,0.349,-0.13491549466052,0.380325208510568,Wilcoxon,two.sided,0.974295081967213,-2.65339912081197,-2.79999790068983,-0.136799977369709,BL/T12,ns,ns,ns/ns,TO
Dorea_longicatena,0.163985576823064,Value,BL,T12,20,20,145,0.143,-0.0776786620229553,0.411124732961171,Wilcoxon,two.sided,0.893296875,-2.66982853463672,-2.83915209260665,-0.156425426032026,BL/T12,ns,ns,ns/ns,TO
Dorea_sp_AF36_15AT,-0.0369698167578895,Value,BL,T12,20,20,100,0.869,-0.378640209128215,0.280279702520361,Wilcoxon,two.sided,0.994234375,-2.87231331671836,-2.79415092124936,0.0752581062884567,BL/T12,ns,ns,ns/ns,TO
Dysosmobacter_sp_BX15,0.130221769463499,Value,BL,T12,20,20,117,0.674,-0.340063266230088,0.467840736336519,Wilcoxon,two.sided,0.994234375,-2.76287113434457,-2.79630023735004,-0.0328824988563065,BL/T12,ns,ns,ns/ns,TO
Dysosmobacter_sp_NSJ_60,-0.0104262292126112,Value,BL,T12,20,20,98,0.812,-0.220383487512715,0.162787905654136,Wilcoxon,two.sided,0.994234375,-2.71336767018584,-2.69026345815753,0.022841350821571,BL/T12,ns,ns,ns/ns,TO
Dysosmobacter_welbionis,0.0533684268370944,Value,BL,T12,20,20,125,0.475,-0.143882972130495,0.202898970613232,Wilcoxon,two.sided,0.994234375,-2.60726218743024,-2.6350136472181,-0.0273733671673607,BL/T12,ns,ns,ns/ns,TO
Eggerthella_lenta,0.0233566615649327,Value,BL,T12,20,20,114,0.756,-0.202483708654932,0.337732875004989,Wilcoxon,two.sided,0.994234375,-2.77907188835745,-2.83178378290025,-0.0513695912925287,BL/T12,ns,ns,ns/ns,TO
Eisenbergiella_massiliensis,0.0205181791120657,Value,BL,T12,20,20,107,0.956,-0.235359051589689,0.293551440327192,Wilcoxon,two.sided,0.994234375,-2.83632175952814,-2.84809452901669,-0.0117040095747695,BL/T12,ns,ns,ns/ns,TO
Eisenbergiella_tayi,0.124269160625755,Value,BL,T12,20,20,117,0.674,-0.309835054293727,0.541478411846463,Wilcoxon,two.sided,0.994234375,-2.84472127629326,-2.95459050183611,-0.104242193557273,BL/T12,ns,ns,ns/ns,TO
Enterobacter_hormaechei,0.195264961385989,Value,BL,T12,20,20,133,0.312,-0.180847069714156,0.465787398864594,Wilcoxon,two.sided,0.969,-2.86143026586267,-2.98982667854744,-0.120797521023994,BL/T12,ns,ns,ns/ns,TO
Enterobacter_kobei,-0.037729953768225,Value,BL,T12,20,20,99,0.841,-0.4269965587571,0.290804951292897,Wilcoxon,two.sided,0.994234375,-2.75849940357837,-2.72024204290833,0.0375436930003819,BL/T12,ns,ns,ns/ns,TO
Enterocloster_aldenensis,-0.232901232213667,Value,BL,T12,20,20,50,0.04,-0.492040588956412,-0.00912108677647439,Wilcoxon,two.sided,0.818734782608696,-2.83693318736319,-2.58951114113845,0.221079058694879,BL/T12,ns,*,*/ns,TO
Enterocloster_asparagiformis,-0.154339016126631,Value,BL,T12,20,20,80,0.368,-0.512311860500148,0.161597739617614,Wilcoxon,two.sided,0.974295081967213,-2.99643229637833,-2.80266326744399,0.177115553154312,BL/T12,ns,ns,ns/ns,TO
Enterocloster_bolteae,0.267020340733414,Value,BL,T12,20,20,164,0.0266,0.0413425061926533,0.537377679135226,Wilcoxon,two.sided,0.781072727272727,-2.57607553753407,-2.87072305974763,-0.258238474483941,BL/T12,ns,*,*/ns,TO
Enterocloster_citroniae,0.0194857952545606,Value,BL,T12,20,20,111,0.841,-0.256429620863797,0.345245756681154,Wilcoxon,two.sided,0.994234375,-2.82173723892194,-2.87746984052273,-0.0542349350378583,BL/T12,ns,ns,ns/ns,TO
Enterocloster_clostridioformis,0.0766305818798587,Value,BL,T12,20,20,126,0.452,-0.125761570895323,0.318075569927265,Wilcoxon,two.sided,0.994234375,-2.67520583476906,-2.79935458527543,-0.117026083023455,BL/T12,ns,ns,ns/ns,TO
Enterocloster_lavalensis,-0.0632133393200242,Value,BL,T12,20,20,88,0.546,-0.264451924449255,0.138947952362618,Wilcoxon,two.sided,0.994234375,-2.83108439789895,-2.75077724008523,0.0772454060836574,BL/T12,ns,ns,ns/ns,TO
Enterocloster_SGB14313,0.0778109876492199,Value,BL,T12,20,20,122,0.546,-0.180586699029891,0.31365445211411,Wilcoxon,two.sided,0.994234375,-2.74795235743331,-2.81711599179122,-0.0668766926932705,BL/T12,ns,ns,ns/ns,TO
Erysipelatoclostridium_ramosum,-0.0439576326629448,Value,BL,T12,20,20,92,0.648,-0.303478242869051,0.152135511541849,Wilcoxon,two.sided,0.994234375,-2.81843339433529,-2.66690768845042,0.141087763854763,BL/T12,ns,ns,ns/ns,TO
Escherichia_coli,0.0283449341040658,Value,BL,T12,20,20,111,0.841,-0.317351067614566,0.372677117806364,Wilcoxon,two.sided,0.994234375,-2.45803383842369,-2.53901253960404,-0.0778668355770764,BL/T12,ns,ns,ns/ns,TO
Eubacteriaceae_bacterium,-0.340470659622985,Value,BL,T12,20,20,49,0.0362,-0.647545849309305,-0.036777643866766,Wilcoxon,two.sided,0.818734782608696,-2.98411419888583,-2.64401816534853,0.292741278213759,BL/T12,ns,*,*/ns,TO
Eubacteriales_unclassified_SGB15145,0.0343144261548801,Value,BL,T12,20,20,110,0.869,-0.30719454515785,0.417934014549576,Wilcoxon,two.sided,0.994234375,-2.88744497129498,-2.96752912155942,-0.0770389550122806,BL/T12,ns,ns,ns/ns,TO
Eubacterium_ramulus,-0.05748238527719,Value,BL,T12,20,20,97,0.784,-0.332605623396812,0.240423169523325,Wilcoxon,two.sided,0.994234375,-2.77229647315667,-2.73153213375079,0.0399553849522837,BL/T12,ns,ns,ns/ns,TO
Eubacterium_rectale,-0.169103463358104,Value,BL,T12,20,20,81,0.388,-0.500717645567309,0.175244898750445,Wilcoxon,two.sided,0.97909375,-2.61107745670319,-2.42214596282803,0.173054999459307,BL/T12,ns,ns,ns/ns,TO
Eubacterium_SGB6276,0.0880072010581833,Value,BL,T12,20,20,121,0.571,-0.164889168159861,0.301478139997113,Wilcoxon,two.sided,0.994234375,-2.76019606846228,-2.83824396202963,-0.0751518996699891,BL/T12,ns,ns,ns/ns,TO
Eubacterium_siraeum,0.00544628969117272,Value,BL,T12,20,20,107,0.956,-0.367887532303398,0.343594114764437,Wilcoxon,two.sided,0.994234375,-2.86955223719092,-2.82218920625496,0.0462756062082065,BL/T12,ns,ns,ns/ns,TO
Eubacterium_sp_AF16_48,0.107274895347585,Value,BL,T12,20,20,121,0.571,-0.252814275555766,0.455073828261596,Wilcoxon,two.sided,0.994234375,-2.80505828537071,-2.87110777371227,-0.0639597490015006,BL/T12,ns,ns,ns/ns,TO
Eubacterium_sp_AF34_35BH,-0.149103711229061,Value,BL,T12,20,20,78,0.33,-0.451698804046157,0.128050865549789,Wilcoxon,two.sided,0.974295081967213,-2.83226772043654,-2.64134313434312,0.17472996854757,BL/T12,ns,ns,ns/ns,TO
Eubacterium_ventriosum,-0.175469904030233,Value,BL,T12,20,20,69,0.189,-0.495110117731753,0.11132237475475,Wilcoxon,two.sided,0.89775,-2.79937912892142,-2.60155981459549,0.180502665552027,BL/T12,ns,ns,ns/ns,TO
Evtepia_gabavorous,0.0294828217442639,Value,BL,T12,20,20,111,0.841,-0.232167799535326,0.287620316659402,Wilcoxon,two.sided,0.994234375,-2.6922475648082,-2.73730055356366,-0.0440675910742398,BL/T12,ns,ns,ns/ns,TO
Faecalibacillus_faecis,-0.0642166790592154,Value,BL,T12,20,20,91,0.622,-0.302357679085439,0.22169472504736,Wilcoxon,two.sided,0.994234375,-2.80662521797943,-2.78977824397859,0.0167066377025407,BL/T12,ns,ns,ns/ns,TO
Faecalibacillus_intestinalis,0.0301460012410867,Value,BL,T12,20,20,117,0.674,-0.11235150527549,0.245427829502266,Wilcoxon,two.sided,0.994234375,-2.72127532561738,-2.8506233242402,-0.121640473830902,BL/T12,ns,ns,ns/ns,TO
Faecalibacterium_prausnitzii,-0.0753821798352803,Value,BL,T12,20,20,79,0.349,-0.267500897027125,0.0752609009171423,Wilcoxon,two.sided,0.974295081967213,-1.93373631884847,-1.78340547630722,0.140049590166868,BL/T12,ns,ns,ns/ns,TO
Faecalibacterium_SGB15315,-0.0636227201609909,Value,BL,T12,20,20,91,0.622,-0.323889685113137,0.166359809626696,Wilcoxon,two.sided,0.994234375,-2.78484554016572,-2.68934861572631,0.0912080726002521,BL/T12,ns,ns,ns/ns,TO
Faecalibacterium_SGB15346,0.0490595625982443,Value,BL,T12,20,20,116,0.701,-0.228752323047954,0.293161692885513,Wilcoxon,two.sided,0.994234375,-2.46176374452122,-2.52005496560949,-0.0566555517871609,BL/T12,ns,ns,ns/ns,TO
Faecalicatena_fissicatena,0.167818472387626,Value,BL,T12,20,20,142,0.177,-0.0502390183328179,0.355298247479774,Wilcoxon,two.sided,0.893296875,-2.70390946109828,-2.86644033325778,-0.15059941482309,BL/T12,ns,ns,ns/ns,TO
Faecalimonas_umbilicata,0.0362942316225381,Value,BL,T12,20,20,110,0.869,-0.299302478541506,0.316720341491025,Wilcoxon,two.sided,0.994234375,-2.86181970601361,-2.90156128036469,-0.0389721960745934,BL/T12,ns,ns,ns/ns,TO
Firmicutes_bacterium_AF16_15,0.032488009425135,Value,BL,T12,20,20,113,0.784,-0.23518048689063,0.28748727256622,Wilcoxon,two.sided,0.994234375,-2.83733056544049,-2.83734278314124,-1.22176261209359e-05,BL/T12,ns,ns,ns/ns,TO
Flavonifractor_plautii,0.0104080342396653,Value,BL,T12,20,20,108,0.927,-0.281894264675591,0.252804718569392,Wilcoxon,two.sided,0.994234375,-2.68171600725197,-2.66650714402548,0.0150943679024797,BL/T12,ns,ns,ns/ns,TO
Fusicatenibacter_saccharivorans,0.127499683104512,Value,BL,T12,20,20,142,0.177,-0.0824469585441818,0.32182863300442,Wilcoxon,two.sided,0.893296875,-2.52951437933215,-2.65217258178776,-0.115699268303157,BL/T12,ns,ns,ns/ns,TO
Fusobacterium_mortiferum,0.0799336000503913,Value,BL,T12,20,20,126,0.452,-0.134670706828696,0.272868629316826,Wilcoxon,two.sided,0.994234375,-2.6872374435725,-2.76433533939317,-0.0742702908128151,BL/T12,ns,ns,ns/ns,TO
Fusobacterium_ulcerans,0.390682686929681,Value,BL,T12,20,20,166,0.0215,0.0505201194858371,0.781354523491907,Wilcoxon,two.sided,0.771611111111111,-2.62956325110272,-3.06040462597967,-0.358262645287499,BL/T12,ns,*,*/ns,TO
Fusobacterium_varium,-0.190286410053198,Value,BL,T12,20,20,59,0.0897,-0.425985709013398,0.0308643131085584,Wilcoxon,two.sided,0.8925,-2.91853860751928,-2.72266200702449,0.178879473361525,BL/T12,ns,ns,ns/ns,TO
Gemmiger_formicilis,-0.277207976218869,Value,BL,T12,20,20,25,0.00169,-0.420929587411296,-0.128028329118283,Wilcoxon,two.sided,0.272935,-2.79065131450559,-2.53740930878753,0.22573379830056,BL/T12,ns,**,**/ns,TO
Gemmiger_SGB15295,-0.0183196462047478,Value,BL,T12,20,20,104,0.985,-0.252406561779832,0.19049703195269,Wilcoxon,two.sided,0.994234375,-2.70687085290812,-2.67711361271708,0.0293230853275827,BL/T12,ns,ns,ns/ns,TO
GGB13493_SGB15238,0.0963612566514352,Value,BL,T12,20,20,135,0.277,-0.0825717165225186,0.286173679238899,Wilcoxon,two.sided,0.969,-2.55689098754711,-2.66544057771995,-0.103052485359411,BL/T12,ns,ns,ns/ns,TO
GGB1495_SGB2071,0.419215277857876,Value,BL,T12,20,20,160,0.04,0.0275794237915308,0.830246188641947,Wilcoxon,two.sided,0.818734782608696,-2.64660287110891,-3.05258052821363,-0.340732902156033,BL/T12,ns,*,*/ns,TO
GGB16040_SGB9347,0.0729219219877986,Value,BL,T12,20,20,112,0.812,-0.359256986605202,0.54491939009949,Wilcoxon,two.sided,0.994234375,-2.99530600241282,-3.12116780220039,-0.118548786649858,BL/T12,ns,ns,ns/ns,TO
GGB1663_SGB2279,0.0542108179916019,Value,BL,T12,20,20,126,0.452,-0.117829004499481,0.225068880613079,Wilcoxon,two.sided,0.994234375,-2.67137117950817,-2.72509710013611,-0.0523323789486985,BL/T12,ns,ns,ns/ns,TO
GGB2998_SGB3988,0.123491596358055,Value,BL,T12,20,20,125,0.475,-0.188640206401815,0.484106923228285,Wilcoxon,two.sided,0.994234375,-2.73394385053281,-2.88875293439694,-0.143935034955245,BL/T12,ns,ns,ns/ns,TO
GGB3175_SGB4191,0.268174132025427,Value,BL,T12,20,20,167,0.0192,0.0632612129567458,0.504087759656318,Wilcoxon,two.sided,0.771611111111111,-2.59039579111375,-2.84269895993874,-0.224984390988699,BL/T12,ns,*,*/ns,TO
GGB3256_SGB4303,-0.0807351308395394,Value,BL,T12,20,20,87,0.522,-0.280785248388214,0.177533932620293,Wilcoxon,two.sided,0.994234375,-2.73695746082721,-2.68648958939782,0.0492356567603853,BL/T12,ns,ns,ns/ns,TO
GGB3277_SGB4327,-0.159091402269075,Value,BL,T12,20,20,64,0.133,-0.417613993064055,0.0436887830057244,Wilcoxon,two.sided,0.893296875,-2.75129127633526,-2.60569505301017,0.135925220540293,BL/T12,ns,ns,ns/ns,TO
GGB3278_SGB4328,-0.143567187248594,Value,BL,T12,20,20,74,0.261,-0.456106681035112,0.118916492498899,Wilcoxon,two.sided,0.969,-2.91770642821866,-2.74506585372981,0.159258107105953,BL/T12,ns,ns,ns/ns,TO
GGB3304_SGB4367,-0.0213625074667096,Value,BL,T12,20,20,101,0.898,-0.388543654279011,0.468342158491984,Wilcoxon,two.sided,0.994234375,-2.77908571666021,-2.80770544535816,-0.0282178343205288,BL/T12,ns,ns,ns/ns,TO
GGB3321_SGB4394,0.0261264242097651,Value,BL,T12,20,20,113,0.784,-0.210831651510432,0.334830194670592,Wilcoxon,two.sided,0.994234375,-2.80882580928659,-2.85904759410356,-0.0490013655000708,BL/T12,ns,ns,ns/ns,TO
GGB33469_SGB15236,0.146670950405323,Value,BL,T12,20,20,138,0.231,-0.144997753522617,0.360284746459562,Wilcoxon,two.sided,0.965060975609756,-2.7096688244552,-2.90482922330255,-0.178280401352964,BL/T12,ns,ns,ns/ns,TO
GGB3363_SGB4447,0.00386799277190419,Value,BL,T12,20,20,106,0.985,-0.358933090304437,0.400333687890107,Wilcoxon,two.sided,0.994234375,-2.70680385583353,-2.75924273090027,-0.051110208941834,BL/T12,ns,ns,ns/ns,TO
GGB3363_SGB4448,-0.0674678461697326,Value,BL,T12,20,20,93,0.674,-0.300520822427764,0.297535220765593,Wilcoxon,two.sided,0.994234375,-2.75988493703048,-2.79696066853047,-0.0364049559926248,BL/T12,ns,ns,ns/ns,TO
GGB33928_SGB15225,-0.145330099560401,Value,BL,T12,20,20,61,0.105,-0.393473399131983,0.0415767108812222,Wilcoxon,two.sided,0.8925,-2.88171130256192,-2.69113064872086,0.174441132521535,BL/T12,ns,ns,ns/ns,TO
GGB3486_SGB4658,-0.0208014468747226,Value,BL,T12,20,20,98,0.812,-0.28169719624112,0.374997203901317,Wilcoxon,two.sided,0.994234375,-2.80708502413793,-2.76165405653143,0.0444292095923054,BL/T12,ns,ns,ns/ns,TO
GGB3490_SGB4664,0.0450891554837903,Value,BL,T12,20,20,112,0.812,-0.317335405217143,0.280089408129771,Wilcoxon,two.sided,0.994234375,-2.87163212773497,-2.8876265902049,-0.0158678988165676,BL/T12,ns,ns,ns/ns,TO
GGB3612_SGB4882,0.197478182873233,Value,BL,T12,20,20,133,0.312,-0.135425174285799,0.628460820782657,Wilcoxon,two.sided,0.969,-2.87238281817233,-3.14310583463638,-0.239586042780686,BL/T12,ns,ns,ns/ns,TO
GGB3619_SGB4894,0.0852313781021907,Value,BL,T12,20,20,129,0.388,-0.0834990186853228,0.325041006467876,Wilcoxon,two.sided,0.97909375,-2.77360998950277,-2.88662758237144,-0.107074878878872,BL/T12,ns,ns,ns/ns,TO
GGB3632_SGB4921,-0.138014785085371,Value,BL,T12,20,20,74,0.261,-0.411960107660941,0.149100341888473,Wilcoxon,two.sided,0.969,-2.95757224376185,-2.85613402709816,0.096616795504391,BL/T12,ns,ns,ns/ns,TO
GGB3653_SGB4964,-0.0120058064040387,Value,BL,T12,20,20,104,0.985,-0.26116183619039,0.30171617946388,Wilcoxon,two.sided,0.994234375,-2.74650607670765,-2.70774558807851,0.0380281644931138,BL/T12,ns,ns,ns/ns,TO
GGB3746_SGB5089,-0.126426180909077,Value,BL,T12,20,20,76,0.294,-0.501174986647213,0.117572614939107,Wilcoxon,two.sided,0.969,-2.79157523065017,-2.58949517445831,0.18405343638424,BL/T12,ns,ns,ns/ns,TO
GGB3815_SGB5180,0.0058018583652748,Value,BL,T12,20,20,106,0.985,-0.497527839706843,0.241086580973635,Wilcoxon,two.sided,0.994234375,-2.97769534341197,-2.79541210484374,0.167447516816325,BL/T12,ns,ns,ns/ns,TO
GGB3819_SGB5184,-0.037965203473378,Value,BL,T12,20,20,101,0.898,-0.237996027379717,0.186565924055773,Wilcoxon,two.sided,0.994234375,-2.85915814160465,-2.81872632270163,0.0396358374609364,BL/T12,ns,ns,ns/ns,TO
GGB3828_SGB5197,0.0824337725786206,Value,BL,T12,20,20,119,0.622,-0.145483511512858,0.311851853876577,Wilcoxon,two.sided,0.994234375,-2.77225730000348,-2.85627490129344,-0.0806741402379932,BL/T12,ns,ns,ns/ns,TO
GGB42994_SGB4746,-0.0938101228625781,Value,BL,T12,20,20,81,0.388,-0.302563274587007,0.109530919313277,Wilcoxon,two.sided,0.97909375,-2.79251022613665,-2.70308511440597,0.0856501366754056,BL/T12,ns,ns,ns/ns,TO
GGB4578_SGB6328,-0.0679331434058262,Value,BL,T12,20,20,89,0.571,-0.238441855081666,0.297419507746263,Wilcoxon,two.sided,0.994234375,-2.7430943021034,-2.7533673105874,-0.0102205997569381,BL/T12,ns,ns,ns/ns,TO
GGB4596_SGB6358,-0.00347808260586113,Value,BL,T12,20,20,103,0.956,-0.113215589787753,0.132606816950216,Wilcoxon,two.sided,0.994234375,-2.72174616820342,-2.7200165288863,0.00172814521362723,BL/T12,ns,ns,ns/ns,TO
GGB4599_SGB6362,-0.187593847559417,Value,BL,T12,20,20,80,0.368,-0.524392383521722,0.279091234825561,Wilcoxon,two.sided,0.974295081967213,-2.91882518405395,-2.80985603943556,0.103430885274578,BL/T12,ns,ns,ns/ns,TO
GGB4605_SGB6376,0.0676634674111017,Value,BL,T12,20,20,113,0.784,-0.305674742365055,0.427536429877259,Wilcoxon,two.sided,0.994234375,-2.77707458231334,-2.83367868394195,-0.0550600876529095,BL/T12,ns,ns,ns/ns,TO
GGB4651_SGB6438,-0.0166054317938085,Value,BL,T12,20,20,101,0.898,-0.248515108914983,0.30025076157236,Wilcoxon,two.sided,0.994234375,-2.62822268463521,-2.67584288684937,-0.0465211177478052,BL/T12,ns,ns,ns/ns,TO
GGB4684_SGB6478,0.280486063789152,Value,BL,T12,20,20,178,0.00486,0.0867198225847086,0.515591658703735,Wilcoxon,two.sided,0.313956,-2.65066514230629,-2.96760328482166,-0.275309453180771,BL/T12,ns,**,**/ns,TO
GGB51269_SGB5062,0.16548182576992,Value,BL,T12,20,20,140,0.202,-0.0652956115299173,0.430411806162997,Wilcoxon,two.sided,0.918957746478873,-2.73519472825693,-2.91723283774236,-0.167240159991594,BL/T12,ns,ns,ns/ns,TO
GGB51647_SGB4348,0.0550728655964811,Value,BL,T12,20,20,117,0.674,-0.248038653251845,0.30410640631577,Wilcoxon,two.sided,0.994234375,-2.49464172330153,-2.55749494193698,-0.0609570076388027,BL/T12,ns,ns,ns/ns,TO
GGB51884_SGB49168,0.00184634772394332,Value,BL,T12,20,20,105,1,-0.424399449843089,0.183499734347751,Wilcoxon,two.sided,1,-2.89728774333247,-2.74493610194542,0.141804759955744,BL/T12,ns,ns,ns/ns,TO
GGB53985_SGB6367,-0.0726003359175177,Value,BL,T12,20,20,90,0.596,-0.434435570385405,0.234668905656812,Wilcoxon,two.sided,0.994234375,-2.87059554610662,-2.74113030854219,0.121744279616915,BL/T12,ns,ns,ns/ns,TO
GGB58714_SGB5072,-0.0965492932981902,Value,BL,T12,20,20,89,0.571,-0.411420615232312,0.285064441198807,Wilcoxon,two.sided,0.994234375,-2.93237979400723,-2.87032904888303,0.0602017042810137,BL/T12,ns,ns,ns/ns,TO
GGB6569_SGB9281,0.0382933954790411,Value,BL,T12,20,20,109,0.898,-0.35382282930753,0.320966236717063,Wilcoxon,two.sided,0.994234375,-2.87582071579716,-2.79362745200181,0.078989781660229,BL/T12,ns,ns,ns/ns,TO
GGB79734_SGB15291,0.00767104721928924,Value,BL,T12,20,20,106,0.985,-0.305809581091546,0.270527639161486,Wilcoxon,two.sided,0.994234375,-2.83275943014057,-2.77802361142293,0.0532903267720691,BL/T12,ns,ns,ns/ns,TO
GGB79916_SGB4587,0.0178385980242842,Value,BL,T12,20,20,108,0.927,-0.284686777772232,0.313566396955388,Wilcoxon,two.sided,0.994234375,-2.78991691360932,-2.80304914049441,-0.013046746743399,BL/T12,ns,ns,ns/ns,TO
GGB80011_SGB15265,0.0281282208840641,Value,BL,T12,20,20,109,0.898,-0.223447868695867,0.268986773135396,Wilcoxon,two.sided,0.994234375,-2.75936468013307,-2.77398778764947,-0.0145172208924913,BL/T12,ns,ns,ns/ns,TO
GGB80011_SGB15267,-0.263211625529567,Value,BL,T12,20,20,44,0.0215,-0.489957514661021,-0.0478771220503491,Wilcoxon,two.sided,0.771611111111111,-2.91120868425833,-2.64400687743384,0.236811167917045,BL/T12,ns,*,*/ns,TO
GGB9061_SGB13979,0.0833789543982897,Value,BL,T12,20,20,123,0.522,-0.14373335567101,0.251838034057891,Wilcoxon,two.sided,0.994234375,-2.74435598118061,-2.83678571150887,-0.088404325853313,BL/T12,ns,ns,ns/ns,TO
GGB9062_SGB13981,0.0598366128771488,Value,BL,T12,20,20,116,0.701,-0.309072472298201,0.44200742455316,Wilcoxon,two.sided,0.994234375,-2.79431436176779,-2.87841431532487,-0.0807501068450393,BL/T12,ns,ns,ns/ns,TO
GGB9063_SGB13982,0.0965690610565604,Value,BL,T12,20,20,123,0.522,-0.263409073693097,0.537747059772181,Wilcoxon,two.sided,0.994234375,-2.69664981594319,-2.85714463622503,-0.14884648337197,BL/T12,ns,ns,ns/ns,TO
GGB9302_SGB14263,0.0821187753806231,Value,BL,T12,20,20,121,0.571,-0.208503484174249,0.357253549866632,Wilcoxon,two.sided,0.994234375,-2.68521041456355,-2.73959971434119,-0.0529617365522781,BL/T12,ns,ns,ns/ns,TO
GGB9342_SGB14306,-0.0480490628608318,Value,BL,T12,20,20,99,0.841,-0.384438297562885,0.289492850213513,Wilcoxon,two.sided,0.994234375,-2.84910687360006,-2.82158222105224,0.0271526598476973,BL/T12,ns,ns,ns/ns,TO
GGB9345_SGB14311,-0.120832361029527,Value,BL,T12,20,20,79,0.349,-0.425678145822036,0.190321617153171,Wilcoxon,two.sided,0.974295081967213,-2.80978806374221,-2.7188074712252,0.0870769179823659,BL/T12,ns,ns,ns/ns,TO
GGB9480_SGB14874,0.0220405892267942,Value,BL,T12,20,20,109,0.898,-0.370596312277661,0.393243679805321,Wilcoxon,two.sided,0.994234375,-2.89731266667549,-2.90956878093833,-0.0121816161814274,BL/T12,ns,ns,ns/ns,TO
GGB9524_SGB14924,0.326627683181229,Value,BL,T12,20,20,150,0.0973,-0.0617290961873278,0.760479957340059,Wilcoxon,two.sided,0.8925,-2.66222968106467,-3.02968145597655,-0.312948989545461,BL/T12,ns,ns,ns/ns,TO
GGB9593_SGB15015,-0.231022869045117,Value,BL,T12,20,20,57,0.0759,-0.530651362151409,0.0230255474882501,Wilcoxon,two.sided,0.8925,-2.88619398414162,-2.60379577518622,0.248731925677325,BL/T12,ns,ns,ns/ns,TO
GGB9595_SGB15019,0.0622732630201385,Value,BL,T12,20,20,122,0.546,-0.265982328785759,0.367318154852683,Wilcoxon,two.sided,0.994234375,-2.80234963647742,-2.86382450786858,-0.0596593291453705,BL/T12,ns,ns,ns/ns,TO
GGB9602_SGB15028,-0.18275977196905,Value,BL,T12,20,20,76,0.294,-0.441015247312735,0.12174298987297,Wilcoxon,two.sided,0.969,-2.78640648444504,-2.6233958752223,0.151011995784464,BL/T12,ns,ns,ns/ns,TO
GGB9602_SGB15031,0.00128529622250551,Value,BL,T12,20,20,106,0.985,-0.242335234655419,0.303289288111173,Wilcoxon,two.sided,0.994234375,-2.76130277817384,-2.77485892398478,-0.0134650833142705,BL/T12,ns,ns,ns/ns,TO
GGB9614_SGB15049,0.00185143417084022,Value,BL,T12,20,20,106,0.985,-0.296001928324162,0.327278513581129,Wilcoxon,two.sided,0.994234375,-2.75362624517435,-2.7446138354608,0.00897204031818664,BL/T12,ns,ns,ns/ns,TO
GGB9616_SGB15051,-0.0631971241302866,Value,BL,T12,20,20,98,0.812,-0.397422527967564,0.374571683680796,Wilcoxon,two.sided,0.994234375,-2.78758285112192,-2.81671638605661,-0.0287172199917795,BL/T12,ns,ns,ns/ns,TO
GGB9616_SGB15052,0.168084399069152,Value,BL,T12,20,20,135,0.277,-0.127204566119135,0.41730741342345,Wilcoxon,two.sided,0.969,-2.70654534026061,-2.85968798200761,-0.142490947205719,BL/T12,ns,ns,ns/ns,TO
GGB9627_SGB15081,-0.0386599073402749,Value,BL,T12,20,20,97,0.784,-0.290414123250265,0.226617548847674,Wilcoxon,two.sided,0.994234375,-2.86682421281113,-2.83974375021011,0.0267202751033577,BL/T12,ns,ns,ns/ns,TO
GGB9634_SGB15093,-0.0763988059521515,Value,BL,T12,20,20,97,0.784,-0.40417276319541,0.187188568227092,Wilcoxon,two.sided,0.994234375,-2.85092566136776,-2.75643873688203,0.090285691345445,BL/T12,ns,ns,ns/ns,TO
GGB9635_SGB15103,-0.10312290875813,Value,BL,T12,20,20,76,0.294,-0.344688356280263,0.0839286910977282,Wilcoxon,two.sided,0.969,-2.68286412131379,-2.53330905704614,0.13937496687297,BL/T12,ns,ns,ns/ns,TO
GGB9635_SGB15106,-0.194522278972435,Value,BL,T12,20,20,68,0.177,-0.461846920135308,0.0671920206359327,Wilcoxon,two.sided,0.893296875,-2.82485665955359,-2.61787082856149,0.188126203017576,BL/T12,ns,ns,ns/ns,TO
GGB9677_SGB15180,-0.0846890680231519,Value,BL,T12,20,20,88,0.546,-0.370374967498473,0.361065201246498,Wilcoxon,two.sided,0.994234375,-2.78509634011425,-2.77668825127959,0.0083729377538972,BL/T12,ns,ns,ns/ns,TO
GGB9691_SGB15198,0.194493273872328,Value,BL,T12,20,20,139,0.216,-0.123621631799404,0.538597397428092,Wilcoxon,two.sided,0.93024,-2.8097884646475,-2.99305239096734,-0.168276659284786,BL/T12,ns,ns,ns/ns,TO
GGB9699_SGB15216,-0.0698985382115783,Value,BL,T12,20,20,90,0.596,-0.356657066698596,0.213671755406741,Wilcoxon,two.sided,0.994234375,-2.81218074141949,-2.74307030009459,0.0668269394519854,BL/T12,ns,ns,ns/ns,TO
GGB9707_SGB15229,-0.079847397061734,Value,BL,T12,20,20,89,0.571,-0.308713264209487,0.270470110697935,Wilcoxon,two.sided,0.994234375,-2.8052339114065,-2.79708268894109,0.0081181806840706,BL/T12,ns,ns,ns/ns,TO
GGB9708_SGB15233,0.402153239851591,Value,BL,T12,20,20,173,0.00944,0.118930521486315,0.69063386236046,Wilcoxon,two.sided,0.508186666666667,-2.60904835030264,-3.01217884058093,-0.338705804834036,BL/T12,ns,**,**/ns,TO
GGB9708_SGB15234,-0.120358689453149,Value,BL,T12,20,20,88,0.546,-0.374179552982326,0.364843221305253,Wilcoxon,two.sided,0.994234375,-2.73306279424329,-2.73735390837916,-0.0042819335595036,BL/T12,ns,ns,ns/ns,TO
GGB9712_SGB15244,0.264427830974475,Value,BL,T12,20,20,141,0.189,-0.134901318602604,0.506378588307721,Wilcoxon,two.sided,0.89775,-2.73518237435663,-2.8970664451221,-0.150042886469422,BL/T12,ns,ns,ns/ns,TO
GGB9713_SGB15249,-0.0685968234628219,Value,BL,T12,20,20,90,0.596,-0.33427071259018,0.180117609189188,Wilcoxon,two.sided,0.994234375,-2.83323449454401,-2.75759985859351,0.0729108464100107,BL/T12,ns,ns,ns/ns,TO
GGB9747_SGB15356,-0.109041958942028,Value,BL,T12,20,20,81,0.388,-0.32187412385414,0.153185191857226,Wilcoxon,two.sided,0.97909375,-2.75464411837917,-2.66506362816897,0.0857927507922712,BL/T12,ns,ns,ns/ns,TO
GGB9758_SGB15368,0.011864336139168,Value,BL,T12,20,20,108,0.927,-0.23964232805859,0.236215716098377,Wilcoxon,two.sided,0.994234375,-2.65872210476095,-2.67123626611947,-0.0124365064276775,BL/T12,ns,ns,ns/ns,TO
GGB9760_SGB15373,0.0581954965390414,Value,BL,T12,20,20,119,0.622,-0.148206238021048,0.34227798302389,Wilcoxon,two.sided,0.994234375,-2.62593541473477,-2.73392653801443,-0.102548576812552,BL/T12,ns,ns,ns/ns,TO
GGB9760_SGB15374,-0.0604864419021982,Value,BL,T12,20,20,90,0.596,-0.351550505584197,0.16249389630018,Wilcoxon,two.sided,0.994234375,-2.79196422856239,-2.6838945837709,0.102619442659729,BL/T12,ns,ns,ns/ns,TO
GGB9813_SGB15447,0.0393685964560424,Value,BL,T12,20,20,115,0.729,-0.329527846876241,0.267266279687028,Wilcoxon,two.sided,0.994234375,-2.75088686574868,-2.74976651883772,0.00111971979070199,BL/T12,ns,ns,ns/ns,TO
Haemophilus_parainfluenzae,-0.239596097751974,Value,BL,T12,20,20,85,0.475,-0.570099262533446,0.172788449889363,Wilcoxon,two.sided,0.994234375,-2.94142427691625,-2.69857122322939,0.217409586462806,BL/T12,ns,ns,ns/ns,TO
Holdemanella_biformis,0.234142952198143,Value,BL,T12,20,20,146,0.133,-0.0679845807443946,0.507624083141321,Wilcoxon,two.sided,0.893296875,-2.70695631304963,-2.90846335160782,-0.183576634319707,BL/T12,ns,ns,ns/ns,TO
Holdemanella_porci,-0.0224159057137443,Value,BL,T12,20,20,102,0.927,-0.379809998140482,0.515929030172284,Wilcoxon,two.sided,0.994234375,-2.75787472402938,-2.85039500110854,-0.0884872080708887,BL/T12,ns,ns,ns/ns,TO
Holdemania_filiformis,-0.0659418873156025,Value,BL,T12,20,20,94,0.701,-0.342212513251033,0.321526902472992,Wilcoxon,two.sided,0.994234375,-2.74738174379641,-2.73728058904887,0.010050479053549,BL/T12,ns,ns,ns/ns,TO
Holdemania_massiliensis,0.222785053008379,Value,BL,T12,20,20,144,0.154,-0.076814920624062,0.455391559834495,Wilcoxon,two.sided,0.893296875,-2.74670785727654,-2.82001717092341,-0.0707466920479317,BL/T12,ns,ns,ns/ns,TO
Hungatella_hathewayi,0.103826180217139,Value,BL,T12,20,20,122,0.546,-0.211083429173148,0.402572933138076,Wilcoxon,two.sided,0.994234375,-2.6533237901136,-2.76272694368915,-0.103822171230551,BL/T12,ns,ns,ns/ns,TO
Hydrogenoanaerobacterium_saccharovorans,0.122557202244438,Value,BL,T12,20,20,139,0.216,-0.0644263353512058,0.286456061992632,Wilcoxon,two.sided,0.93024,-2.65080055062357,-2.78849206153857,-0.129001218915762,BL/T12,ns,ns,ns/ns,TO
Intestinibacter_bartlettii,0.0714652223150714,Value,BL,T12,20,20,116,0.701,-0.232936466270258,0.368659754552989,Wilcoxon,two.sided,0.994234375,-2.82842729006813,-2.91746879933161,-0.085297960087095,BL/T12,ns,ns,ns/ns,TO
Intestinimonas_butyriciproducens,0.0260608560077784,Value,BL,T12,20,20,111,0.841,-0.204831242812421,0.290436758386839,Wilcoxon,two.sided,0.994234375,-2.67348707174829,-2.68736659530958,-0.0137840850542342,BL/T12,ns,ns,ns/ns,TO
Intestinimonas_massiliensis,-0.154534787348336,Value,BL,T12,20,20,74,0.261,-0.385365004402409,0.14690944683501,Wilcoxon,two.sided,0.969,-2.8887219524359,-2.76395614457931,0.1175748431917,BL/T12,ns,ns,ns/ns,TO
Klebsiella_pneumoniae,-0.00117103532185381,Value,BL,T12,20,20,103,0.956,-0.276791268620951,0.204564544014501,Wilcoxon,two.sided,0.994234375,-2.80702363610975,-2.6716401732814,0.126970446586194,BL/T12,ns,ns,ns/ns,TO
Klebsiella_quasipneumoniae,-0.0402647102070385,Value,BL,T12,20,20,97,0.784,-0.300782914951039,0.235962849244098,Wilcoxon,two.sided,0.994234375,-2.96303121940098,-2.86125345913988,0.096925020938174,BL/T12,ns,ns,ns/ns,TO
Klebsiella_variicola,-0.0322230991952368,Value,BL,T12,20,20,104,0.985,-0.395876375396584,0.46097120183733,Wilcoxon,two.sided,0.994234375,-2.90932575824454,-2.95173259873595,-0.0415323090589023,BL/T12,ns,ns,ns/ns,TO
Lachnospira_eligens,-0.0227657976656375,Value,BL,T12,20,20,100,0.869,-0.252243998373922,0.215510825918833,Wilcoxon,two.sided,0.994234375,-2.40651761808976,-2.34375036641165,0.0608761211789898,BL/T12,ns,ns,ns/ns,TO
Lachnospira_pectinoschiza,0.026559756616459,Value,BL,T12,20,20,113,0.784,-0.171139358203845,0.280331129533213,Wilcoxon,two.sided,0.994234375,-2.29707809608926,-2.37557396869033,-0.0755673598588237,BL/T12,ns,ns,ns/ns,TO
Lachnospira_sp_NSJ_43,-0.186181183169302,Value,BL,T12,20,20,59,0.0897,-0.434612213970672,0.0325533094965191,Wilcoxon,two.sided,0.8925,-2.77971754962732,-2.57795230525537,0.183791512855604,BL/T12,ns,ns,ns/ns,TO
Lachnospiraceae_bacterium_AM48_27BH,-0.246707551839235,Value,BL,T12,20,20,61,0.105,-0.541561730972729,0.0364931862744888,Wilcoxon,two.sided,0.8925,-2.94790653222518,-2.70035043676633,0.221186513932259,BL/T12,ns,ns,ns/ns,TO
Lachnospiraceae_bacterium_BX3,0.275724262300815,Value,BL,T12,20,20,147,0.123,-0.0538857898995275,0.636526502382769,Wilcoxon,two.sided,0.893296875,-2.82451768121919,-3.10632841250364,-0.248273712095734,BL/T12,ns,ns,ns/ns,TO
Lachnospiraceae_bacterium_Marseille_Q4251,0.124726438463956,Value,BL,T12,20,20,128,0.409,-0.195861709974921,0.447916992994558,Wilcoxon,two.sided,0.994234375,-2.86630769457191,-3.01141140674067,-0.135495211217568,BL/T12,ns,ns,ns/ns,TO
Lachnospiraceae_bacterium_OM04_12BH,-0.0872785985410163,Value,BL,T12,20,20,91,0.622,-0.323266931192223,0.227026121721927,Wilcoxon,two.sided,0.994234375,-2.75161935466885,-2.70382812940605,0.0466843535179011,BL/T12,ns,ns,ns/ns,TO
Lacrimispora_amygdalina,-0.114547853550974,Value,BL,T12,20,20,58,0.0826,-0.371607845251777,0.0540533386074697,Wilcoxon,two.sided,0.8925,-2.73052060952205,-2.57802933238076,0.141925927219064,BL/T12,ns,ns,ns/ns,TO
Lacrimispora_celerecrescens,0.180834561291982,Value,BL,T12,20,20,133,0.312,-0.105041353238602,0.469571228601889,Wilcoxon,two.sided,0.969,-2.68903526285101,-2.88230468470027,-0.176696953200703,BL/T12,ns,ns,ns/ns,TO
Lacrimispora_saccharolytica,-0.149049691656759,Value,BL,T12,20,20,68,0.177,-0.371205126032464,0.0799423404810931,Wilcoxon,two.sided,0.893296875,-2.81473128665484,-2.65979114926376,0.144048513531952,BL/T12,ns,ns,ns/ns,TO
Lawsonibacter_asaccharolyticus,-0.0523236125898969,Value,BL,T12,20,20,94,0.701,-0.278211989872804,0.162148991713963,Wilcoxon,two.sided,0.994234375,-2.75994326137884,-2.67963856647041,0.0772431262615888,BL/T12,ns,ns,ns/ns,TO
Longicatena_caecimuris,-0.184737977139889,Value,BL,T12,20,20,73,0.245,-0.518217727505545,0.147145721553717,Wilcoxon,two.sided,0.965060975609756,-3.02875161152714,-2.83143139130545,0.180085909781211,BL/T12,ns,ns,ns/ns,TO
Megamonas_funiformis,-0.11146891716031,Value,BL,T12,20,20,84,0.452,-0.489008940204543,0.114774996288708,Wilcoxon,two.sided,0.994234375,-2.82443287601656,-2.58272749120406,0.21648574507658,BL/T12,ns,ns,ns/ns,TO
Megasphaera_sp_NM10,0.132968183957667,Value,BL,T12,20,20,131,0.349,-0.189308269580338,0.311279114442228,Wilcoxon,two.sided,0.974295081967213,-2.76647959604964,-2.81101138755752,-0.0435687386100431,BL/T12,ns,ns,ns/ns,TO
Mesosutterella_multiformis,0.00493937403101319,Value,BL,T12,20,20,106,0.985,-0.232868717820705,0.334111805911297,Wilcoxon,two.sided,0.994234375,-2.74739239177465,-2.87619054159322,-0.121153482485819,BL/T12,ns,ns,ns/ns,TO
Negativibacillus_massiliensis,0.00445138665678013,Value,BL,T12,20,20,106,0.985,-0.330654726725817,0.338598441561299,Wilcoxon,two.sided,0.994234375,-2.7536397877238,-2.75725026489217,-0.00360397504150012,BL/T12,ns,ns,ns/ns,TO
Odoribacter_sp_AF15_53,-0.0205218410361664,Value,BL,T12,20,20,101,0.898,-0.385557058565284,0.220087683130119,Wilcoxon,two.sided,0.994234375,-2.82624338678528,-2.7282456323621,0.0934882979333118,BL/T12,ns,ns,ns/ns,TO
Odoribacter_splanchnicus,-0.0601743280798881,Value,BL,T12,20,20,83,0.43,-0.256867901704254,0.119396642402097,Wilcoxon,two.sided,0.994234375,-2.72027286724866,-2.65626209245233,0.0620455175564576,BL/T12,ns,ns,ns/ns,TO
Oscillibacter_sp_ER4,-0.0323670714712255,Value,BL,T12,20,20,93,0.674,-0.216829321169071,0.107644089219195,Wilcoxon,two.sided,0.994234375,-2.63885852387818,-2.50499372057714,0.125631977123245,BL/T12,ns,ns,ns/ns,TO
Oscillospiraceae_bacterium_Marseille_Q3528,0.314491797547177,Value,BL,T12,20,20,154,0.0696,-0.0354972348725837,0.602721629988006,Wilcoxon,two.sided,0.864646153846154,-2.67357326160098,-2.96134043691035,-0.252909846830932,BL/T12,ns,ns,ns/ns,TO
Oscillospiraceae_bacterium_N12,-0.0172164362767095,Value,BL,T12,20,20,103,0.956,-0.371471766373996,0.292837783490463,Wilcoxon,two.sided,0.994234375,-2.96750295042795,-2.95316992858664,0.0142312751562848,BL/T12,ns,ns,ns/ns,TO
Oscillospiraceae_unclassified_SGB15252,-0.191932804097159,Value,BL,T12,20,20,66,0.154,-0.571514152055311,0.0956512750951328,Wilcoxon,two.sided,0.893296875,-2.97390573417562,-2.77357994027443,0.182593014863536,BL/T12,ns,ns,ns/ns,TO
Oscillospiraceae_unclassified_SGB15256,0.0748616506693844,Value,BL,T12,20,20,123,0.522,-0.170998007724122,0.627079124047078,Wilcoxon,two.sided,0.994234375,-2.74566832830314,-2.96709503466487,-0.200019606936886,BL/T12,ns,ns,ns/ns,TO
Parabacteroides_distasonis,0.00150873492307207,Value,BL,T12,20,20,105,1,-0.160375069316639,0.142802109965726,Wilcoxon,two.sided,1,-2.36262936520804,-2.35591085394259,0.00669604264959234,BL/T12,ns,ns,ns/ns,TO
Parabacteroides_faecis,0.117457064399727,Value,BL,T12,20,20,131,0.349,-0.129307422248002,0.321897473064893,Wilcoxon,two.sided,0.974295081967213,-2.72767646978339,-2.80581354177059,-0.0752346183804166,BL/T12,ns,ns,ns/ns,TO
Parabacteroides_goldsteinii,-0.106044627852865,Value,BL,T12,20,20,80,0.368,-0.40562906900739,0.177975756770482,Wilcoxon,two.sided,0.974295081967213,-2.81846864863815,-2.67205474161315,0.136638728498891,BL/T12,ns,ns,ns/ns,TO
Parabacteroides_johnsonii,0.0406891201324122,Value,BL,T12,20,20,111,0.841,-0.445131494930004,0.25808845665085,Wilcoxon,two.sided,0.994234375,-2.84784016689406,-2.71584830225466,0.123978793040856,BL/T12,ns,ns,ns/ns,TO
Parabacteroides_merdae,-0.0684118600224365,Value,BL,T12,20,20,91,0.622,-0.231443552161479,0.13673165904455,Wilcoxon,two.sided,0.994234375,-2.4608009149363,-2.42244871860721,0.037635030015371,BL/T12,ns,ns,ns/ns,TO
Parabacteroides_sp_TM07_1AC,-0.0270761892446837,Value,BL,T12,20,20,96,0.756,-0.203064917543859,0.16199757539937,Wilcoxon,two.sided,0.994234375,-2.78347044972234,-2.74572506938015,0.0370504563315526,BL/T12,ns,ns,ns/ns,TO
Paraprevotella_clara,0.0167331318389998,Value,BL,T12,20,20,109,0.898,-0.341853487427159,0.298305867129639,Wilcoxon,two.sided,0.994234375,-2.76352699476565,-2.7177667318565,0.044744145214221,BL/T12,ns,ns,ns/ns,TO
Parasutterella_excrementihominis,0.0417048263204816,Value,BL,T12,20,20,118,0.648,-0.170769418690382,0.310124451041522,Wilcoxon,two.sided,0.994234375,-2.64026030355008,-2.72930719851247,-0.0853029054317371,BL/T12,ns,ns,ns/ns,TO
Parasutterella_SGB9260,-0.0272478500577609,Value,BL,T12,20,20,96,0.756,-0.313150865551227,0.171117741408547,Wilcoxon,two.sided,0.994234375,-2.74017279254097,-2.65254029867434,0.0840033100001987,BL/T12,ns,ns,ns/ns,TO
Phascolarctobacterium_faecium,-0.127320453467825,Value,BL,T12,20,20,61,0.105,-0.371840485850863,0.0352179888501396,Wilcoxon,two.sided,0.8925,-2.51070312730649,-2.34718522793535,0.15144808771677,BL/T12,ns,ns,ns/ns,TO
Phascolarctobacterium_SGB5790,-0.0656710273004335,Value,BL,T12,20,20,93,0.674,-0.486827103859264,0.178169889566602,Wilcoxon,two.sided,0.994234375,-2.99244970208761,-2.8421496968244,0.140022782495343,BL/T12,ns,ns,ns/ns,TO
Phascolarctobacterium_succinatutens,-0.00760511407238573,Value,BL,T12,20,20,101,0.898,-0.306886699535245,0.307779713432318,Wilcoxon,two.sided,0.994234375,-2.90243841636143,-2.90156745929677,0.000870578001644753,BL/T12,ns,ns,ns/ns,TO
Phocaeicola_coprocola,0.15149969852822,Value,BL,T12,20,20,157,0.0532,-0.00144590443048243,0.425088109860119,Wilcoxon,two.sided,0.818734782608696,-2.31459065989301,-2.53127797832867,-0.196131852838942,BL/T12,ns,ns,ns/ns,TO
Phocaeicola_coprophilus,-0.0143699708967038,Value,BL,T12,20,20,103,0.956,-0.271484095899333,0.223163078018077,Wilcoxon,two.sided,0.994234375,-2.85641673585228,-2.84139762538394,0.0149074403641312,BL/T12,ns,ns,ns/ns,TO
Phocaeicola_dorei,0.0954303941932503,Value,BL,T12,20,20,117,0.674,-0.288502480506251,0.297481262107201,Wilcoxon,two.sided,0.994234375,-2.47438705516751,-2.48772925648589,-0.0132539780127694,BL/T12,ns,ns,ns/ns,TO
Phocaeicola_massiliensis,-0.136464165392668,Value,BL,T12,20,20,83,0.43,-0.484038594116299,0.285234528629723,Wilcoxon,two.sided,0.994234375,-2.69043983623791,-2.59269139165617,0.0932612135438519,BL/T12,ns,ns,ns/ns,TO
Phocaeicola_plebeius,0.134832364849725,Value,BL,T12,20,20,137,0.245,-0.059947051007583,0.352844519093475,Wilcoxon,two.sided,0.965060975609756,-2.1731810808699,-2.32692691504445,-0.143013896145459,BL/T12,ns,ns,ns/ns,TO
Phocaeicola_SGB6473,0.119101015342718,Value,BL,T12,20,20,124,0.498,-0.205951131719308,0.495890958581062,Wilcoxon,two.sided,0.994234375,-2.62592073116348,-2.81770193878603,-0.175449001143454,BL/T12,ns,ns,ns/ns,TO
Phocaeicola_vulgatus,-0.0570749305791983,Value,BL,T12,20,20,84,0.452,-0.268314465761373,0.0701347576734309,Wilcoxon,two.sided,0.994234375,-1.87028895380166,-1.79210222168887,0.0752806783696491,BL/T12,ns,ns,ns/ns,TO
Prevotella_bivia,0.00464839130813122,Value,BL,T12,20,20,107,0.956,-0.229553129772018,0.349702543824191,Wilcoxon,two.sided,0.994234375,-2.75173783079439,-2.76489532772947,-0.0130716889317723,BL/T12,ns,ns,ns/ns,TO
Prevotella_copri_clade_A,0.0508388449427528,Value,BL,T12,20,20,112,0.812,-0.172516242677331,0.435449103866076,Wilcoxon,two.sided,0.994234375,-2.5288854856899,-2.6315287211804,-0.0977102387123881,BL/T12,ns,ns,ns/ns,TO
Prevotella_copri_clade_C,-0.267626545402565,Value,BL,T12,20,20,62,0.114,-0.64846280311926,0.0510950793293468,Wilcoxon,two.sided,0.893296875,-2.87794380775775,-2.56186117864874,0.274659619008794,BL/T12,ns,ns,ns/ns,TO
Prevotella_corporis,-0.17725934608983,Value,BL,T12,20,20,76,0.294,-0.496992604069654,0.1882133674694,Wilcoxon,two.sided,0.969,-3.00390511790136,-2.85989291830823,0.134541556880749,BL/T12,ns,ns,ns/ns,TO
Prevotella_disiens,-0.00189250070538816,Value,BL,T12,20,20,105,1,-0.498517121484468,0.503369686814295,Wilcoxon,two.sided,1,-2.94280348968356,-2.98858104496991,-0.0447606807767709,BL/T12,ns,ns,ns/ns,TO
Prevotella_stercorea,0.0523303199229438,Value,BL,T12,20,20,114,0.756,-0.280841810819886,0.428237789741873,Wilcoxon,two.sided,0.994234375,-2.77768110593131,-2.80497333895395,-0.0269264406378059,BL/T12,ns,ns,ns/ns,TO
Prevotella_timonensis,-0.220215666826449,Value,BL,T12,20,20,72,0.231,-0.739317026645414,0.230246328464841,Wilcoxon,two.sided,0.965060975609756,-3.017598105548,-2.70309533503036,0.273458472844486,BL/T12,ns,ns,ns/ns,TO
Pseudoruminococcus_massiliensis,-0.137482900614796,Value,BL,T12,20,20,86,0.498,-0.459216785181569,0.1596536157683,Wilcoxon,two.sided,0.994234375,-2.84315117201904,-2.7010700704553,0.13285212584334,BL/T12,ns,ns,ns/ns,TO
Rheinheimera_SGB14999,0.102840330778523,Value,BL,T12,20,20,124,0.498,-0.134356836448903,0.386401298255473,Wilcoxon,two.sided,0.994234375,-2.67099735464778,-2.80262084656017,-0.123653320138228,BL/T12,ns,ns,ns/ns,TO
Romboutsia_timonensis,0.200271181433121,Value,BL,T12,20,20,151,0.0897,-0.0291511643465847,0.423294412059945,Wilcoxon,two.sided,0.8925,-2.64708368942794,-2.98354114698607,-0.290022424857982,BL/T12,ns,ns,ns/ns,TO
Roseburia_faecis,-0.111931493295614,Value,BL,T12,20,20,73,0.245,-0.410897742803757,0.0677555616095571,Wilcoxon,two.sided,0.965060975609756,-2.59942400994512,-2.45166760438477,0.137809085103389,BL/T12,ns,ns,ns/ns,TO
Roseburia_hominis,0.0659798956842235,Value,BL,T12,20,20,128,0.409,-0.133305998910554,0.296197277329896,Wilcoxon,two.sided,0.994234375,-2.61408364359681,-2.69877429751189,-0.0812948347413801,BL/T12,ns,ns,ns/ns,TO
Roseburia_intestinalis,0.148192653772061,Value,BL,T12,20,20,133,0.312,-0.166188016864978,0.352721370646896,Wilcoxon,two.sided,0.969,-2.56144090946407,-2.66949011376763,-0.102600995555287,BL/T12,ns,ns,ns/ns,TO
Roseburia_inulinivorans,-0.146561701201662,Value,BL,T12,20,20,69,0.189,-0.520945625665162,0.0679172266757606,Wilcoxon,two.sided,0.89775,-2.65807890104284,-2.43387903652134,0.202287458767855,BL/T12,ns,ns,ns/ns,TO
Roseburia_sp_AF02_12,-0.014745726159671,Value,BL,T12,20,20,101,0.898,-0.184353733622533,0.233415867661034,Wilcoxon,two.sided,0.994234375,-2.64637050639592,-2.66075529036522,-0.014282304558059,BL/T12,ns,ns,ns/ns,TO
Roseburia_sp_AM16_25,-0.0793500419069078,Value,BL,T12,20,20,91,0.622,-0.396096525768954,0.202530955706307,Wilcoxon,two.sided,0.994234375,-2.87354969323476,-2.74193232112944,0.123647912134899,BL/T12,ns,ns,ns/ns,TO
Roseburia_sp_AM23_20,0.0972373351853516,Value,BL,T12,20,20,116,0.701,-0.30857067402174,0.442046354358167,Wilcoxon,two.sided,0.994234375,-2.78226007434807,-2.85563437212054,-0.0708072357864456,BL/T12,ns,ns,ns/ns,TO
Roseburia_sp_AM59_24XD,-0.0290111673899958,Value,BL,T12,20,20,98,0.812,-0.324891865429901,0.401433909333693,Wilcoxon,two.sided,0.994234375,-2.81647619307955,-2.88608444758789,-0.0672924641545891,BL/T12,ns,ns,ns/ns,TO
Ruminococcus_bicirculans,0.117363413450563,Value,BL,T12,20,20,135,0.277,-0.0563820149570334,0.432655093872377,Wilcoxon,two.sided,0.969,-2.48147745617106,-2.70701582057149,-0.203380228596348,BL/T12,ns,ns,ns/ns,TO
Ruminococcus_bovis,0.0407903985988092,Value,BL,T12,20,20,114,0.756,-0.315077311667805,0.271948505037519,Wilcoxon,two.sided,0.994234375,-2.70410714140329,-2.71931216770909,-0.0150905884556287,BL/T12,ns,ns,ns/ns,TO
Ruminococcus_bromii,-0.137298176040451,Value,BL,T12,20,20,77,0.312,-0.416544186636771,0.129622609226066,Wilcoxon,two.sided,0.969,-2.51728941483715,-2.33452987109009,0.167850304612657,BL/T12,ns,ns,ns/ns,TO
Ruminococcus_callidus,0.0385413736583153,Value,BL,T12,20,20,115,0.729,-0.201024084496199,0.38895677164499,Wilcoxon,two.sided,0.994234375,-2.76932680079711,-2.86756126632583,-0.0937038590240852,BL/T12,ns,ns,ns/ns,TO
Ruminococcus_gnavus,0.0653811641677043,Value,BL,T12,20,20,121,0.571,-0.143887713799207,0.273577136768008,Wilcoxon,two.sided,0.994234375,-2.54997599462206,-2.60881877705473,-0.0571765970832695,BL/T12,ns,ns,ns/ns,TO
Ruminococcus_lactaris,-0.0618256131048632,Value,BL,T12,20,20,97,0.784,-0.39659879915059,0.217384589160195,Wilcoxon,two.sided,0.994234375,-2.85894103384406,-2.76237466542337,0.0921838145595312,BL/T12,ns,ns,ns/ns,TO
Ruminococcus_SGB4421,-0.0298631570088499,Value,BL,T12,20,20,100,0.869,-0.432684797332358,0.301523695558995,Wilcoxon,two.sided,0.994234375,-2.8226046698831,-2.79423614608993,0.027973588972277,BL/T12,ns,ns,ns/ns,TO
Ruminococcus_sp_AF13_28,0.0607565600501345,Value,BL,T12,20,20,110,0.869,-0.199711493632486,0.406067402290966,Wilcoxon,two.sided,0.994234375,-2.61251444089843,-2.7350810984832,-0.115617722020176,BL/T12,ns,ns,ns/ns,TO
Ruminococcus_sp_BSD2780120874_150323_B10,0.211055193299708,Value,BL,T12,20,20,158,0.0484,0.00248611160122669,0.462960477494871,Wilcoxon,two.sided,0.818734782608696,-2.55995048894396,-2.80103576471197,-0.215986219226708,BL/T12,ns,*,*/ns,TO
Ruminococcus_torques,0.0422869815846096,Value,BL,T12,20,20,117,0.674,-0.209551560230593,0.313594063695751,Wilcoxon,two.sided,0.994234375,-2.53976438172823,-2.57738568153031,-0.036930881760527,BL/T12,ns,ns,ns/ns,TO
Ruthenibacterium_lactatiformans,0.133818705764017,Value,BL,T12,20,20,130,0.368,-0.11406218998679,0.413324973697544,Wilcoxon,two.sided,0.974295081967213,-2.61715823308441,-2.78161916976478,-0.152258264636086,BL/T12,ns,ns,ns/ns,TO
Sellimonas_intestinalis,-0.0975784923706248,Value,BL,T12,20,20,99,0.841,-0.517616463127301,0.282053649025777,Wilcoxon,two.sided,0.994234375,-2.90654565367861,-2.76518277279132,0.13222305790417,BL/T12,ns,ns,ns/ns,TO
Streptococcus_parasanguinis,-0.203332421271341,Value,BL,T12,20,20,71,0.216,-0.662299781630377,0.0961179163343553,Wilcoxon,two.sided,0.93024,-2.96552719849231,-2.67605427687206,0.254233546987527,BL/T12,ns,ns,ns/ns,TO
Streptococcus_pasteurianus,0.112014865610349,Value,BL,T12,20,20,154,0.0696,-0.0119362231636155,0.297417620112445,Wilcoxon,two.sided,0.864646153846154,-2.68095925038407,-2.97354403734379,-0.256643924444058,BL/T12,ns,ns,ns/ns,TO
Streptococcus_salivarius,0.0800814551209548,Value,BL,T12,20,20,122,0.546,-0.152816267450287,0.289938977647887,Wilcoxon,two.sided,0.994234375,-2.76141033709991,-2.79486428167861,-0.0329065365717067,BL/T12,ns,ns,ns/ns,TO
Streptococcus_thermophilus,0.0535370229831593,Value,BL,T12,20,20,126,0.452,-0.209265431151094,0.329506560593987,Wilcoxon,two.sided,0.994234375,-2.8311906496273,-2.89046814795917,-0.0575870703781526,BL/T12,ns,ns,ns/ns,TO
Sutterella_sp_AM11_39,-0.0402834551482637,Value,BL,T12,20,20,93,0.674,-0.329263769093743,0.258448483330705,Wilcoxon,two.sided,0.994234375,-2.86585868431942,-2.80841957595889,0.0558500495339257,BL/T12,ns,ns,ns/ns,TO
Sutterella_wadsworthensis,-0.0894623706284199,Value,BL,T12,20,20,85,0.475,-0.419529510664969,0.16494178986005,Wilcoxon,two.sided,0.994234375,-2.76021856385665,-2.60629546868362,0.143167523900786,BL/T12,ns,ns,ns/ns,TO
Tyzzerella_nexilis,0.0239420901788223,Value,BL,T12,20,20,111,0.841,-0.398228654689892,0.211672391146273,Wilcoxon,two.sided,0.994234375,-2.81800760972228,-2.73809044749577,0.0768843365522923,BL/T12,ns,ns,ns/ns,TO
Veillonella_atypica,-0.125620239396228,Value,BL,T12,20,20,88,0.546,-0.294492798548472,0.180738405053412,Wilcoxon,two.sided,0.994234375,-2.81298388790751,-2.7416084375325,0.0689432906078526,BL/T12,ns,ns,ns/ns,TO
Veillonella_dispar,0.085693118888772,Value,BL,T12,20,20,115,0.729,-0.249085272164496,0.419235513726214,Wilcoxon,two.sided,0.994234375,-2.76622487210943,-2.84384198313353,-0.0747522248150626,BL/T12,ns,ns,ns/ns,TO
Veillonella_parvula,0.0741656314031514,Value,BL,T12,20,20,118,0.648,-0.237312110595473,0.353161163862228,Wilcoxon,two.sided,0.994234375,-2.81117085193241,-2.84629210405672,-0.0345185716665203,BL/T12,ns,ns,ns/ns,TO
Veillonella_rogosae,0.0891125734534133,Value,BL,T12,20,20,115,0.729,-0.234484894763817,0.378919098402154,Wilcoxon,two.sided,0.994234375,-2.78173771015656,-2.8765808433754,-0.0906110956717614,BL/T12,ns,ns,ns/ns,TO
Vescimonas_coprocola,-0.0414118175113948,Value,BL,T12,20,20,99,0.841,-0.391809097595728,0.266621821998488,Wilcoxon,two.sided,0.994234375,-2.793244017407,-2.70936871171561,0.0805428647507983,BL/T12,ns,ns,ns/ns,TO
Vescimonas_SGB15087,0.0011098829787296,Value,BL,T12,20,20,106,0.985,-0.361376345181671,0.354618394124465,Wilcoxon,two.sided,0.994234375,-2.87217803735805,-2.79386008285367,0.0754023775178771,BL/T12,ns,ns,ns/ns,TO
Victivallis_lenta,0.089615066225524,Value,BL,T12,20,20,121,0.571,-0.181283725252662,0.465984075993583,Wilcoxon,two.sided,0.994234375,-2.82339185279446,-2.98572717317668,-0.150431188558395,BL/T12,ns,ns,ns/ns,TO
Waltera_intestinalis,-0.0737266235089435,Value,BL,T12,20,20,88,0.546,-0.392880617271371,0.183771121368498,Wilcoxon,two.sided,0.994234375,-2.66679426404233,-2.57558760649695,0.0872841092114091,BL/T12,ns,ns,ns/ns,TO
Adlercreutzia_equolifaciens,0.00225731065718082,Value,BL,T24,20,20,107,0.956,-0.223765786567418,0.330334814395327,Wilcoxon,two.sided,0.989705128205128,-2.82758763744016,-2.87605928592612,-0.0473335309236287,BL/T24,ns,ns,ns/ns,TO
Agathobaculum_butyriciproducens,0.264207733188795,Value,BL,T24,20,20,156,0.0583,-0.0121325101437604,0.485573519660118,Wilcoxon,two.sided,0.95285,-2.56003417089394,-2.78119068700678,-0.19979837373794,BL/T24,ns,ns,ns/ns,TO
Akkermansia_muciniphila,0.12378144884405,Value,BL,T24,20,20,127,0.43,-0.235070631431411,0.360226260099809,Wilcoxon,two.sided,0.955371308016878,-2.58577257259037,-2.62232340105364,-0.03589869024732,BL/T24,ns,ns,ns/ns,TO
Alistipes_communis,0.085126721879356,Value,BL,T24,20,20,121,0.571,-0.438934519205052,0.266487342825467,Wilcoxon,two.sided,0.955371308016878,-2.82999077944883,-2.75398634743259,0.0732545807053173,BL/T24,ns,ns,ns/ns,TO
Alistipes_finegoldii,-0.152257075927311,Value,BL,T24,20,20,88,0.546,-0.442181237885265,0.241825622523021,Wilcoxon,two.sided,0.955371308016878,-2.82808821924539,-2.71677289670602,0.105544289055888,BL/T24,ns,ns,ns/ns,TO
Alistipes_ihumii,-0.148811720770852,Value,BL,T24,20,20,70,0.202,-0.537406750280463,0.15046910121208,Wilcoxon,two.sided,0.955371308016878,-2.88225554628386,-2.62443568874646,0.229379950518468,BL/T24,ns,ns,ns/ns,TO
Alistipes_indistinctus,0.025130235020939,Value,BL,T24,20,20,111,0.841,-0.330023444595298,0.36251671488135,Wilcoxon,two.sided,0.986578231292517,-2.70975567856453,-2.7403360573473,-0.0301221180957525,BL/T24,ns,ns,ns/ns,TO
Alistipes_onderdonkii,-0.189125967256519,Value,BL,T24,20,20,60,0.0973,-0.417788217532602,0.0372070850523418,Wilcoxon,two.sided,0.95285,-2.61391330111486,-2.40653120537245,0.188454458499665,BL/T24,ns,ns,ns/ns,TO
Alistipes_putredinis,-0.0261538507145714,Value,BL,T24,20,20,97,0.784,-0.283311359016414,0.227126938864127,Wilcoxon,two.sided,0.97023754789272,-2.36834450318369,-2.33621001699792,0.031628974640454,BL/T24,ns,ns,ns/ns,TO
Alistipes_senegalensis,-0.00017517277161494,Value,BL,T24,20,20,105,1,-0.347507008811064,0.351238270936621,Wilcoxon,two.sided,1,-2.81243021955202,-2.89702403270628,-0.0812055511436269,BL/T24,ns,ns,ns/ns,TO
Alistipes_shahii,-0.0872414193799028,Value,BL,T24,20,20,81,0.388,-0.260198252249113,0.121931957374278,Wilcoxon,two.sided,0.955371308016878,-2.62394890602468,-2.58089248970156,0.0421552649902439,BL/T24,ns,ns,ns/ns,TO
Alistipes_sp_AF17_16,-0.0573079371974895,Value,BL,T24,20,20,91,0.622,-0.277365474062127,0.187350129737079,Wilcoxon,two.sided,0.955371308016878,-2.78163614893777,-2.71700153650012,0.0626316533805991,BL/T24,ns,ns,ns/ns,TO
Anaerobutyricum_hallii,0.0110021155010364,Value,BL,T24,20,20,106,0.985,-0.205633224668408,0.199500893111297,Wilcoxon,two.sided,0.997351097178683,-2.75452945954166,-2.71689930563044,0.0369394148075617,BL/T24,ns,ns,ns/ns,TO
Anaerobutyricum_soehngenii,-0.110790313761844,Value,BL,T24,20,20,85,0.475,-0.415549043963947,0.210403425678807,Wilcoxon,two.sided,0.955371308016878,-2.96732431016015,-2.88169826659997,0.0821568192656714,BL/T24,ns,ns,ns/ns,TO
Anaerostipes_hadrus,-0.119570426335604,Value,BL,T24,20,20,73,0.245,-0.33678112222617,0.0909155435340714,Wilcoxon,two.sided,0.955371308016878,-2.68554871804616,-2.55659455699713,0.121291682969507,BL/T24,ns,ns,ns/ns,TO
Anaerotignum_faecicola,-0.168334505894685,Value,BL,T24,20,20,65,0.143,-0.390861415849189,0.0509952016044617,Wilcoxon,two.sided,0.95285,-2.8283943328404,-2.64729158121283,0.166448537348957,BL/T24,ns,ns,ns/ns,TO
Anaerotignum_lactatifermentans,0.0115914079463371,Value,BL,T24,20,20,106,0.985,-0.295874527524126,0.314353913046109,Wilcoxon,two.sided,0.997351097178683,-2.76466351525082,-2.78343532324797,-0.018597791966789,BL/T24,ns,ns,ns/ns,TO
Anaerotruncus_colihominis,0.140989596165412,Value,BL,T24,20,20,140,0.202,-0.116187372195054,0.399468100919074,Wilcoxon,two.sided,0.955371308016878,-2.64545050974495,-2.79735163549031,-0.141413730244197,BL/T24,ns,ns,ns/ns,TO
Bacteroides_caccae,0.00113934163308482,Value,BL,T24,20,20,106,0.985,-0.192832917857559,0.310935257803486,Wilcoxon,two.sided,0.997351097178683,-2.4199066915761,-2.44288638519933,-0.0227196369418149,BL/T24,ns,ns,ns/ns,TO
Bacteroides_cellulosilyticus,-0.0464257913982234,Value,BL,T24,20,20,93,0.674,-0.417709617661197,0.149052929565397,Wilcoxon,two.sided,0.955371308016878,-2.77140413527998,-2.64360688121544,0.120266397616344,BL/T24,ns,ns,ns/ns,TO
Bacteroides_clarus,0.174845065796057,Value,BL,T24,20,20,133,0.312,-0.147338983678487,0.468228068739002,Wilcoxon,two.sided,0.955371308016878,-2.64944715489111,-2.81983621693564,-0.157336225195256,BL/T24,ns,ns,ns/ns,TO
Bacteroides_congonensis,0.0244990976594512,Value,BL,T24,20,20,109,0.898,-0.331741931194184,0.399511450189777,Wilcoxon,two.sided,0.986578231292517,-2.74998442768736,-2.8162624101168,-0.0641740632584639,BL/T24,ns,ns,ns/ns,TO
Bacteroides_eggerthii,-0.0344850273659212,Value,BL,T24,20,20,98,0.812,-0.311849051136886,0.230712232314743,Wilcoxon,two.sided,0.986578231292517,-2.59448420667799,-2.52885040097469,0.0635697448721852,BL/T24,ns,ns,ns/ns,TO
Bacteroides_faecis,0.0636498141050686,Value,BL,T24,20,20,114,0.756,-0.28168361446571,0.370965226092641,Wilcoxon,two.sided,0.965169960474308,-2.71564782373414,-2.78311632493313,-0.0652899586117536,BL/T24,ns,ns,ns/ns,TO
Bacteroides_finegoldii,0.134055858829318,Value,BL,T24,20,20,140,0.202,-0.055304833825687,0.531933709051756,Wilcoxon,two.sided,0.955371308016878,-2.60537575123314,-2.87226567017585,-0.236565014330589,BL/T24,ns,ns,ns/ns,TO
Bacteroides_fragilis,-0.0646928919928864,Value,BL,T24,20,20,95,0.729,-0.385798070119204,0.198442717440858,Wilcoxon,two.sided,0.965169960474308,-2.52695650923925,-2.35965876960895,0.154691453266053,BL/T24,ns,ns,ns/ns,TO
Bacteroides_intestinalis,-0.00784488364782265,Value,BL,T24,20,20,103,0.956,-0.301385339549955,0.247144903644721,Wilcoxon,two.sided,0.989705128205128,-2.75329807562469,-2.75231103088888,0.00098655792746196,BL/T24,ns,ns,ns/ns,TO
Bacteroides_nordii,-0.184263658813539,Value,BL,T24,20,20,66,0.154,-0.429197855197288,0.0614641035693195,Wilcoxon,two.sided,0.95285,-2.87313405673344,-2.70056942626748,0.159193341751727,BL/T24,ns,ns,ns/ns,TO
Bacteroides_ovatus,-0.10808669742715,Value,BL,T24,20,20,80,0.368,-0.39697979980302,0.158726916131053,Wilcoxon,two.sided,0.955371308016878,-2.53875892717701,-2.43024388943816,0.103021315826917,BL/T24,ns,ns,ns/ns,TO
Bacteroides_salyersiae,-0.0629702375465219,Value,BL,T24,20,20,88,0.546,-0.326054506307508,0.15813273196367,Wilcoxon,two.sided,0.955371308016878,-2.64667827935637,-2.55036670995074,0.0919514267810775,BL/T24,ns,ns,ns/ns,TO
Bacteroides_sp_AF16_49,0.107705098359464,Value,BL,T24,20,20,142,0.177,-0.0690543642226209,0.458708579779999,Wilcoxon,two.sided,0.95285,-2.71766522152322,-2.92247691981897,-0.186323287757181,BL/T24,ns,ns,ns/ns,TO
Bacteroides_stercoris,-0.0047851572164897,Value,BL,T24,20,20,103,0.956,-0.243812980431384,0.270563833791692,Wilcoxon,two.sided,0.989705128205128,-2.29759327618608,-2.35768661408971,-0.0583569588734626,BL/T24,ns,ns,ns/ns,TO
Bacteroides_thetaiotaomicron,-0.0583249282245173,Value,BL,T24,20,20,92,0.648,-0.291074517457732,0.199917413904254,Wilcoxon,two.sided,0.955371308016878,-2.42990242731985,-2.39218460005403,0.0370239050766135,BL/T24,ns,ns,ns/ns,TO
Bacteroides_uniformis,0.0463195334194116,Value,BL,T24,20,20,124,0.498,-0.105975261657432,0.240834602207168,Wilcoxon,two.sided,0.955371308016878,-2.04082643930664,-2.21228334652535,-0.158248194011487,BL/T24,ns,ns,ns/ns,TO
Bacteroides_xylanisolvens,-0.129245240666527,Value,BL,T24,20,20,84,0.452,-0.485344247747145,0.233736331665021,Wilcoxon,two.sided,0.955371308016878,-2.54973114315054,-2.40789766146091,0.13263528772085,BL/T24,ns,ns,ns/ns,TO
Barnesiella_intestinihominis,0.0245032930293612,Value,BL,T24,20,20,112,0.812,-0.262250919684897,0.146999880207061,Wilcoxon,two.sided,0.986578231292517,-2.73552401671537,-2.59979672711439,0.127273229508505,BL/T24,ns,ns,ns/ns,TO
Bifidobacterium_adolescentis,0.0342195896321623,Value,BL,T24,20,20,116,0.701,-0.164211438555969,0.263024716870772,Wilcoxon,two.sided,0.955371308016878,-2.78794391164906,-2.79750807249511,-0.00951871380512686,BL/T24,ns,ns,ns/ns,TO
Bifidobacterium_bifidum,-0.0979109681250235,Value,BL,T24,20,20,89,0.571,-0.347384419542711,0.261217262538253,Wilcoxon,two.sided,0.955371308016878,-2.83737209165116,-2.82778853879602,0.00953792191848498,BL/T24,ns,ns,ns/ns,TO
Bifidobacterium_longum,-0.12173184251781,Value,BL,T24,20,20,72,0.231,-0.347564510246534,0.0713892765224644,Wilcoxon,two.sided,0.955371308016878,-2.70028497998574,-2.54261059171629,0.146413155042319,BL/T24,ns,ns,ns/ns,TO
Bifidobacterium_pseudocatenulatum,0.246972369424177,Value,BL,T24,20,20,175,0.0073,0.070386439996059,0.451045016428194,Wilcoxon,two.sided,0.95285,-2.54648511555585,-2.80957556052059,-0.23356145201955,BL/T24,ns,**,**/ns,TO
Bilophila_wadsworthia,-0.145573825934759,Value,BL,T24,20,20,68,0.177,-0.393586585062781,0.0779034594855825,Wilcoxon,two.sided,0.95285,-2.67792687340756,-2.53261800772133,0.135674352320785,BL/T24,ns,ns,ns/ns,TO
Blautia_caecimuris,0.102168565083531,Value,BL,T24,20,20,128,0.409,-0.190530987699725,0.448317901205537,Wilcoxon,two.sided,0.955371308016878,-2.76670815732157,-2.91334693724493,-0.136834862587184,BL/T24,ns,ns,ns/ns,TO
Blautia_faecicola,-0.176004869407881,Value,BL,T24,20,20,64,0.133,-0.413944444937101,0.0569428654515876,Wilcoxon,two.sided,0.95285,-2.82488440092763,-2.63655441042603,0.172548952152061,BL/T24,ns,ns,ns/ns,TO
Blautia_faecis,0.00271140039741291,Value,BL,T24,20,20,105,1,-0.254729621423508,0.131116329101127,Wilcoxon,two.sided,1,-2.79251638168872,-2.73839649946053,0.0527061839056906,BL/T24,ns,ns,ns/ns,TO
Blautia_glucerasea,0.112778881614254,Value,BL,T24,20,20,125,0.475,-0.210440649754535,0.480516664464781,Wilcoxon,two.sided,0.955371308016878,-2.71471913754048,-2.90829130127938,-0.176950628931086,BL/T24,ns,ns,ns/ns,TO
Blautia_hansenii,0.105172096693508,Value,BL,T24,20,20,128,0.409,-0.20734637793266,0.513244444780549,Wilcoxon,two.sided,0.955371308016878,-2.79497053303983,-2.92760879400491,-0.124549655660687,BL/T24,ns,ns,ns/ns,TO
Blautia_luti,-0.0932515966493118,Value,BL,T24,20,20,92,0.648,-0.364907667760151,0.242582600811515,Wilcoxon,two.sided,0.955371308016878,-2.95105179275176,-2.84018046108738,0.105144690867278,BL/T24,ns,ns,ns/ns,TO
Blautia_massiliensis,-0.174937509471896,Value,BL,T24,20,20,62,0.114,-0.369930285548142,0.0533278036402964,Wilcoxon,two.sided,0.95285,-2.7860515651248,-2.63913071806716,0.137080827097883,BL/T24,ns,ns,ns/ns,TO
Blautia_obeum,-0.115993250058523,Value,BL,T24,20,20,85,0.475,-0.431884555463369,0.20076545629129,Wilcoxon,two.sided,0.955371308016878,-2.82432275849776,-2.73084332082647,0.0893647568164,BL/T24,ns,ns,ns/ns,TO
Blautia_sp_MSK_20_85,0.144985789977138,Value,BL,T24,20,20,125,0.475,-0.218639850162908,0.422923480253972,Wilcoxon,two.sided,0.955371308016878,-2.67290732636931,-2.77362376929045,-0.0959612795393642,BL/T24,ns,ns,ns/ns,TO
Blautia_stercoris,0.0637302269293207,Value,BL,T24,20,20,114,0.756,-0.293188651523568,0.473528281097364,Wilcoxon,two.sided,0.965169960474308,-2.84920248264931,-2.97235954085899,-0.116143521907633,BL/T24,ns,ns,ns/ns,TO
Blautia_wexlerae,0.0842296100829197,Value,BL,T24,20,20,125,0.475,-0.102471410710169,0.260437361104864,Wilcoxon,two.sided,0.955371308016878,-2.44047681385511,-2.51304695911866,-0.0700577731904574,BL/T24,ns,ns,ns/ns,TO
Butyricicoccus_sp_AM29_23AC,0.0415928743538015,Value,BL,T24,20,20,113,0.784,-0.207184744262203,0.377627627203644,Wilcoxon,two.sided,0.97023754789272,-2.86213276271179,-2.91082351579732,-0.0475424843172358,BL/T24,ns,ns,ns/ns,TO
Butyricimonas_faecihominis,0.115202743884604,Value,BL,T24,20,20,125,0.475,-0.105732062649004,0.264130404690445,Wilcoxon,two.sided,0.955371308016878,-2.81430941188244,-2.87122921197235,-0.0553588289762419,BL/T24,ns,ns,ns/ns,TO
Butyricimonas_paravirosa,-0.0986294548770246,Value,BL,T24,20,20,91,0.622,-0.357305291143218,0.227814503600913,Wilcoxon,two.sided,0.955371308016878,-2.8186884375479,-2.74478032835887,0.0713044330119437,BL/T24,ns,ns,ns/ns,TO
Butyricimonas_SGB15260,-0.114125061328146,Value,BL,T24,20,20,88,0.546,-0.408133472049897,0.285681034615948,Wilcoxon,two.sided,0.955371308016878,-2.86552509426105,-2.83755936998379,0.0275818243343672,BL/T24,ns,ns,ns/ns,TO
Butyricimonas_sp_Marseille_P3923,-0.0153640596976508,Value,BL,T24,20,20,102,0.927,-0.32688601144308,0.277863401214731,Wilcoxon,two.sided,0.989705128205128,-2.7705287305128,-2.748250628133,0.0220335705962241,BL/T24,ns,ns,ns/ns,TO
Butyricimonas_virosa,0.0330576405582738,Value,BL,T24,20,20,115,0.729,-0.236429190224328,0.234376344995567,Wilcoxon,two.sided,0.965169960474308,-2.65788390806824,-2.63869629251747,0.019005854614731,BL/T24,ns,ns,ns/ns,TO
Candidatus_Cibionibacter_quicibialis,-0.0969718074334315,Value,BL,T24,20,20,85,0.475,-0.363263345137506,0.22032760124431,Wilcoxon,two.sided,0.955371308016878,-2.67878735607643,-2.67266279784976,0.00610587934772846,BL/T24,ns,ns,ns/ns,TO
Catenibacterium_SGB4425,-0.0355799993189551,Value,BL,T24,20,20,101,0.898,-0.250096697099269,0.287369924444569,Wilcoxon,two.sided,0.986578231292517,-2.6940609955321,-2.71451666339246,-0.0202492607370502,BL/T24,ns,ns,ns/ns,TO
Clostridiaceae_bacterium,0.0614208882042745,Value,BL,T24,20,20,118,0.648,-0.238229275267925,0.326452031267582,Wilcoxon,two.sided,0.955371308016878,-2.62937107521888,-2.70581414526288,-0.0736621521173109,BL/T24,ns,ns,ns/ns,TO
Clostridiaceae_bacterium_AF18_31LB,-0.164228927131747,Value,BL,T24,20,20,75,0.277,-0.467830542222904,0.0843708323000532,Wilcoxon,two.sided,0.955371308016878,-2.95488014447949,-2.76612357151744,0.172907864167793,BL/T24,ns,ns,ns/ns,TO
Clostridiaceae_bacterium_Marseille_Q3526,-0.0548265560708229,Value,BL,T24,20,20,92,0.648,-0.364147974564678,0.288880530730661,Wilcoxon,two.sided,0.955371308016878,-2.92795755723199,-2.89347718075929,0.0338992489299781,BL/T24,ns,ns,ns/ns,TO
Clostridiaceae_bacterium_Marseille_Q4143,-0.129089108762671,Value,BL,T24,20,20,87,0.522,-0.469832614567158,0.220755620219638,Wilcoxon,two.sided,0.955371308016878,-2.86908756057759,-2.77272987384519,0.091993491790784,BL/T24,ns,ns,ns/ns,TO
Clostridiaceae_bacterium_Marseille_Q4145,-0.268151973053444,Value,BL,T24,20,20,45,0.024,-0.561258095116012,-0.0703487682352471,Wilcoxon,two.sided,0.95285,-3.08174604053741,-2.79731792526518,0.250313572803847,BL/T24,ns,*,*/ns,TO
Clostridiaceae_bacterium_Marseille_Q4149,0.139344734332325,Value,BL,T24,20,20,137,0.245,-0.202603326022885,0.306601193780905,Wilcoxon,two.sided,0.955371308016878,-2.63880019873538,-2.70152647255203,-0.0608375627350475,BL/T24,ns,ns,ns/ns,TO
Clostridiaceae_unclassified_SGB4771,-0.133912793353445,Value,BL,T24,20,20,80,0.368,-0.385549567136926,0.179365089651023,Wilcoxon,two.sided,0.955371308016878,-2.89025687280363,-2.78418032759262,0.100819109756851,BL/T24,ns,ns,ns/ns,TO
Clostridiales_bacterium,0.146862353685899,Value,BL,T24,20,20,134,0.294,-0.155559032098983,0.510926699480991,Wilcoxon,two.sided,0.955371308016878,-2.70230332885863,-2.89842207174947,-0.179081933953721,BL/T24,ns,ns,ns/ns,TO
Clostridiales_bacterium_Choco116,0.363183872033771,Value,BL,T24,20,20,159,0.0441,0.00901787319474567,0.659059362117868,Wilcoxon,two.sided,0.95285,-2.64910350670896,-2.99357350243815,-0.295999880173715,BL/T24,ns,*,*/ns,TO
Clostridiales_bacterium_KLE1615,-0.0409203522869351,Value,BL,T24,20,20,96,0.756,-0.300995166834318,0.1194011994665,Wilcoxon,two.sided,0.965169960474308,-2.58039342858677,-2.50213629098384,0.0753459761417376,BL/T24,ns,ns,ns/ns,TO
Clostridium_butyricum,-0.189346759138551,Value,BL,T24,20,20,54,0.0583,-0.402755607525049,0.0149944007731828,Wilcoxon,two.sided,0.95285,-2.89308687263065,-2.69095702866257,0.184094853546876,BL/T24,ns,ns,ns/ns,TO
Clostridium_fessum,0.0665222683533176,Value,BL,T24,20,20,129,0.388,-0.139240767797167,0.241169479928456,Wilcoxon,two.sided,0.955371308016878,-2.55021473334932,-2.59997286894138,-0.0485597905802879,BL/T24,ns,ns,ns/ns,TO
Clostridium_leptum,-0.0673304962810168,Value,BL,T24,20,20,87,0.522,-0.231958411402503,0.103550608906334,Wilcoxon,two.sided,0.955371308016878,-2.70954601956,-2.64701668528296,0.0606522301666479,BL/T24,ns,ns,ns/ns,TO
Clostridium_SGB4750,0.0413645378676225,Value,BL,T24,20,20,111,0.841,-0.224530126381278,0.292081863927178,Wilcoxon,two.sided,0.986578231292517,-2.71360365529418,-2.72952576884287,-0.0157966863247551,BL/T24,ns,ns,ns/ns,TO
Clostridium_SGB4751,-0.0328769520758134,Value,BL,T24,20,20,100,0.869,-0.363599370264007,0.265752960425083,Wilcoxon,two.sided,0.986578231292517,-2.76143490509459,-2.73056485552453,0.0304031539966931,BL/T24,ns,ns,ns/ns,TO
Clostridium_SGB6179,-0.0229831863024146,Value,BL,T24,20,20,100,0.869,-0.436745291436329,0.324421308441149,Wilcoxon,two.sided,0.986578231292517,-2.77913112771171,-2.71071783204464,0.066174646641861,BL/T24,ns,ns,ns/ns,TO
Clostridium_sp_1001270H_150608_G6,0.334126257412922,Value,BL,T24,20,20,159,0.0441,0.0163397362953768,0.636075683166648,Wilcoxon,two.sided,0.95285,-2.56451383008012,-2.90331249676802,-0.291772694453661,BL/T24,ns,*,*/ns,TO
Clostridium_sp_AF12_28,0.062226950238671,Value,BL,T24,20,20,114,0.756,-0.229174638836229,0.421564173050808,Wilcoxon,two.sided,0.965169960474308,-2.72260478413004,-2.81839709972665,-0.0914776775009541,BL/T24,ns,ns,ns/ns,TO
Clostridium_sp_AF20_17LB,0.0195106927802829,Value,BL,T24,20,20,115,0.729,-0.256026277988864,0.257127888440726,Wilcoxon,two.sided,0.965169960474308,-2.74111478117333,-2.7083274692181,0.0322612753811447,BL/T24,ns,ns,ns/ns,TO
Clostridium_sp_AF27_2AA,0.225633667750136,Value,BL,T24,20,20,139,0.216,-0.130976271341791,0.494145270391402,Wilcoxon,two.sided,0.955371308016878,-2.67324633169937,-2.85477956466213,-0.166812945021366,BL/T24,ns,ns,ns/ns,TO
Clostridium_sp_AF34_10BH,-0.151892220446888,Value,BL,T24,20,20,70,0.202,-0.344730016356736,0.151500721378804,Wilcoxon,two.sided,0.955371308016878,-2.51301290863425,-2.40810070923023,0.0997658742598741,BL/T24,ns,ns,ns/ns,TO
Clostridium_sp_AF34_13,0.0292495917839242,Value,BL,T24,20,20,114,0.756,-0.253502234660768,0.295361822703158,Wilcoxon,two.sided,0.965169960474308,-2.69640467905648,-2.70430574417387,-0.00787001514705333,BL/T24,ns,ns,ns/ns,TO
Clostridium_sp_AF36_4,-0.0300066172496881,Value,BL,T24,20,20,97,0.784,-0.261516536019048,0.203205946674732,Wilcoxon,two.sided,0.97023754789272,-2.70335290754545,-2.68330561900579,0.0198489875349251,BL/T24,ns,ns,ns/ns,TO
Clostridium_sp_AM22_11AC,-0.0188222743070621,Value,BL,T24,20,20,99,0.841,-0.284732565081077,0.210123181124589,Wilcoxon,two.sided,0.986578231292517,-2.63686694916315,-2.58473950426905,0.0508142523146083,BL/T24,ns,ns,ns/ns,TO
Clostridium_sp_AM33_3,0.066231171690894,Value,BL,T24,20,20,112,0.812,-0.235231155986346,0.37288224339663,Wilcoxon,two.sided,0.986578231292517,-2.81948860769178,-2.88120650415347,-0.0598882533158667,BL/T24,ns,ns,ns/ns,TO
Clostridium_sp_AM42_4,0.235778292502712,Value,BL,T24,20,20,166,0.0215,0.0330654015125182,0.449161545299824,Wilcoxon,two.sided,0.95285,-2.73510591964508,-2.97950244487169,-0.218650693709107,BL/T24,ns,*,*/ns,TO
Clostridium_sp_AM49_4BH,-0.153232834676014,Value,BL,T24,20,20,63,0.123,-0.372008866928045,0.106093957865363,Wilcoxon,two.sided,0.95285,-2.8624689683007,-2.70111845335531,0.149583564941802,BL/T24,ns,ns,ns/ns,TO
Clostridium_sp_AT4,-0.208724696630903,Value,BL,T24,20,20,65,0.143,-0.533675472302642,0.0692056506954077,Wilcoxon,two.sided,0.95285,-2.8367957049802,-2.61777055260132,0.198051483903062,BL/T24,ns,ns,ns/ns,TO
Clostridium_symbiosum,-0.244650776769864,Value,BL,T24,20,20,51,0.0441,-0.441326291423698,-0.0136869341974537,Wilcoxon,two.sided,0.95285,-3.02729958551346,-2.8269328078776,0.182627158123,BL/T24,ns,*,*/ns,TO
Collinsella_aerofaciens,-0.127598297577389,Value,BL,T24,20,20,76,0.294,-0.303172370502498,0.145497791758808,Wilcoxon,two.sided,0.955371308016878,-2.68974333637282,-2.61279778145683,0.0741288443578865,BL/T24,ns,ns,ns/ns,TO
Collinsella_SGB14861,0.186095686505653,Value,BL,T24,20,20,138,0.231,-0.0974727013902834,0.482882421965053,Wilcoxon,two.sided,0.955371308016878,-2.77830892818451,-2.98372421090616,-0.186824140534344,BL/T24,ns,ns,ns/ns,TO
Collinsella_SGB4121,0.253858862293141,Value,BL,T24,20,20,164,0.0266,0.0411764546096696,0.493279283395402,Wilcoxon,two.sided,0.95285,-2.62993274500435,-2.94632868372324,-0.274897652940151,BL/T24,ns,*,*/ns,TO
Coprobacillus_cateniformis,0.293994192834441,Value,BL,T24,20,20,155,0.0637,-0.00287095015261296,0.617297400160828,Wilcoxon,two.sided,0.95285,-2.70242474117596,-2.99616514224205,-0.257537558538192,BL/T24,ns,ns,ns/ns,TO
Coprobacter_fastidiosus,-0.425362611844332,Value,BL,T24,20,20,37,0.00944,-0.752624918608151,-0.115317743056188,Wilcoxon,two.sided,0.95285,-2.9589711559856,-2.53840850916605,0.351053023289348,BL/T24,ns,**,**/ns,TO
Coprobacter_secundus,-0.221442087820099,Value,BL,T24,20,20,65,0.143,-0.469594525211334,0.123084418678549,Wilcoxon,two.sided,0.95285,-2.90665990084165,-2.69544728355231,0.191622020827554,BL/T24,ns,ns,ns/ns,TO
Coprococcus_catus,-0.158027636477446,Value,BL,T24,20,20,70,0.202,-0.378173243228087,0.0883144148599155,Wilcoxon,two.sided,0.955371308016878,-2.79054540546653,-2.6680521482745,0.115552333660358,BL/T24,ns,ns,ns/ns,TO
Coprococcus_comes,0.103135561619145,Value,BL,T24,20,20,136,0.261,-0.0972972622026673,0.326312327556902,Wilcoxon,two.sided,0.955371308016878,-2.58031279888257,-2.72464322879171,-0.134819688585303,BL/T24,ns,ns,ns/ns,TO
Coprococcus_eutactus,0.0627227687037518,Value,BL,T24,20,20,109,0.898,-0.359530904111875,0.491164886049871,Wilcoxon,two.sided,0.986578231292517,-2.71110881361607,-2.8055672609363,-0.0902596722717264,BL/T24,ns,ns,ns/ns,TO
Coprococcus_SGB4669,-0.224641184058613,Value,BL,T24,20,20,56,0.0696,-0.462131940178848,0.0219754024863414,Wilcoxon,two.sided,0.95285,-2.92123956230374,-2.68705603018071,0.210409643859269,BL/T24,ns,ns,ns/ns,TO
Desulfovibrio_piger,-0.0413225604142268,Value,BL,T24,20,20,93,0.674,-0.280701837521821,0.198220766959024,Wilcoxon,two.sided,0.955371308016878,-2.77272770926442,-2.70991529308231,0.0609186173551412,BL/T24,ns,ns,ns/ns,TO
Desulfovibrio_SGB5076,-0.0197122946648759,Value,BL,T24,20,20,101,0.898,-0.381614045849747,0.303490321956184,Wilcoxon,two.sided,0.986578231292517,-2.83927997999287,-2.79331932087449,0.0449357541499384,BL/T24,ns,ns,ns/ns,TO
Desulfovibrio_SGB5077,0.193486054604628,Value,BL,T24,20,20,144,0.154,-0.0839904327303318,0.475843064270735,Wilcoxon,two.sided,0.95285,-2.56584294212912,-2.76068836717987,-0.178016825594889,BL/T24,ns,ns,ns/ns,TO
Dialister_hominis,-0.0170113647061554,Value,BL,T24,20,20,100,0.869,-0.452802126986678,0.412845928903585,Wilcoxon,two.sided,0.986578231292517,-2.80959736633095,-2.75496943685167,0.053188031244755,BL/T24,ns,ns,ns/ns,TO
Dialister_invisus,-0.0505306917261779,Value,BL,T24,20,20,81,0.388,-0.236678766290923,0.109416401224803,Wilcoxon,two.sided,0.955371308016878,-2.65014047051425,-2.59046105753703,0.0579664217920665,BL/T24,ns,ns,ns/ns,TO
Dorea_formicigenerans,-0.0612049705810991,Value,BL,T24,20,20,83,0.43,-0.274008615828238,0.137686659921628,Wilcoxon,two.sided,0.955371308016878,-2.65339912081197,-2.57213581591758,0.0781300842928843,BL/T24,ns,ns,ns/ns,TO
Dorea_longicatena,-0.0641465534059705,Value,BL,T24,20,20,81,0.388,-0.235932767172555,0.120330792151059,Wilcoxon,two.sided,0.955371308016878,-2.66982853463672,-2.61074687123142,0.0574021773433261,BL/T24,ns,ns,ns/ns,TO
Dorea_sp_AF36_15AT,-0.1009908272478,Value,BL,T24,20,20,89,0.571,-0.571408665917156,0.22275672915627,Wilcoxon,two.sided,0.955371308016878,-2.87231331671836,-2.6951965473857,0.163068032645805,BL/T24,ns,ns,ns/ns,TO
Dysosmobacter_sp_BX15,0.0610911540551188,Value,BL,T24,20,20,120,0.596,-0.27156292691362,0.332894236140025,Wilcoxon,two.sided,0.955371308016878,-2.76287113434457,-2.70666403531186,0.0546842825639958,BL/T24,ns,ns,ns/ns,TO
Dysosmobacter_sp_NSJ_60,0.0347723599429007,Value,BL,T24,20,20,111,0.841,-0.124052124713397,0.216849988365162,Wilcoxon,two.sided,0.986578231292517,-2.71336767018584,-2.78605583279342,-0.0701677994224657,BL/T24,ns,ns,ns/ns,TO
Dysosmobacter_welbionis,-0.0576326323406946,Value,BL,T24,20,20,85,0.475,-0.193771959187308,0.118749835045404,Wilcoxon,two.sided,0.955371308016878,-2.60726218743024,-2.59324454786006,0.0139203010435069,BL/T24,ns,ns,ns/ns,TO
Eggerthella_lenta,-0.00638170603301358,Value,BL,T24,20,20,105,1,-0.167746875950749,0.154796068907147,Wilcoxon,two.sided,1,-2.77907188835745,-2.7781645891094,0.000906887900883416,BL/T24,ns,ns,ns/ns,TO
Eisenbergiella_massiliensis,0.0183887598177547,Value,BL,T24,20,20,109,0.898,-0.321021235534068,0.369072470177881,Wilcoxon,two.sided,0.986578231292517,-2.83632175952814,-2.844793694315,-0.00843624935546133,BL/T24,ns,ns,ns/ns,TO
Eisenbergiella_tayi,-0.0805995804260869,Value,BL,T24,20,20,94,0.701,-0.398053339697367,0.197316506058696,Wilcoxon,two.sided,0.955371308016878,-2.84472127629326,-2.74376939487391,0.0961751523525515,BL/T24,ns,ns,ns/ns,TO
Enterobacter_hormaechei,-0.0770989361309928,Value,BL,T24,20,20,94,0.701,-0.517618743737913,0.304969055125452,Wilcoxon,two.sided,0.955371308016878,-2.86143026586267,-2.76754882705156,0.089732324096837,BL/T24,ns,ns,ns/ns,TO
Enterobacter_kobei,0.181583360775041,Value,BL,T24,20,20,131,0.349,-0.21867040478153,0.483822273840555,Wilcoxon,two.sided,0.955371308016878,-2.75849940357837,-2.83168788014875,-0.0706341020632917,BL/T24,ns,ns,ns/ns,TO
Enterocloster_aldenensis,-0.00811268444187063,Value,BL,T24,20,20,102,0.927,-0.248875454761923,0.262688314648128,Wilcoxon,two.sided,0.989705128205128,-2.83693318736319,-2.85186938292124,-0.0148257489987189,BL/T24,ns,ns,ns/ns,TO
Enterocloster_asparagiformis,-0.123849189159743,Value,BL,T24,20,20,89,0.571,-0.544028876314583,0.247895849118301,Wilcoxon,two.sided,0.955371308016878,-2.99643229637833,-2.83870273685779,0.146460810874594,BL/T24,ns,ns,ns/ns,TO
Enterocloster_bolteae,0.0609778835289523,Value,BL,T24,20,20,121,0.571,-0.135862003306406,0.26004645005617,Wilcoxon,two.sided,0.955371308016878,-2.57607553753407,-2.66844861858335,-0.0883524682864047,BL/T24,ns,ns,ns/ns,TO
Enterocloster_citroniae,-0.101397098066375,Value,BL,T24,20,20,73,0.245,-0.298113438192191,0.119625915610633,Wilcoxon,two.sided,0.955371308016878,-2.82173723892194,-2.7247871045347,0.0925337239128362,BL/T24,ns,ns,ns/ns,TO
Enterocloster_clostridioformis,0.087655625044369,Value,BL,T24,20,20,122,0.546,-0.181744908347608,0.345434976555077,Wilcoxon,two.sided,0.955371308016878,-2.67520583476906,-2.75144307789258,-0.0734709236103647,BL/T24,ns,ns,ns/ns,TO
Enterocloster_lavalensis,-0.139440506791213,Value,BL,T24,20,20,64,0.133,-0.339316300257062,0.0667697159278264,Wilcoxon,two.sided,0.95285,-2.83108439789895,-2.69912870457227,0.123946838844219,BL/T24,ns,ns,ns/ns,TO
Enterocloster_SGB14313,0.00149411056051929,Value,BL,T24,20,20,106,0.985,-0.158759293357802,0.122941585464279,Wilcoxon,two.sided,0.997351097178683,-2.74795235743331,-2.74786510473718,8.72488898384353e-05,BL/T24,ns,ns,ns/ns,TO
Erysipelatoclostridium_ramosum,-0.146832223981216,Value,BL,T24,20,20,79,0.349,-0.383346273985472,0.131770264889872,Wilcoxon,two.sided,0.955371308016878,-2.81843339433529,-2.68572099125166,0.124615113181021,BL/T24,ns,ns,ns/ns,TO
Escherichia_coli,0.0840933723099754,Value,BL,T24,20,20,117,0.674,-0.255305260216969,0.337014629091825,Wilcoxon,two.sided,0.955371308016878,-2.45803383842369,-2.54562606029508,-0.0839662821060624,BL/T24,ns,ns,ns/ns,TO
Eubacteriaceae_bacterium,-0.173364492769078,Value,BL,T24,20,20,85,0.475,-0.557136199698754,0.245911613448114,Wilcoxon,two.sided,0.955371308016878,-2.98411419888583,-2.8759913964858,0.102667414674626,BL/T24,ns,ns,ns/ns,TO
Eubacteriales_unclassified_SGB15145,-0.129832207185779,Value,BL,T24,20,20,79,0.349,-0.471024442024468,0.298880799206463,Wilcoxon,two.sided,0.955371308016878,-2.88744497129498,-2.84256973216298,0.0438974898989802,BL/T24,ns,ns,ns/ns,TO
Eubacterium_ramulus,-0.0735436420436442,Value,BL,T24,20,20,90,0.596,-0.309976152573433,0.185917671426025,Wilcoxon,two.sided,0.955371308016878,-2.77229647315667,-2.69499135028923,0.0744626661906939,BL/T24,ns,ns,ns/ns,TO
Eubacterium_rectale,0.196181096011398,Value,BL,T24,20,20,135,0.277,-0.189947287888796,0.576988542206222,Wilcoxon,two.sided,0.955371308016878,-2.61107745670319,-2.79276417410486,-0.16694283935397,BL/T24,ns,ns,ns/ns,TO
Eubacterium_SGB6276,-0.0474074400777493,Value,BL,T24,20,20,91,0.622,-0.230509407563865,0.171170875147419,Wilcoxon,two.sided,0.955371308016878,-2.76019606846228,-2.73309828316446,0.0267371409199647,BL/T24,ns,ns,ns/ns,TO
Eubacterium_siraeum,0.0232316282834932,Value,BL,T24,20,20,109,0.898,-0.390926239542247,0.283037297075568,Wilcoxon,two.sided,0.986578231292517,-2.86955223719092,-2.78392833932672,0.0821548428041492,BL/T24,ns,ns,ns/ns,TO
Eubacterium_sp_AF16_48,0.076234320258824,Value,BL,T24,20,20,119,0.622,-0.202612013861106,0.313887370832489,Wilcoxon,two.sided,0.955371308016878,-2.80505828537071,-2.84560695999921,-0.0397481457944038,BL/T24,ns,ns,ns/ns,TO
Eubacterium_sp_AF34_35BH,-0.108660676346441,Value,BL,T24,20,20,84,0.452,-0.374437360080245,0.172910346340006,Wilcoxon,two.sided,0.955371308016878,-2.83226772043654,-2.73887921404077,0.0892815956215789,BL/T24,ns,ns,ns/ns,TO
Eubacterium_ventriosum,-0.0475872253911666,Value,BL,T24,20,20,96,0.756,-0.389897464964397,0.365754334173128,Wilcoxon,two.sided,0.965169960474308,-2.79937912892142,-2.75216615437708,0.046132325285022,BL/T24,ns,ns,ns/ns,TO
Evtepia_gabavorous,0.0548752104053932,Value,BL,T24,20,20,122,0.546,-0.156392481819657,0.297224288151801,Wilcoxon,two.sided,0.955371308016878,-2.6922475648082,-2.80488605577743,-0.10673421357496,BL/T24,ns,ns,ns/ns,TO
Faecalibacillus_faecis,-0.0175632431697449,Value,BL,T24,20,20,101,0.898,-0.255441766109533,0.216900449183218,Wilcoxon,two.sided,0.986578231292517,-2.80662521797943,-2.75531660933056,0.0500356821410972,BL/T24,ns,ns,ns/ns,TO
Faecalibacillus_intestinalis,-0.00507948278207571,Value,BL,T24,20,20,104,0.985,-0.221875684674587,0.256561107992923,Wilcoxon,two.sided,0.997351097178683,-2.72127532561738,-2.73462678547489,-0.0132631146073142,BL/T24,ns,ns,ns/ns,TO
Faecalibacterium_prausnitzii,0.0556838600341557,Value,BL,T24,20,20,121,0.571,-0.144895063290914,0.255620768023428,Wilcoxon,two.sided,0.955371308016878,-1.93373631884847,-1.97917106822642,-0.0444328270139429,BL/T24,ns,ns,ns/ns,TO
Faecalibacterium_SGB15315,0.139810528496874,Value,BL,T24,20,20,136,0.261,-0.12096398944443,0.423403709289593,Wilcoxon,two.sided,0.955371308016878,-2.78484554016572,-2.92890444551019,-0.134582382317729,BL/T24,ns,ns,ns/ns,TO
Faecalibacterium_SGB15346,0.0441790767171368,Value,BL,T24,20,20,118,0.648,-0.11634511956599,0.20434500971593,Wilcoxon,two.sided,0.955371308016878,-2.46176374452122,-2.49357502035746,-0.0313157780844934,BL/T24,ns,ns,ns/ns,TO
Faecalicatena_fissicatena,-0.0337080970078119,Value,BL,T24,20,20,99,0.841,-0.345455129483754,0.26618822561845,Wilcoxon,two.sided,0.986578231292517,-2.70390946109828,-2.6849764136296,0.0187560479295525,BL/T24,ns,ns,ns/ns,TO
Faecalimonas_umbilicata,-0.14991912457779,Value,BL,T24,20,20,85,0.475,-0.5422878336164,0.224537049631244,Wilcoxon,two.sided,0.955371308016878,-2.86181970601361,-2.68622995108278,0.16176994076693,BL/T24,ns,ns,ns/ns,TO
Firmicutes_bacterium_AF16_15,-0.223087628577787,Value,BL,T24,20,20,68,0.177,-0.565050665239826,0.111583036565742,Wilcoxon,two.sided,0.95285,-2.83733056544049,-2.62632896360762,0.191447787305729,BL/T24,ns,ns,ns/ns,TO
Flavonifractor_plautii,0.129131814088903,Value,BL,T24,20,20,131,0.349,-0.143754241714241,0.428112202130272,Wilcoxon,two.sided,0.955371308016878,-2.68171600725197,-2.80842839364888,-0.119303999645719,BL/T24,ns,ns,ns/ns,TO
Fusicatenibacter_saccharivorans,0.0616779751442829,Value,BL,T24,20,20,122,0.546,-0.13870677127306,0.304685554843208,Wilcoxon,two.sided,0.955371308016878,-2.52951437933215,-2.59628878630404,-0.0646395225728998,BL/T24,ns,ns,ns/ns,TO
Fusobacterium_mortiferum,0.148784347086907,Value,BL,T24,20,20,149,0.105,-0.0431735724807851,0.342728495081638,Wilcoxon,two.sided,0.95285,-2.6872374435725,-2.82416082535421,-0.128325826202072,BL/T24,ns,ns,ns/ns,TO
Fusobacterium_ulcerans,0.0441451637130421,Value,BL,T24,20,20,120,0.596,-0.145950792742972,0.239424226399421,Wilcoxon,two.sided,0.955371308016878,-2.62956325110272,-2.67140206309141,-0.0409872403755541,BL/T24,ns,ns,ns/ns,TO
Fusobacterium_varium,-0.0777432208957879,Value,BL,T24,20,20,84,0.452,-0.373010451550873,0.200127935226004,Wilcoxon,two.sided,0.955371308016878,-2.91853860751928,-2.83627172748185,0.0790578043884993,BL/T24,ns,ns,ns/ns,TO
Gemmiger_formicilis,-0.151666155275846,Value,BL,T24,20,20,62,0.114,-0.332418105602508,0.0292987976456718,Wilcoxon,two.sided,0.95285,-2.79065131450559,-2.65407004481604,0.128024870499582,BL/T24,ns,ns,ns/ns,TO
Gemmiger_SGB15295,0.0696698682604446,Value,BL,T24,20,20,120,0.596,-0.222793154050877,0.286317855064547,Wilcoxon,two.sided,0.955371308016878,-2.70687085290812,-2.73359748823656,-0.0263757176457047,BL/T24,ns,ns,ns/ns,TO
GGB13493_SGB15238,0.204990699343459,Value,BL,T24,20,20,169,0.0153,0.0466311422487884,0.393759649795102,Wilcoxon,two.sided,0.95285,-2.55689098754711,-2.78311446440939,-0.203939102193406,BL/T24,ns,*,*/ns,TO
GGB1495_SGB2071,0.187510572562454,Value,BL,T24,20,20,147,0.123,-0.0507066600694155,0.436902294997158,Wilcoxon,two.sided,0.95285,-2.64660287110891,-2.83755922759007,-0.17475664526946,BL/T24,ns,ns,ns/ns,TO
GGB16040_SGB9347,-0.0475818408026812,Value,BL,T24,20,20,100,0.869,-0.467623902891163,0.361376083054513,Wilcoxon,two.sided,0.986578231292517,-2.99530600241282,-2.94226092780649,0.0516860381296442,BL/T24,ns,ns,ns/ns,TO
GGB1663_SGB2279,0.127121827686248,Value,BL,T24,20,20,135,0.277,-0.0909919996525257,0.373030226542641,Wilcoxon,two.sided,0.955371308016878,-2.67137117950817,-2.81507167730166,-0.134269056053246,BL/T24,ns,ns,ns/ns,TO
GGB2998_SGB3988,0.0837103288300566,Value,BL,T24,20,20,121,0.571,-0.198558727841209,0.356468636017475,Wilcoxon,two.sided,0.955371308016878,-2.73394385053281,-2.81114862351975,-0.0743695128654159,BL/T24,ns,ns,ns/ns,TO
GGB3175_SGB4191,0.0293353428641596,Value,BL,T24,20,20,110,0.869,-0.172100311939083,0.268564317093178,Wilcoxon,two.sided,0.986578231292517,-2.59039579111375,-2.67562046238997,-0.0817870358569861,BL/T24,ns,ns,ns/ns,TO
GGB3256_SGB4303,0.014816941148589,Value,BL,T24,20,20,113,0.784,-0.175249126661832,0.26221440404539,Wilcoxon,two.sided,0.97023754789272,-2.73695746082721,-2.81742142511052,-0.0773905454445673,BL/T24,ns,ns,ns/ns,TO
GGB3277_SGB4327,-0.112617652734623,Value,BL,T24,20,20,82,0.409,-0.394161646695437,0.187147535938149,Wilcoxon,two.sided,0.955371308016878,-2.75129127633526,-2.66070937102565,0.0867114118717362,BL/T24,ns,ns,ns/ns,TO
GGB3278_SGB4328,-0.00723674588492995,Value,BL,T24,20,20,102,0.927,-0.276565783310502,0.239800065597081,Wilcoxon,two.sided,0.989705128205128,-2.91770642821866,-2.94469185666324,-0.0266277423789532,BL/T24,ns,ns,ns/ns,TO
GGB3304_SGB4367,0.00495505061754598,Value,BL,T24,20,20,106,0.985,-0.344564421431423,0.274341768488517,Wilcoxon,two.sided,0.997351097178683,-2.77908571666021,-2.7384839279497,0.0397991887948508,BL/T24,ns,ns,ns/ns,TO
GGB3321_SGB4394,-0.093848941334625,Value,BL,T24,20,20,90,0.596,-0.373986094810405,0.193642387919762,Wilcoxon,two.sided,0.955371308016878,-2.80882580928659,-2.70190793452537,0.101579463766924,BL/T24,ns,ns,ns/ns,TO
GGB33469_SGB15236,0.186122824324577,Value,BL,T24,20,20,136,0.261,-0.157235082043901,0.389954890845809,Wilcoxon,two.sided,0.955371308016878,-2.7096688244552,-2.82217482417785,-0.106615128052834,BL/T24,ns,ns,ns/ns,TO
GGB3363_SGB4447,0.0425550765897028,Value,BL,T24,20,20,119,0.622,-0.192519475612085,0.246479146543926,Wilcoxon,two.sided,0.955371308016878,-2.70680385583353,-2.73377738702472,-0.0266161576748466,BL/T24,ns,ns,ns/ns,TO
GGB3363_SGB4448,0.10154514994645,Value,BL,T24,20,20,126,0.452,-0.227150068994812,0.423924157880456,Wilcoxon,two.sided,0.955371308016878,-2.75988493703048,-2.84628571826165,-0.0828701969228891,BL/T24,ns,ns,ns/ns,TO
GGB33928_SGB15225,0.00929451019687322,Value,BL,T24,20,20,107,0.956,-0.305468622603846,0.330854945088379,Wilcoxon,two.sided,0.989705128205128,-2.88171130256192,-2.85999438281329,0.0214844668663227,BL/T24,ns,ns,ns/ns,TO
GGB3486_SGB4658,0.155695238016898,Value,BL,T24,20,20,136,0.261,-0.408960808853557,0.309575926663855,Wilcoxon,two.sided,0.955371308016878,-2.80708502413793,-2.79201746182487,0.0149551741337073,BL/T24,ns,ns,ns/ns,TO
GGB3490_SGB4664,-0.115126401857326,Value,BL,T24,20,20,90,0.596,-0.490102520688601,0.376246637881183,Wilcoxon,two.sided,0.955371308016878,-2.87163212773497,-2.80198335564369,0.0673303442058855,BL/T24,ns,ns,ns/ns,TO
GGB3612_SGB4882,0.0771781003310968,Value,BL,T24,20,20,119,0.622,-0.21005825354262,0.320130251324622,Wilcoxon,two.sided,0.955371308016878,-2.87238281817233,-2.86996861732675,0.00241129134452352,BL/T24,ns,ns,ns/ns,TO
GGB3619_SGB4894,-0.0243831689526028,Value,BL,T24,20,20,103,0.956,-0.286856709620793,0.276475242662367,Wilcoxon,two.sided,0.989705128205128,-2.77360998950277,-2.78241540221887,-0.00876687115387906,BL/T24,ns,ns,ns/ns,TO
GGB3632_SGB4921,-0.0848268986365729,Value,BL,T24,20,20,89,0.571,-0.422199381044959,0.265017039718601,Wilcoxon,two.sided,0.955371308016878,-2.95757224376185,-2.87686960321638,0.0776114226898409,BL/T24,ns,ns,ns/ns,TO
GGB3653_SGB4964,0.259781770680403,Value,BL,T24,20,20,146,0.133,-0.0929427590953382,0.616274933788821,Wilcoxon,two.sided,0.95285,-2.74650607670765,-3.04182794908863,-0.258759214369184,BL/T24,ns,ns,ns/ns,TO
GGB3746_SGB5089,-0.0325398419352888,Value,BL,T24,20,20,99,0.841,-0.395248408263965,0.249396408567565,Wilcoxon,two.sided,0.986578231292517,-2.79157523065017,-2.65730335214734,0.125990928335864,BL/T24,ns,ns,ns/ns,TO
GGB3815_SGB5180,0.00985797573661629,Value,BL,T24,20,20,108,0.927,-0.395525997253432,0.49589089487475,Wilcoxon,two.sided,0.989705128205128,-2.97769534341197,-3.02701685718329,-0.0481437779462158,BL/T24,ns,ns,ns/ns,TO
GGB3819_SGB5184,-0.153961361182867,Value,BL,T24,20,20,79,0.349,-0.463705607789405,0.231852362505906,Wilcoxon,two.sided,0.955371308016878,-2.85915814160465,-2.79193865668778,0.0650566539931192,BL/T24,ns,ns,ns/ns,TO
GGB3828_SGB5197,-0.0665846860650194,Value,BL,T24,20,20,94,0.701,-0.310717272651021,0.232745952252644,Wilcoxon,two.sided,0.955371308016878,-2.77225730000348,-2.72442839161107,0.0467203172204834,BL/T24,ns,ns,ns/ns,TO
GGB42994_SGB4746,0.0957635253993465,Value,BL,T24,20,20,138,0.231,-0.154995569453628,0.222175744613103,Wilcoxon,two.sided,0.955371308016878,-2.79251022613665,-2.79978822808533,-0.00725164509869841,BL/T24,ns,ns,ns/ns,TO
GGB4578_SGB6328,0.284117704029657,Value,BL,T24,20,20,145,0.143,-0.14636166294031,0.799285961656473,Wilcoxon,two.sided,0.95285,-2.7430943021034,-3.08123055867968,-0.291277792527289,BL/T24,ns,ns,ns/ns,TO
GGB4596_SGB6358,-0.234115886270596,Value,BL,T24,20,20,43,0.0192,-0.418665687061608,-0.0394618427340967,Wilcoxon,two.sided,0.95285,-2.72174616820342,-2.4955809516513,0.203891589080718,BL/T24,ns,*,*/ns,TO
GGB4599_SGB6362,-0.197401082604194,Value,BL,T24,20,20,73,0.245,-0.569358474566018,0.247838107980018,Wilcoxon,two.sided,0.955371308016878,-2.91882518405395,-2.82258928628379,0.0918824005578098,BL/T24,ns,ns,ns/ns,TO
GGB4605_SGB6376,-0.0504949661477503,Value,BL,T24,20,20,94,0.701,-0.407357319294655,0.240228529306103,Wilcoxon,two.sided,0.955371308016878,-2.77707458231334,-2.70966410430109,0.0652356012572485,BL/T24,ns,ns,ns/ns,TO
GGB4651_SGB6438,0.183476672817919,Value,BL,T24,20,20,147,0.123,-0.0803970424216931,0.587046295901746,Wilcoxon,two.sided,0.95285,-2.62822268463521,-2.90306094500014,-0.242819315947925,BL/T24,ns,ns,ns/ns,TO
GGB4684_SGB6478,0.127723333093582,Value,BL,T24,20,20,127,0.43,-0.226306448863461,0.401261307052126,Wilcoxon,two.sided,0.955371308016878,-2.65066514230629,-2.74151261833545,-0.0869548950879545,BL/T24,ns,ns,ns/ns,TO
GGB51269_SGB5062,-0.138652053983526,Value,BL,T24,20,20,75,0.277,-0.410665953992419,0.149094159609965,Wilcoxon,two.sided,0.955371308016878,-2.73519472825693,-2.61532019155254,0.113216658232551,BL/T24,ns,ns,ns/ns,TO
GGB51647_SGB4348,0.220695452202542,Value,BL,T24,20,20,157,0.0532,-0.000707711816575252,0.521581159162488,Wilcoxon,two.sided,0.95285,-2.49464172330153,-2.75752343782087,-0.233396184603518,BL/T24,ns,ns,ns/ns,TO
GGB51884_SGB49168,0.00366209975087795,Value,BL,T24,20,20,105,1,-0.327805044520513,0.263689461894185,Wilcoxon,two.sided,1,-2.89728774333247,-2.91490544314554,-0.0174643071366757,BL/T24,ns,ns,ns/ns,TO
GGB53985_SGB6367,0.212513894326035,Value,BL,T24,20,20,142,0.177,-0.128843077390451,0.486743651462701,Wilcoxon,two.sided,0.95285,-2.87059554610662,-3.0620096540871,-0.175140927656929,BL/T24,ns,ns,ns/ns,TO
GGB58714_SGB5072,-0.118214262429175,Value,BL,T24,20,20,77,0.312,-0.632030058667881,0.181396983029523,Wilcoxon,two.sided,0.955371308016878,-2.93237979400723,-2.83200386400592,0.0956518759661792,BL/T24,ns,ns,ns/ns,TO
GGB6569_SGB9281,-0.122339204525927,Value,BL,T24,20,20,77,0.312,-0.372307619092376,0.134675328320597,Wilcoxon,two.sided,0.955371308016878,-2.87582071579716,-2.6884455276808,0.171745146658652,BL/T24,ns,ns,ns/ns,TO
GGB79734_SGB15291,-0.0446947016746088,Value,BL,T24,20,20,99,0.841,-0.343578956627058,0.398406437063029,Wilcoxon,two.sided,0.986578231292517,-2.83275943014057,-2.80123598374426,0.0310367836598874,BL/T24,ns,ns,ns/ns,TO
GGB79916_SGB4587,0.08220890770645,Value,BL,T24,20,20,121,0.571,-0.247423897507031,0.408897936492087,Wilcoxon,two.sided,0.955371308016878,-2.78991691360932,-2.87713729783662,-0.0836243329683028,BL/T24,ns,ns,ns/ns,TO
GGB80011_SGB15265,-0.0820755168469431,Value,BL,T24,20,20,90,0.596,-0.298048249043965,0.210894633563427,Wilcoxon,two.sided,0.955371308016878,-2.75936468013307,-2.71395148550379,0.0444122088252971,BL/T24,ns,ns,ns/ns,TO
GGB80011_SGB15267,-0.117928455631011,Value,BL,T24,20,20,93,0.674,-0.495521817481837,0.243949318276373,Wilcoxon,two.sided,0.955371308016878,-2.91120868425833,-2.81490111855609,0.0919477747985452,BL/T24,ns,ns,ns/ns,TO
GGB9061_SGB13979,0.0441157162354544,Value,BL,T24,20,20,116,0.701,-0.277234238574399,0.354309090250075,Wilcoxon,two.sided,0.955371308016878,-2.74435598118061,-2.7677348105782,-0.023109730637446,BL/T24,ns,ns,ns/ns,TO
GGB9062_SGB13981,0.0281620284037903,Value,BL,T24,20,20,109,0.898,-0.343508292906431,0.323434554572547,Wilcoxon,two.sided,0.986578231292517,-2.79431436176779,-2.79776628621333,-0.00344598022974922,BL/T24,ns,ns,ns/ns,TO
GGB9063_SGB13982,0.117121095683927,Value,BL,T24,20,20,126,0.452,-0.232059338852363,0.436399829560773,Wilcoxon,two.sided,0.955371308016878,-2.69664981594319,-2.77943586812046,-0.0795373974202154,BL/T24,ns,ns,ns/ns,TO
GGB9302_SGB14263,-0.0655917166293052,Value,BL,T24,20,20,86,0.498,-0.280826952742466,0.196194456027923,Wilcoxon,two.sided,0.955371308016878,-2.68521041456355,-2.62006292891348,0.0631132737518088,BL/T24,ns,ns,ns/ns,TO
GGB9342_SGB14306,-0.0544633496772214,Value,BL,T24,20,20,88,0.546,-0.315326899667919,0.156303838359902,Wilcoxon,two.sided,0.955371308016878,-2.84910687360006,-2.77476827282246,0.0717052171419316,BL/T24,ns,ns,ns/ns,TO
GGB9345_SGB14311,-0.0441251443339076,Value,BL,T24,20,20,94,0.701,-0.3729121968133,0.180950138023705,Wilcoxon,two.sided,0.955371308016878,-2.80978806374221,-2.70595194517453,0.0987914935097305,BL/T24,ns,ns,ns/ns,TO
GGB9480_SGB14874,-0.00401081404510351,Value,BL,T24,20,20,104,0.985,-0.346726890636168,0.24771464018108,Wilcoxon,two.sided,0.997351097178683,-2.89731266667549,-2.7989259071598,0.0938425210614729,BL/T24,ns,ns,ns/ns,TO
GGB9524_SGB14924,0.199768821621801,Value,BL,T24,20,20,137,0.245,-0.144392097040952,0.493443381934802,Wilcoxon,two.sided,0.955371308016878,-2.66222968106467,-2.79537715784901,-0.12499913843336,BL/T24,ns,ns,ns/ns,TO
GGB9593_SGB15015,-0.160781201310612,Value,BL,T24,20,20,82,0.409,-0.409378081204084,0.201530994951515,Wilcoxon,two.sided,0.955371308016878,-2.88619398414162,-2.80683137466238,0.0763706905053654,BL/T24,ns,ns,ns/ns,TO
GGB9595_SGB15019,-0.05544844079199,Value,BL,T24,20,20,87,0.522,-0.327579267579827,0.18709210192544,Wilcoxon,two.sided,0.955371308016878,-2.80234963647742,-2.74084788935763,0.0596846480569364,BL/T24,ns,ns,ns/ns,TO
GGB9602_SGB15028,0.103315757415268,Value,BL,T24,20,20,124,0.498,-0.211051236411735,0.479567031226524,Wilcoxon,two.sided,0.955371308016878,-2.78640648444504,-2.95808844742513,-0.158440291684339,BL/T24,ns,ns,ns/ns,TO
GGB9602_SGB15031,-0.0680023875859673,Value,BL,T24,20,20,89,0.571,-0.28177582001714,0.12453059688742,Wilcoxon,two.sided,0.955371308016878,-2.76130277817384,-2.67927475101442,0.0788370831936389,BL/T24,ns,ns,ns/ns,TO
GGB9614_SGB15049,-0.0604926210601895,Value,BL,T24,20,20,96,0.756,-0.361271525445042,0.311107378653716,Wilcoxon,two.sided,0.965169960474308,-2.75362624517435,-2.72678450516238,0.0264878197651519,BL/T24,ns,ns,ns/ns,TO
GGB9616_SGB15051,0.122837560987621,Value,BL,T24,20,20,126,0.452,-0.219893939033408,0.409951470115723,Wilcoxon,two.sided,0.955371308016878,-2.78758285112192,-2.85559940865683,-0.0658032437276683,BL/T24,ns,ns,ns/ns,TO
GGB9616_SGB15052,0.0310951510386374,Value,BL,T24,20,20,114,0.756,-0.217446495522408,0.218237748530914,Wilcoxon,two.sided,0.965169960474308,-2.70654534026061,-2.72733847337754,-0.0205799066235113,BL/T24,ns,ns,ns/ns,TO
GGB9627_SGB15081,-0.198997172595393,Value,BL,T24,20,20,60,0.0973,-0.430318725073032,0.0297658917959678,Wilcoxon,two.sided,0.95285,-2.86682421281113,-2.69588719569747,0.157804297612863,BL/T24,ns,ns,ns/ns,TO
GGB9634_SGB15093,0.0849030546903586,Value,BL,T24,20,20,115,0.729,-0.314247516306488,0.437651434820559,Wilcoxon,two.sided,0.965169960474308,-2.85092566136776,-2.92599954451095,-0.0723893877232239,BL/T24,ns,ns,ns/ns,TO
GGB9635_SGB15103,0.0707870253342786,Value,BL,T24,20,20,120,0.596,-0.178891651506602,0.281411669497675,Wilcoxon,two.sided,0.955371308016878,-2.68286412131379,-2.75591557542656,-0.0705064160056067,BL/T24,ns,ns,ns/ns,TO
GGB9635_SGB15106,-0.0640278114422281,Value,BL,T24,20,20,88,0.546,-0.349442336083208,0.158431509730364,Wilcoxon,two.sided,0.955371308016878,-2.82485665955359,-2.71138776016979,0.107480276821231,BL/T24,ns,ns,ns/ns,TO
GGB9677_SGB15180,0.0773006315884676,Value,BL,T24,20,20,121,0.571,-0.187506400264903,0.320479016395164,Wilcoxon,two.sided,0.955371308016878,-2.78509634011425,-2.83915427746485,-0.0526474176317685,BL/T24,ns,ns,ns/ns,TO
GGB9691_SGB15198,-0.142044047221379,Value,BL,T24,20,20,83,0.43,-0.318910675035756,0.175101468118801,Wilcoxon,two.sided,0.955371308016878,-2.8097884646475,-2.79453625097764,0.0151370680003768,BL/T24,ns,ns,ns/ns,TO
GGB9699_SGB15216,0.19058570429705,Value,BL,T24,20,20,150,0.0973,-0.0320893448187252,0.342467891964104,Wilcoxon,two.sided,0.95285,-2.81218074141949,-2.95143523253153,-0.130374093319576,BL/T24,ns,ns,ns/ns,TO
GGB9707_SGB15229,-0.0390506469085632,Value,BL,T24,20,20,98,0.812,-0.344389389218068,0.312538596921777,Wilcoxon,two.sided,0.986578231292517,-2.8052339114065,-2.81887340360211,-0.0135473115739933,BL/T24,ns,ns,ns/ns,TO
GGB9708_SGB15233,0.0595019280570503,Value,BL,T24,20,20,127,0.43,-0.110970035197508,0.224334280805329,Wilcoxon,two.sided,0.955371308016878,-2.60904835030264,-2.66308170785203,-0.052624098147197,BL/T24,ns,ns,ns/ns,TO
GGB9708_SGB15234,-0.0284098198007297,Value,BL,T24,20,20,100,0.869,-0.259745110042685,0.215014879751686,Wilcoxon,two.sided,0.986578231292517,-2.73306279424329,-2.71612040755879,0.016800465200671,BL/T24,ns,ns,ns/ns,TO
GGB9712_SGB15244,0.111621391841151,Value,BL,T24,20,20,123,0.522,-0.218097835243656,0.479861150155833,Wilcoxon,two.sided,0.955371308016878,-2.73518237435663,-2.91849200226886,-0.168315281868332,BL/T24,ns,ns,ns/ns,TO
GGB9713_SGB15249,-0.0951451763138161,Value,BL,T24,20,20,79,0.349,-0.341893045421996,0.0835349291296561,Wilcoxon,two.sided,0.955371308016878,-2.83323449454401,-2.70981000428117,0.116381601005721,BL/T24,ns,ns,ns/ns,TO
GGB9747_SGB15356,0.134366941102343,Value,BL,T24,20,20,125,0.475,-0.179109505541252,0.426927803853422,Wilcoxon,two.sided,0.955371308016878,-2.75464411837917,-2.87447535157469,-0.113177989306071,BL/T24,ns,ns,ns/ns,TO
GGB9758_SGB15368,-0.0714391031601875,Value,BL,T24,20,20,90,0.596,-0.302472423906376,0.16076134030314,Wilcoxon,two.sided,0.955371308016878,-2.65872210476095,-2.65295559170043,0.00574995036623813,BL/T24,ns,ns,ns/ns,TO
GGB9760_SGB15373,0.0751932842563965,Value,BL,T24,20,20,120,0.596,-0.171901526883866,0.336831653364739,Wilcoxon,two.sided,0.955371308016878,-2.62593541473477,-2.82445952780166,-0.181090894061533,BL/T24,ns,ns,ns/ns,TO
GGB9760_SGB15374,-0.169555409550455,Value,BL,T24,20,20,57,0.0759,-0.415905785573442,0.0257741824319628,Wilcoxon,two.sided,0.95285,-2.79196422856239,-2.60639551652802,0.170222585226956,BL/T24,ns,ns,ns/ns,TO
GGB9813_SGB15447,0.120512737641631,Value,BL,T24,20,20,127,0.43,-0.210840134162044,0.489648545026416,Wilcoxon,two.sided,0.955371308016878,-2.75088686574868,-2.90104527628497,-0.139899681181162,BL/T24,ns,ns,ns/ns,TO
Haemophilus_parainfluenzae,-0.0724155891921623,Value,BL,T24,20,20,92,0.648,-0.409313312899988,0.240858390850859,Wilcoxon,two.sided,0.955371308016878,-2.94142427691625,-2.77439817173646,0.154458722531341,BL/T24,ns,ns,ns/ns,TO
Holdemanella_biformis,0.116493048802672,Value,BL,T24,20,20,127,0.43,-0.136625375062065,0.347703881125141,Wilcoxon,two.sided,0.955371308016878,-2.70695631304963,-2.8274573058721,-0.113775900311525,BL/T24,ns,ns,ns/ns,TO
Holdemanella_porci,-0.0533217879053791,Value,BL,T24,20,20,90,0.596,-0.305237052156793,0.12169205751072,Wilcoxon,two.sided,0.955371308016878,-2.75787472402938,-2.69945974246515,0.0567724886355077,BL/T24,ns,ns,ns/ns,TO
Holdemania_filiformis,-0.0534367914484528,Value,BL,T24,20,20,97,0.784,-0.358099139071482,0.217769001292293,Wilcoxon,two.sided,0.97023754789272,-2.74738174379641,-2.66925993856798,0.0752204579668125,BL/T24,ns,ns,ns/ns,TO
Holdemania_massiliensis,0.137403052949488,Value,BL,T24,20,20,139,0.216,-0.0676099252042224,0.347049552470801,Wilcoxon,two.sided,0.955371308016878,-2.74670785727654,-2.794189988254,-0.0463893139359159,BL/T24,ns,ns,ns/ns,TO
Hungatella_hathewayi,0.0965754176519322,Value,BL,T24,20,20,120,0.596,-0.190741603964759,0.379059812734513,Wilcoxon,two.sided,0.955371308016878,-2.6533237901136,-2.81234631538421,-0.147576999259878,BL/T24,ns,ns,ns/ns,TO
Hydrogenoanaerobacterium_saccharovorans,-0.114307626252319,Value,BL,T24,20,20,74,0.261,-0.262279831022615,0.0487231920606459,Wilcoxon,two.sided,0.955371308016878,-2.65080055062357,-2.59806005131736,0.0513967633753498,BL/T24,ns,ns,ns/ns,TO
Intestinibacter_bartlettii,0.110092628758846,Value,BL,T24,20,20,128,0.409,-0.15033986131931,0.394887237795765,Wilcoxon,two.sided,0.955371308016878,-2.82842729006813,-2.92789789954323,-0.0948287998460336,BL/T24,ns,ns,ns/ns,TO
Intestinimonas_butyriciproducens,0.169394023059235,Value,BL,T24,20,20,131,0.349,-0.175896396440553,0.452622092520021,Wilcoxon,two.sided,0.955371308016878,-2.67348707174829,-2.81354312305356,-0.131077429009352,BL/T24,ns,ns,ns/ns,TO
Intestinimonas_massiliensis,-0.0851269235252845,Value,BL,T24,20,20,97,0.784,-0.374395731424234,0.264401903099823,Wilcoxon,two.sided,0.97023754789272,-2.8887219524359,-2.8708009392602,0.0177623249173723,BL/T24,ns,ns,ns/ns,TO
Klebsiella_pneumoniae,0.0255976663114635,Value,BL,T24,20,20,109,0.898,-0.376483674856291,0.34223499498453,Wilcoxon,two.sided,0.986578231292517,-2.80702363610975,-2.72084205293233,0.0826684111972199,BL/T24,ns,ns,ns/ns,TO
Klebsiella_quasipneumoniae,-0.324193006414478,Value,BL,T24,20,20,37,0.00944,-0.559565888892369,-0.0994622834004268,Wilcoxon,two.sided,0.95285,-2.96303121940098,-2.6351730803949,0.283567222310671,BL/T24,ns,**,**/ns,TO
Klebsiella_variicola,-0.233120017639562,Value,BL,T24,20,20,67,0.165,-0.506166313825383,0.104733229988835,Wilcoxon,two.sided,0.95285,-2.90932575824454,-2.7253776530231,0.168854705451787,BL/T24,ns,ns,ns/ns,TO
Lachnospira_eligens,0.0811507572212649,Value,BL,T24,20,20,125,0.475,-0.199018230768811,0.388582238457163,Wilcoxon,two.sided,0.955371308016878,-2.40651761808976,-2.50244307470472,-0.091599172175312,BL/T24,ns,ns,ns/ns,TO
Lachnospira_pectinoschiza,0.2468175004205,Value,BL,T24,20,20,163,0.0296,0.0219721857434698,0.438424860978577,Wilcoxon,two.sided,0.95285,-2.29707809608926,-2.50304480473287,-0.187281493150853,BL/T24,ns,*,*/ns,TO
Lachnospira_sp_NSJ_43,-0.11013207484355,Value,BL,T24,20,20,77,0.312,-0.390667410139442,0.119937358356955,Wilcoxon,two.sided,0.955371308016878,-2.77971754962732,-2.65691498207446,0.115827852244039,BL/T24,ns,ns,ns/ns,TO
Lachnospiraceae_bacterium_AM48_27BH,-0.126702871999585,Value,BL,T24,20,20,81,0.388,-0.538206014048132,0.211534476695433,Wilcoxon,two.sided,0.955371308016878,-2.94790653222518,-2.79116282806957,0.145608906089148,BL/T24,ns,ns,ns/ns,TO
Lachnospiraceae_bacterium_BX3,0.00949193684527028,Value,BL,T24,20,20,108,0.927,-0.304740791529166,0.228827202812178,Wilcoxon,two.sided,0.989705128205128,-2.82451768121919,-2.78178281359832,0.0418469419981275,BL/T24,ns,ns,ns/ns,TO
Lachnospiraceae_bacterium_Marseille_Q4251,-0.0750774677961139,Value,BL,T24,20,20,92,0.648,-0.346416832517665,0.194527815981532,Wilcoxon,two.sided,0.955371308016878,-2.86630769457191,-2.77905128364277,0.0836574689409897,BL/T24,ns,ns,ns/ns,TO
Lachnospiraceae_bacterium_OM04_12BH,0.286694346866554,Value,BL,T24,20,20,151,0.0897,-0.0511853671127231,0.619132288987026,Wilcoxon,two.sided,0.95285,-2.75161935466885,-3.03746259892961,-0.251414724342789,BL/T24,ns,ns,ns/ns,TO
Lacrimispora_amygdalina,-0.11914896704531,Value,BL,T24,20,20,72,0.231,-0.294681363668083,0.0698793977491803,Wilcoxon,two.sided,0.955371308016878,-2.73052060952205,-2.60933418405933,0.114387433084578,BL/T24,ns,ns,ns/ns,TO
Lacrimispora_celerecrescens,0.304593984433644,Value,BL,T24,20,20,143,0.165,-0.0982005026870802,0.935442945027979,Wilcoxon,two.sided,0.95285,-2.68903526285101,-3.14713419976746,-0.377133489251601,BL/T24,ns,ns,ns/ns,TO
Lacrimispora_saccharolytica,-0.19024179363153,Value,BL,T24,20,20,64,0.133,-0.441827249838859,0.0430874791900782,Wilcoxon,two.sided,0.95285,-2.81473128665484,-2.60282640855002,0.192193401155274,BL/T24,ns,ns,ns/ns,TO
Lawsonibacter_asaccharolyticus,-0.111183851437583,Value,BL,T24,20,20,71,0.216,-0.314677741455686,0.0748141738270403,Wilcoxon,two.sided,0.955371308016878,-2.75994326137884,-2.65966047886319,0.0955672217804319,BL/T24,ns,ns,ns/ns,TO
Longicatena_caecimuris,-0.258789023878473,Value,BL,T24,20,20,62,0.114,-0.641524866057662,0.0662591485138364,Wilcoxon,two.sided,0.95285,-3.02875161152714,-2.74131606763769,0.252652289304076,BL/T24,ns,ns,ns/ns,TO
Megamonas_funiformis,0.0216224802761736,Value,BL,T24,20,20,108,0.927,-0.309312537328458,0.349950074165444,Wilcoxon,two.sided,0.989705128205128,-2.82443287601656,-2.83457748449017,-0.0100934973109055,BL/T24,ns,ns,ns/ns,TO
Megasphaera_sp_NM10,0.134611160982111,Value,BL,T24,20,20,126,0.452,-0.230569608332089,0.369017688032964,Wilcoxon,two.sided,0.955371308016878,-2.76647959604964,-2.87568126830729,-0.10364054238335,BL/T24,ns,ns,ns/ns,TO
Mesosutterella_multiformis,-0.0596878233750564,Value,BL,T24,20,20,94,0.701,-0.32705711083299,0.229854870219784,Wilcoxon,two.sided,0.955371308016878,-2.74739239177465,-2.68054071833662,0.0647119499460728,BL/T24,ns,ns,ns/ns,TO
Negativibacillus_massiliensis,0.111053424884514,Value,BL,T24,20,20,126,0.452,-0.163789037634471,0.373498456704054,Wilcoxon,two.sided,0.955371308016878,-2.7536397877238,-2.82839404274453,-0.072092035465951,BL/T24,ns,ns,ns/ns,TO
Odoribacter_sp_AF15_53,0.194832621762415,Value,BL,T24,20,20,140,0.202,-0.0953730960516197,0.401996824042924,Wilcoxon,two.sided,0.955371308016878,-2.82624338678528,-2.96630724991071,-0.131084281122795,BL/T24,ns,ns,ns/ns,TO
Odoribacter_splanchnicus,-0.0751944790419015,Value,BL,T24,20,20,92,0.648,-0.309505052714722,0.229349069363477,Wilcoxon,two.sided,0.955371308016878,-2.72027286724866,-2.67163055097,0.0474962953665217,BL/T24,ns,ns,ns/ns,TO
Oscillibacter_sp_ER4,0.0769977958402049,Value,BL,T24,20,20,116,0.701,-0.265816916034578,0.388128424387276,Wilcoxon,two.sided,0.955371308016878,-2.63885852387818,-2.6621248845626,-0.0229998252040783,BL/T24,ns,ns,ns/ns,TO
Oscillospiraceae_bacterium_Marseille_Q3528,0.0574124934255169,Value,BL,T24,20,20,129,0.388,-0.0926360765957315,0.345487979910014,Wilcoxon,two.sided,0.955371308016878,-2.67357326160098,-2.81493618838722,-0.132223098118324,BL/T24,ns,ns,ns/ns,TO
Oscillospiraceae_bacterium_N12,-0.249852240717914,Value,BL,T24,20,20,56,0.0696,-0.569124491063878,0.0300569780554585,Wilcoxon,two.sided,0.95285,-2.96750295042795,-2.68421145613674,0.249428257249125,BL/T24,ns,ns,ns/ns,TO
Oscillospiraceae_unclassified_SGB15252,-0.24102754495764,Value,BL,T24,20,20,57,0.0759,-0.487931598064661,0.0154377137058117,Wilcoxon,two.sided,0.95285,-2.97390573417562,-2.72319593431777,0.223711230040427,BL/T24,ns,ns,ns/ns,TO
Oscillospiraceae_unclassified_SGB15256,0.269488354241785,Value,BL,T24,20,20,151,0.0897,-0.031732463087683,0.577980583612705,Wilcoxon,two.sided,0.95285,-2.74566832830314,-2.98259499639125,-0.212629809590132,BL/T24,ns,ns,ns/ns,TO
Parabacteroides_distasonis,0.0558602839172574,Value,BL,T24,20,20,119,0.622,-0.190160683518286,0.358926635970608,Wilcoxon,two.sided,0.955371308016878,-2.36262936520804,-2.48128210199176,-0.112125047639764,BL/T24,ns,ns,ns/ns,TO
Parabacteroides_faecis,0.0317274477994506,Value,BL,T24,20,20,109,0.898,-0.335117809983875,0.334651883392878,Wilcoxon,two.sided,0.986578231292517,-2.72767646978339,-2.75566556210921,-0.0276045563986775,BL/T24,ns,ns,ns/ns,TO
Parabacteroides_goldsteinii,-0.0888020128832741,Value,BL,T24,20,20,88,0.546,-0.401111337796794,0.233047694179335,Wilcoxon,two.sided,0.955371308016878,-2.81846864863815,-2.70491468301103,0.107556671405848,BL/T24,ns,ns,ns/ns,TO
Parabacteroides_johnsonii,0.0941949673685073,Value,BL,T24,20,20,121,0.571,-0.297780489077346,0.498731082261194,Wilcoxon,two.sided,0.955371308016878,-2.84784016689406,-2.92973289883472,-0.0787120368227279,BL/T24,ns,ns,ns/ns,TO
Parabacteroides_merdae,0.0310886783665034,Value,BL,T24,20,20,117,0.674,-0.164092415842633,0.247920323376434,Wilcoxon,two.sided,0.955371308016878,-2.4608009149363,-2.51136922566732,-0.0493312660626497,BL/T24,ns,ns,ns/ns,TO
Parabacteroides_sp_TM07_1AC,0.0090488134511012,Value,BL,T24,20,20,107,0.956,-0.175417911890238,0.224747097546699,Wilcoxon,two.sided,0.989705128205128,-2.78347044972234,-2.81317042863905,-0.0292674772053922,BL/T24,ns,ns,ns/ns,TO
Paraprevotella_clara,0.0109610633676331,Value,BL,T24,20,20,107,0.956,-0.227999589597407,0.239959228963034,Wilcoxon,two.sided,0.989705128205128,-2.76352699476565,-2.78463392822286,-0.0208872677406249,BL/T24,ns,ns,ns/ns,TO
Parasutterella_excrementihominis,-0.140660966543861,Value,BL,T24,20,20,59,0.0897,-0.32791929296643,0.0143747140262918,Wilcoxon,two.sided,0.95285,-2.64026030355008,-2.50258049105911,0.128990936265272,BL/T24,ns,ns,ns/ns,TO
Parasutterella_SGB9260,-0.0563743465529489,Value,BL,T24,20,20,90,0.596,-0.334692362226402,0.340459259731583,Wilcoxon,two.sided,0.955371308016878,-2.74017279254097,-2.71641490793076,0.0234800578504436,BL/T24,ns,ns,ns/ns,TO
Phascolarctobacterium_faecium,-0.0719019970699341,Value,BL,T24,20,20,77,0.312,-0.238553045868952,0.0588585875435967,Wilcoxon,two.sided,0.955371308016878,-2.51070312730649,-2.43545828251897,0.0725483982387035,BL/T24,ns,ns,ns/ns,TO
Phascolarctobacterium_SGB5790,0.00969887302277828,Value,BL,T24,20,20,108,0.927,-0.177931873311147,0.216009569288292,Wilcoxon,two.sided,0.989705128205128,-2.99244970208761,-3.01437775168158,-0.0216910877317498,BL/T24,ns,ns,ns/ns,TO
Phascolarctobacterium_succinatutens,-0.100729389200025,Value,BL,T24,20,20,87,0.522,-0.437702854712324,0.275350627007599,Wilcoxon,two.sided,0.955371308016878,-2.90243841636143,-2.84315085499571,0.0575965702363726,BL/T24,ns,ns,ns/ns,TO
Phocaeicola_coprocola,0.216600975758449,Value,BL,T24,20,20,149,0.105,-0.0630707386329576,0.658273811252478,Wilcoxon,two.sided,0.95285,-2.31459065989301,-2.61422552412066,-0.262083351344055,BL/T24,ns,ns,ns/ns,TO
Phocaeicola_coprophilus,0.0538791589826165,Value,BL,T24,20,20,109,0.898,-0.367093914613196,0.439345247296029,Wilcoxon,two.sided,0.986578231292517,-2.85641673585228,-2.88837663470691,-0.0314598086053916,BL/T24,ns,ns,ns/ns,TO
Phocaeicola_dorei,-0.0384951808690208,Value,BL,T24,20,20,97,0.784,-0.389412323842232,0.299614669672419,Wilcoxon,two.sided,0.97023754789272,-2.47438705516751,-2.43088593141431,0.0425815244422454,BL/T24,ns,ns,ns/ns,TO
Phocaeicola_massiliensis,-0.194693468012905,Value,BL,T24,20,20,68,0.177,-0.529858354951258,0.0636878360024138,Wilcoxon,two.sided,0.95285,-2.69043983623791,-2.4410137833671,0.222684288165682,BL/T24,ns,ns,ns/ns,TO
Phocaeicola_plebeius,0.21939894267211,Value,BL,T24,20,20,142,0.177,-0.0688608189538789,0.542507586043146,Wilcoxon,two.sided,0.95285,-2.1731810808699,-2.44132636873662,-0.237555429787734,BL/T24,ns,ns,ns/ns,TO
Phocaeicola_SGB6473,0.0614133438685843,Value,BL,T24,20,20,116,0.701,-0.153704020550042,0.470277383038241,Wilcoxon,two.sided,0.955371308016878,-2.62592073116348,-2.75289986873186,-0.119540723411933,BL/T24,ns,ns,ns/ns,TO
Phocaeicola_vulgatus,-0.0614958119476259,Value,BL,T24,20,20,94,0.701,-0.281839613916555,0.184179225696947,Wilcoxon,two.sided,0.955371308016878,-1.87028895380166,-1.83407122178738,0.0355772877924597,BL/T24,ns,ns,ns/ns,TO
Prevotella_bivia,0.156323453351682,Value,BL,T24,20,20,145,0.143,-0.0613491624583735,0.398829245057297,Wilcoxon,two.sided,0.95285,-2.75173783079439,-2.82889741202186,-0.0743275591825212,BL/T24,ns,ns,ns/ns,TO
Prevotella_copri_clade_A,0.249865289240582,Value,BL,T24,20,20,154,0.0696,-0.0356829894747428,0.515015032828922,Wilcoxon,two.sided,0.95285,-2.5288854856899,-2.7741999816369,-0.21938810520319,BL/T24,ns,ns,ns/ns,TO
Prevotella_copri_clade_C,-0.26255519182294,Value,BL,T24,20,20,70,0.202,-0.785417903126835,0.144437505982885,Wilcoxon,two.sided,0.955371308016878,-2.87794380775775,-2.54830113908261,0.284910235966299,BL/T24,ns,ns,ns/ns,TO
Prevotella_corporis,-0.256293165711658,Value,BL,T24,20,20,55,0.0637,-0.548791112715529,0.0018236628104904,Wilcoxon,two.sided,0.95285,-3.00390511790136,-2.74121384228368,0.233245376131332,BL/T24,ns,ns,ns/ns,TO
Prevotella_disiens,-0.217980870245564,Value,BL,T24,20,20,68,0.177,-0.611747358889282,0.12166693110791,Wilcoxon,two.sided,0.95285,-2.94280348968356,-2.6794228088679,0.233791207942135,BL/T24,ns,ns,ns/ns,TO
Prevotella_stercorea,0.116827691646217,Value,BL,T24,20,20,120,0.596,-0.243559239448977,0.427921544046583,Wilcoxon,two.sided,0.955371308016878,-2.77768110593131,-2.87658123800621,-0.0943097996590189,BL/T24,ns,ns,ns/ns,TO
Prevotella_timonensis,-0.0666363245736418,Value,BL,T24,20,20,96,0.756,-0.503861174120475,0.311989082468353,Wilcoxon,two.sided,0.965169960474308,-3.017598105548,-2.91525406417386,0.0974388592615128,BL/T24,ns,ns,ns/ns,TO
Pseudoruminococcus_massiliensis,-0.170674674866956,Value,BL,T24,20,20,83,0.43,-0.42814860287117,0.15044396321155,Wilcoxon,two.sided,0.955371308016878,-2.84315117201904,-2.72266647169011,0.113761359840705,BL/T24,ns,ns,ns/ns,TO
Rheinheimera_SGB14999,0.0520177874853447,Value,BL,T24,20,20,115,0.729,-0.229051417396127,0.277675682180786,Wilcoxon,two.sided,0.965169960474308,-2.67099735464778,-2.69037850722111,-0.0191957300078665,BL/T24,ns,ns,ns/ns,TO
Romboutsia_timonensis,0.191967493033711,Value,BL,T24,20,20,151,0.0897,-0.0312378521511993,0.380981267625334,Wilcoxon,two.sided,0.95285,-2.64708368942794,-2.80585350241755,-0.147358936340409,BL/T24,ns,ns,ns/ns,TO
Roseburia_faecis,-0.013016329475214,Value,BL,T24,20,20,101,0.898,-0.405953899550665,0.269502882311128,Wilcoxon,two.sided,0.986578231292517,-2.59942400994512,-2.52305215978346,0.0735959876907205,BL/T24,ns,ns,ns/ns,TO
Roseburia_hominis,0.0605207043379792,Value,BL,T24,20,20,114,0.756,-0.204440734637981,0.351756372553309,Wilcoxon,two.sided,0.965169960474308,-2.61408364359681,-2.70864703677206,-0.0903555560616086,BL/T24,ns,ns,ns/ns,TO
Roseburia_intestinalis,0.188633009591964,Value,BL,T24,20,20,133,0.312,-0.169191509031446,0.527402096307331,Wilcoxon,two.sided,0.955371308016878,-2.56144090946407,-2.74588484665001,-0.169273413134359,BL/T24,ns,ns,ns/ns,TO
Roseburia_inulinivorans,-0.238974520151776,Value,BL,T24,20,20,66,0.154,-0.561084182456784,0.118911986615373,Wilcoxon,two.sided,0.95285,-2.65807890104284,-2.45239230009192,0.187049197992304,BL/T24,ns,ns,ns/ns,TO
Roseburia_sp_AF02_12,-0.00488970204725514,Value,BL,T24,20,20,103,0.956,-0.203832476807267,0.205562720672868,Wilcoxon,two.sided,0.989705128205128,-2.64637050639592,-2.65013497063325,-0.00375739637408593,BL/T24,ns,ns,ns/ns,TO
Roseburia_sp_AM16_25,-0.165460534961723,Value,BL,T24,20,20,77,0.312,-0.48133789371092,0.154280920041952,Wilcoxon,two.sided,0.955371308016878,-2.87354969323476,-2.68244945805316,0.174877447353784,BL/T24,ns,ns,ns/ns,TO
Roseburia_sp_AM23_20,-0.107393535734651,Value,BL,T24,20,20,86,0.498,-0.392919698286418,0.218653207403562,Wilcoxon,two.sided,0.955371308016878,-2.78226007434807,-2.69775464004709,0.0811240621537348,BL/T24,ns,ns,ns/ns,TO
Roseburia_sp_AM59_24XD,0.134932861316686,Value,BL,T24,20,20,134,0.294,-0.122136673257803,0.424349861630817,Wilcoxon,two.sided,0.955371308016878,-2.81647619307955,-2.94935861781419,-0.124765203258243,BL/T24,ns,ns,ns/ns,TO
Ruminococcus_bicirculans,-0.0520962788866517,Value,BL,T24,20,20,94,0.701,-0.263146261913914,0.276338215374723,Wilcoxon,two.sided,0.955371308016878,-2.48147745617106,-2.45991882952463,0.0213295263319526,BL/T24,ns,ns,ns/ns,TO
Ruminococcus_bovis,0.324269034718114,Value,BL,T24,20,20,162,0.0328,0.080102117275703,0.605459167215536,Wilcoxon,two.sided,0.95285,-2.70410714140329,-3.0490417699904,-0.296345408591671,BL/T24,ns,*,*/ns,TO
Ruminococcus_bromii,0.069744350641299,Value,BL,T24,20,20,117,0.674,-0.201438815979703,0.324065746712242,Wilcoxon,two.sided,0.955371308016878,-2.51728941483715,-2.53756160172052,-0.0200694415837346,BL/T24,ns,ns,ns/ns,TO
Ruminococcus_callidus,0.0750684045926312,Value,BL,T24,20,20,117,0.674,-0.256514885285525,0.360054675270961,Wilcoxon,two.sided,0.955371308016878,-2.76932680079711,-2.8207005997396,-0.050097688931472,BL/T24,ns,ns,ns/ns,TO
Ruminococcus_gnavus,0.00265461313419313,Value,BL,T24,20,20,108,0.927,-0.230808273736104,0.215518307757256,Wilcoxon,two.sided,0.989705128205128,-2.54997599462206,-2.53053722273915,0.01925225222339,BL/T24,ns,ns,ns/ns,TO
Ruminococcus_lactaris,-0.122126451817138,Value,BL,T24,20,20,93,0.674,-0.510226859687188,0.28311716155501,Wilcoxon,two.sided,0.955371308016878,-2.85894103384406,-2.73305704861534,0.118568491752714,BL/T24,ns,ns,ns/ns,TO
Ruminococcus_SGB4421,0.00461770254788052,Value,BL,T24,20,20,107,0.956,-0.34085545406556,0.322541630901129,Wilcoxon,two.sided,0.989705128205128,-2.8226046698831,-2.8145901658071,0.00798255850994576,BL/T24,ns,ns,ns/ns,TO
Ruminococcus_sp_AF13_28,0.0213780284191378,Value,BL,T24,20,20,109,0.898,-0.293522995000566,0.316676434316819,Wilcoxon,two.sided,0.986578231292517,-2.61251444089843,-2.66219547245253,-0.0484863385468102,BL/T24,ns,ns,ns/ns,TO
Ruminococcus_sp_BSD2780120874_150323_B10,-0.047770023410711,Value,BL,T24,20,20,100,0.869,-0.216003528883367,0.184460946986819,Wilcoxon,two.sided,0.986578231292517,-2.55995048894396,-2.53592096767303,0.0237453555679035,BL/T24,ns,ns,ns/ns,TO
Ruminococcus_torques,0.0799575449464913,Value,BL,T24,20,20,121,0.571,-0.210823722945183,0.353176546491399,Wilcoxon,two.sided,0.955371308016878,-2.53976438172823,-2.60666047533716,-0.0647535857678935,BL/T24,ns,ns,ns/ns,TO
Ruthenibacterium_lactatiformans,0.0215339947836234,Value,BL,T24,20,20,113,0.784,-0.236459877088196,0.234382619301191,Wilcoxon,two.sided,0.97023754789272,-2.61715823308441,-2.63889280345878,-0.0215017421731469,BL/T24,ns,ns,ns/ns,TO
Sellimonas_intestinalis,-0.294472798397146,Value,BL,T24,20,20,53,0.0532,-0.545363941370552,0.0161947277520027,Wilcoxon,two.sided,0.95285,-2.90654565367861,-2.59560613744799,0.270744068118981,BL/T24,ns,ns,ns/ns,TO
Streptococcus_parasanguinis,0.0136983162705198,Value,BL,T24,20,20,107,0.956,-0.543871836150578,0.235573641654718,Wilcoxon,two.sided,0.989705128205128,-2.96552719849231,-2.821013401972,0.134979914964572,BL/T24,ns,ns,ns/ns,TO
Streptococcus_pasteurianus,-0.0733587538593907,Value,BL,T24,20,20,86,0.498,-0.280578064334224,0.153235431717279,Wilcoxon,two.sided,0.955371308016878,-2.68095925038407,-2.61874567102659,0.0603550131058411,BL/T24,ns,ns,ns/ns,TO
Streptococcus_salivarius,0.115531327238735,Value,BL,T24,20,20,136,0.261,-0.0738668144133192,0.435012226101405,Wilcoxon,two.sided,0.955371308016878,-2.76141033709991,-2.93994004614412,-0.164267652278005,BL/T24,ns,ns,ns/ns,TO
Streptococcus_thermophilus,-0.109042175336906,Value,BL,T24,20,20,93,0.674,-0.289542606547221,0.273830433431584,Wilcoxon,two.sided,0.955371308016878,-2.8311906496273,-2.83920428134878,-0.00798169309095039,BL/T24,ns,ns,ns/ns,TO
Sutterella_sp_AM11_39,-0.0649340579386035,Value,BL,T24,20,20,93,0.674,-0.342799705931952,0.217013068271346,Wilcoxon,two.sided,0.955371308016878,-2.86585868431942,-2.82843603727863,0.0367394132740901,BL/T24,ns,ns,ns/ns,TO
Sutterella_wadsworthensis,0.0374934016224217,Value,BL,T24,20,20,111,0.841,-0.288647970556114,0.278493034331506,Wilcoxon,two.sided,0.986578231292517,-2.76021856385665,-2.71404394154211,0.0451402946486338,BL/T24,ns,ns,ns/ns,TO
Tyzzerella_nexilis,-0.0694407337370486,Value,BL,T24,20,20,95,0.729,-0.517647934851782,0.259690316932765,Wilcoxon,two.sided,0.965169960474308,-2.81800760972228,-2.67683476563185,0.132056544149117,BL/T24,ns,ns,ns/ns,TO
Veillonella_atypica,-0.0260158980050691,Value,BL,T24,20,20,99,0.841,-0.27186406545232,0.202877243345213,Wilcoxon,two.sided,0.986578231292517,-2.81298388790751,-2.78091698500879,0.0315634933483353,BL/T24,ns,ns,ns/ns,TO
Veillonella_dispar,0.143809342215436,Value,BL,T24,20,20,129,0.388,-0.219537847200853,0.476691295843273,Wilcoxon,two.sided,0.955371308016878,-2.76622487210943,-2.89221693732385,-0.118664482813824,BL/T24,ns,ns,ns/ns,TO
Veillonella_parvula,0.0882929745075238,Value,BL,T24,20,20,127,0.43,-0.162583061087607,0.40154835613719,Wilcoxon,two.sided,0.955371308016878,-2.81117085193241,-2.93925890256868,-0.120524209104125,BL/T24,ns,ns,ns/ns,TO
Veillonella_rogosae,0.0798747192346685,Value,BL,T24,20,20,121,0.571,-0.21263761751316,0.406691545318385,Wilcoxon,two.sided,0.955371308016878,-2.78173771015656,-2.95543748891661,-0.160160963626049,BL/T24,ns,ns,ns/ns,TO
Vescimonas_coprocola,-0.13114038862171,Value,BL,T24,20,20,79,0.349,-0.372692532389109,0.1422726600224,Wilcoxon,two.sided,0.955371308016878,-2.793244017407,-2.67400294921054,0.112650837938641,BL/T24,ns,ns,ns/ns,TO
Vescimonas_SGB15087,-0.0688266215883777,Value,BL,T24,20,20,93,0.674,-0.342021445876413,0.237089427753883,Wilcoxon,two.sided,0.955371308016878,-2.87217803735805,-2.68948180507956,0.167796774574833,BL/T24,ns,ns,ns/ns,TO
Victivallis_lenta,0.182254612167769,Value,BL,T24,20,20,137,0.245,-0.16962906193112,0.534666306582216,Wilcoxon,two.sided,0.955371308016878,-2.82339185279446,-3.01557026693834,-0.175782233737975,BL/T24,ns,ns,ns/ns,TO
Waltera_intestinalis,-0.0588777122525155,Value,BL,T24,20,20,92,0.648,-0.272099647507004,0.144636335114894,Wilcoxon,two.sided,0.955371308016878,-2.66679426404233,-2.58988885404492,0.0740915670167503,BL/T24,ns,ns,ns/ns,TO
